Date,FNGS,AAPL,META,GOOGL,AMZN,NFLX,NVDA,AVGO,PLTR,CRWD,MSFT,NOW,TSLA
2020-09-30,23.78274917602539,112.54134368896484,260.0832214355469,72.73046112060547,157.43649291992188,50.00299835205078,13.488572120666504,32.497596740722656,9.5,137.32000732421875,201.2930145263672,97.0,143.00332641601562
2020-10-01,24.19849967956543,113.49369812011719,264.78045654296875,73.83710479736328,161.06300354003906,52.750999450683594,13.572309494018555,32.879364013671875,9.460000038146973,142.8699951171875,203.33148193359375,98.50399780273438,149.3866729736328
2020-10-02,23.5,109.83009338378906,258.1368103027344,72.23421478271484,156.25,50.305999755859375,13.021773338317871,31.82948875427246,9.199999809265137,139.8699951171875,197.3308868408203,98.62999725341797,138.3633270263672
2020-10-05,24.0049991607666,113.21185302734375,262.8141784667969,73.58551025390625,159.9600067138672,52.064998626708984,13.600223541259766,32.656368255615234,9.029999732971191,144.8800048828125,201.34085083007812,100.35800170898438,141.89332580566406
2020-10-06,23.59025001525879,109.96614837646484,256.86572265625,72.00692749023438,154.9980010986328,50.58700180053711,13.693933486938477,32.46726608276367,9.899999618530273,145.1300048828125,197.0629425048828,98.30799865722656,137.9933319091797
2020-10-07,24.021249771118164,111.83196258544922,256.3294677734375,72.4098892211914,159.7845001220703,53.465999603271484,13.920729637145996,32.71346664428711,10.0,144.57000732421875,200.81446838378906,100.0,141.76666259765625
2020-10-08,24.094999313354492,111.72503662109375,261.9303283691406,73.61529541015625,159.52749633789062,53.17900085449219,13.795866966247559,33.3012809753418,10.0,142.97000122070312,201.5322723388672,99.30000305175781,141.97332763671875
2020-10-09,24.292499542236328,113.66861724853516,262.61553955078125,74.95614624023438,164.33250427246094,53.944000244140625,13.720101356506348,33.601898193359375,9.949999809265137,143.57000732421875,206.53753662109375,101.72200012207031,144.6666717529297
2020-10-12,25.13425064086914,120.88890075683594,273.837158203125,77.64285278320312,172.14649963378906,53.98099899291992,14.181915283203125,34.11301803588867,9.890000343322754,145.9600067138672,211.8874053955078,101.81800079345703,147.43333435058594
2020-10-13,25.112749099731445,117.6820297241211,274.2244873046875,77.76591491699219,172.18150329589844,55.409000396728516,14.204096794128418,34.02916717529297,9.470000267028809,152.8000030517578,213.28465270996094,103.66000366210938,148.88333129882812
2020-10-14,25.034500122070312,117.76951599121094,269.9344482421875,77.58578491210938,168.1855010986328,54.14500045776367,14.051570892333984,33.92302322387695,9.34000015258789,147.7899932861328,211.37057495117188,103.37799835205078,153.76666259765625
2020-10-15,24.725000381469727,117.30305480957031,264.8698425292969,77.19026947021484,166.9324951171875,54.194000244140625,13.92671012878418,33.8900260925293,9.90999984741211,145.36000061035156,210.22215270996094,104.13600158691406,149.6266632080078
2020-10-16,24.594999313354492,115.6607666015625,264.08526611328125,77.79718780517578,163.635498046875,53.07899856567383,13.76870059967041,33.775848388671875,9.710000038146973,145.33999633789062,210.22215270996094,104.9739990234375,146.55667114257812
2020-10-19,24.210750579833984,112.70654296875,259.586669921875,75.92384338378906,160.36050415039062,53.071998596191406,13.45592212677002,33.51893997192383,9.569999694824219,144.66000366210938,205.015869140625,104.38999938964844,143.61000061035156
2020-10-20,24.403749465942383,114.19336700439453,265.7039794921875,76.97241973876953,160.85049438476562,52.54199981689453,13.603216171264648,33.62776184082031,9.270000457763672,142.63999938964844,205.4274139404297,103.63800048828125,140.64666748046875
2020-10-21,24.59749984741211,113.57140350341797,276.7965087890625,78.70482635498047,159.2469940185547,48.904998779296875,13.482839584350586,33.18711853027344,9.199999809265137,135.13999938964844,205.5709686279297,102.05599975585938,140.8800048828125
2020-10-22,24.503999710083008,112.48304748535156,276.1907043457031,79.73058319091797,158.82000732421875,48.52299880981445,13.319596290588379,33.30486297607422,9.680000305175781,134.5399932861328,205.65708923339844,101.19200134277344,141.92999267578125
2020-10-23,24.694250106811523,111.79308319091797,282.8144836425781,81.03670501708984,160.22000122070312,48.827999114990234,13.548136711120605,33.24687957763672,9.489999771118164,135.4199981689453,206.9395294189453,102.802001953125,140.2100067138672
2020-10-26,24.260000228881836,111.80279541015625,275.1877136230469,78.62046813964844,160.3520050048828,48.82400131225586,13.1005277633667,32.38343048095703,9.949999809265137,133.0800018310547,201.0537872314453,100.3219985961914,140.0933380126953
2020-10-27,24.88574981689453,113.30904388427734,281.3248596191406,79.34449768066406,164.31649780273438,48.893001556396484,13.355237007141113,32.07657241821289,10.949999809265137,133.47999572753906,204.08755493164062,99.96199798583984,141.55999755859375
2020-10-28,23.85099983215332,108.06146240234375,265.8132019042969,74.9735107421875,158.13900756835938,48.624000549316406,12.587871551513672,30.97136878967285,10.850000381469727,131.57000732421875,193.9716796875,96.80999755859375,135.33999633789062
2020-10-29,24.517499923706055,112.06517791748047,278.8819274902344,77.26024627685547,160.55050659179688,50.42100143432617,12.983642578125,31.667129516601562,10.75,127.36000061035156,195.92404174804688,102.11799621582031,136.94332885742188
2020-10-30,23.211999893188477,105.78751373291016,261.2847900390625,80.19952392578125,151.8074951171875,47.57400131225586,12.495159149169922,31.187238693237305,10.130000114440918,123.83999633789062,193.7707061767578,99.51399993896484,129.34666442871094
2020-11-02,23.27025032043457,105.70004272460938,259.5469665527344,80.60696411132812,150.2239990234375,48.4119987487793,12.541764259338379,31.331745147705078,10.539999961853027,124.47000122070312,193.63673400878906,95.19999694824219,133.50332641601562
2020-11-03,23.59174919128418,107.32292938232422,263.45965576171875,81.66595458984375,152.42050170898438,48.72200012207031,12.979153633117676,31.55562973022461,10.5,126.86000061035156,197.56057739257812,96.01000213623047,141.3000030517578
2020-11-04,24.563499450683594,111.70560455322266,285.3864440917969,86.63789367675781,162.05799865722656,49.69499969482422,13.751503944396973,32.5252571105957,10.720000267028809,136.32000732421875,207.09262084960938,102.71600341796875,140.32666015625
2020-11-05,25.112499237060547,115.67046356201172,292.6358337402344,87.46414947509766,166.10000610351562,51.375999450683594,14.116121292114258,33.9738655090332,11.880000114440918,138.9199981689453,213.6961669921875,106.21600341796875,146.02999877929688
2020-11-06,25.174999237060547,115.53905487060547,291.3746643066406,87.3266830444336,165.56849670410156,51.472999572753906,14.516877174377441,33.951568603515625,13.829999923706055,141.7899932861328,214.1077117919922,107.03600311279297,143.31666564941406
2020-11-09,24.456249237060547,113.23196411132812,276.836181640625,87.4105453491211,157.18699645996094,47.04999923706055,13.588509559631348,33.49842071533203,14.670000076293945,126.55000305175781,209.0066680908203,100.39199829101562,140.4199981689453
2020-11-10,23.7549991607666,112.89126586914062,270.5401916503906,86.23444366455078,151.75100708007812,48.02399826049805,12.730426788330078,32.39144515991211,14.0,123.5,201.94374084472656,96.25599670410156,136.7866668701172
2020-11-11,24.223249435424805,116.31781768798828,274.5621337890625,86.70637512207031,156.8695068359375,49.07600021362305,13.376419067382812,33.53232955932617,15.960000038146973,130.9600067138672,207.24578857421875,100.6719970703125,139.0433349609375
2020-11-12,24.07175064086914,116.04524993896484,273.17181396484375,86.48751831054688,155.51400756835938,48.676998138427734,13.415050506591797,33.022098541259766,14.579999923706055,137.3000030517578,206.1834259033203,101.95600128173828,137.25332641601562
2020-11-13,24.126249313354492,116.09391784667969,275.0288391113281,87.94849395751953,156.4405059814453,48.284000396728516,13.2557954788208,33.31645965576172,15.800000190734863,132.17999267578125,207.20745849609375,101.60199737548828,136.1666717529297
2020-11-16,24.165250778198242,117.10633087158203,277.0248718261719,88.03632354736328,156.55299377441406,47.90999984741211,13.473368644714355,33.968509674072266,15.930000305175781,131.5800018310547,207.8965301513672,100.45600128173828,136.02999877929688
2020-11-17,24.230749130249023,116.22046661376953,273.0923767089844,87.4224624633789,156.7830047607422,48.0629997253418,13.380658149719238,33.94979476928711,17.850000381469727,137.77999877929688,205.2455291748047,102.62000274658203,147.20333862304688
2020-11-18,24.365999221801758,114.89656829833984,270.0833740234375,86.37934112548828,155.2729949951172,48.17900085449219,13.38713550567627,33.951568603515625,17.899999618530273,137.67999267578125,202.53964233398438,101.42400360107422,162.2133331298828
2020-11-19,24.405500411987305,115.49038696289062,271.0466613769531,87.26911163330078,155.8509979248047,48.46699905395508,13.398599624633789,34.28250503540039,18.979999542236328,143.75999450683594,203.82542419433594,102.86599731445312,166.42333984375
2020-11-20,24.35849952697754,114.2248764038086,267.8291015625,86.16793060302734,154.97000122070312,48.82400131225586,13.047195434570312,34.193302154541016,18.149999618530273,145.72000122070312,201.87754821777344,103.61199951171875,163.20333862304688
2020-11-23,24.315000534057617,110.82755279541016,266.5679016113281,85.7302474975586,154.91949462890625,47.6619987487793,13.09928035736084,34.520668029785156,21.040000915527344,147.5399932861328,201.60891723632812,104.4219970703125,173.9499969482422
2020-11-24,24.769250869750977,112.11250305175781,274.9990234375,87.53362274169922,155.9029998779297,48.28799819946289,12.91759967803955,34.987186431884766,23.81999969482422,149.4499969482422,205.2071533203125,102.93800354003906,185.1266632080078
2020-11-25,25.071250915527344,112.94966125488281,273.67828369140625,87.54502868652344,159.2534942626953,48.5,13.193737983703613,34.8623046875,29.049999237060547,149.9600067138672,205.21678161621094,103.84400177001953,191.3333282470703
2020-11-27,25.289249420166016,113.49479675292969,275.8828430175781,88.68094635009766,159.76699829101562,49.13600158691406,13.2201566696167,35.229820251464844,27.65999984741211,150.8300018310547,206.521728515625,105.49600219726562,195.25332641601562
2020-11-30,25.052000045776367,115.88951110839844,275.0487365722656,87.06217956542969,158.40199279785156,49.06999969482422,13.359970092773438,35.821224212646484,27.110000610351562,153.27999877929688,205.40869140625,106.91000366210938,189.1999969482422
2020-12-01,25.542999267578125,119.4620590209961,284.5622253417969,89.0948257446289,161.00399780273438,50.45800018310547,13.348506927490234,36.08792495727539,25.670000076293945,147.5,207.46212768554688,107.91799926757812,194.9199981689453
2020-12-02,25.591999053955078,119.8125,285.5255126953125,90.56422424316406,160.17649841308594,50.3380012512207,13.502528190612793,36.01299285888672,22.510000228881836,141.83999633789062,206.65609741210938,105.30400085449219,189.60667419433594
2020-12-03,25.65999984741211,119.67623138427734,279.89483642578125,90.40889739990234,159.3365020751953,49.75199890136719,13.35843276977539,35.66243362426758,24.030000686645508,161.19000244140625,205.57179260253906,105.0479965209961,197.7933349609375
2020-12-04,25.717500686645508,119.0045394897461,277.759765625,90.5041732788086,158.12899780273438,49.83100128173828,13.520228385925293,36.72214126586914,23.850000381469727,167.25999450683594,205.68692016601562,105.13999938964844,199.67999267578125
2020-12-07,26.039749145507812,120.4647216796875,283.59893798828125,90.17020416259766,157.89999389648438,51.577999114990234,13.56859302520752,37.54368209838867,28.940000534057617,170.72000122070312,205.61978149414062,106.6500015258789,213.9199981689453
2020-12-08,26.04425048828125,121.07798767089844,281.4340515136719,89.88733673095703,158.864501953125,51.26599884033203,13.31256103515625,37.76846694946289,28.59000015258789,177.47999572753906,207.2701873779297,108.44999694824219,216.6266632080078
2020-12-09,25.54924964904785,118.54703521728516,275.9920959472656,88.22639465332031,155.2100067138672,49.36000061035156,12.894487380981445,37.12710952758789,26.6299991607666,166.1699981689453,203.23056030273438,105.5979995727539,201.4933319091797
2020-12-10,26.043750762939453,119.96825408935547,275.1976623535156,87.71971130371094,155.07449340820312,50.10900115966797,12.935872077941895,36.575843811035156,27.040000915527344,179.99000549316406,202.00233459472656,107.5999984741211,209.02333068847656
2020-12-11,25.99625015258789,119.1603012084961,271.6524353027344,88.07453155517578,155.8209991455078,50.321998596191406,12.97675895690918,36.19941711425781,27.200000762939453,175.9199981689453,204.6314239501953,107.47200012207031,203.3300018310547
2020-12-14,26.315500259399414,118.54703521728516,272.2879638671875,86.95598602294922,157.84849548339844,52.242000579833984,13.271429061889648,36.732845306396484,27.239999771118164,173.8000030517578,205.53341674804688,106.49600219726562,213.27667236328125
2020-12-15,26.862499237060547,124.48506927490234,273.6385192871094,87.3936767578125,158.25599670410156,51.97800064086914,13.323033332824707,37.29124450683594,26.43000030517578,174.92999267578125,205.46624755859375,105.47599792480469,211.0833282470703
2020-12-16,27.068500518798828,124.41694641113281,273.7577209472656,87.20063018798828,162.04800415039062,52.483001708984375,13.205363273620605,37.90138244628906,25.920000076293945,179.7899932861328,210.40789794921875,109.0,207.58999633789062
2020-12-17,27.323749542236328,125.2833251953125,272.5759582519531,86.37288665771484,161.8040008544922,53.290000915527344,13.303838729858398,38.0084114074707,27.229999542236328,185.25,210.542236328125,110.81400299072266,218.63333129882812
2020-12-18,27.311500549316406,123.29747772216797,274.482666015625,85.66374969482422,160.08250427246094,53.44499969482422,13.234781265258789,39.09334945678711,25.969999313354492,203.75,209.7458038330078,113.08599853515625,231.6666717529297
2020-12-21,27.249500274658203,124.82577514648438,270.89776611328125,86.07762145996094,160.3090057373047,52.89099884033203,13.294862747192383,38.58236312866211,28.510000228881836,210.64999389648438,213.58392333984375,110.16400146484375,216.6199951171875
2020-12-22,27.149499893188477,128.37889099121094,265.2372131347656,85.36599731445312,160.3260040283203,52.733001708984375,13.241012573242188,38.96200180053711,28.040000915527344,224.89999389648438,214.87936401367188,112.34400177001953,213.44667053222656
2020-12-23,27.0625,127.4832992553711,266.2501220703125,85.76348876953125,159.2635040283203,51.448001861572266,12.97276782989502,38.27470397949219,28.690000534057617,223.5,212.07748413085938,110.01200103759766,215.32666015625
2020-12-24,26.72249984741211,128.46649169921875,265.54510498046875,86.05776977539062,158.63450622558594,51.39699935913086,12.957310676574707,38.81446075439453,27.75,221.1199951171875,213.73748779296875,110.77799987792969,220.58999633789062
2020-12-28,27.147499084472656,133.0611572265625,275.0785217285156,88.03284454345703,164.197998046875,51.9119987487793,12.863824844360352,38.85224914550781,25.6299991607666,212.5500030517578,215.85806274414062,108.74800109863281,221.22999572753906
2020-12-29,27.34950065612793,131.2895050048828,274.8600158691406,87.22892761230469,166.10000610351562,53.08700180053711,12.906952857971191,38.59675216674805,24.65999984741211,205.92999267578125,215.080810546875,109.19599914550781,221.99667358398438
2020-12-30,27.72450065612793,130.17007446289062,269.98406982421875,86.16148376464844,164.29249572753906,52.45899963378906,13.108887672424316,39.11763381958008,25.100000381469727,210.2899932861328,212.7107696533203,109.47599792480469,231.5933380126953
2020-12-31,27.6924991607666,129.1674041748047,271.2651062011719,86.97484588623047,162.84649658203125,54.073001861572266,13.018389701843262,39.389312744140625,23.549999237060547,211.82000732421875,213.4208221435547,110.08599853515625,235.22332763671875
2021-01-04,27.464000701904297,125.97443389892578,267.0744323730469,85.6592788696289,159.3314971923828,52.2859992980957,13.076725006103516,38.25310134887695,23.3700008392334,200.49000549316406,208.88221740722656,105.36599731445312,243.2566680908203
2021-01-05,27.68975067138672,127.5319595336914,269.0903015136719,86.35006713867188,160.92550659179688,52.08000183105469,13.367158889770508,38.51219940185547,24.600000381469727,211.24000549316406,209.08370971679688,106.39399719238281,245.0366668701172
2021-01-06,26.945749282836914,123.23905181884766,261.48345947265625,85.49799346923828,156.91900634765625,50.04899978637695,12.579124450683594,38.27470397949219,23.540000915527344,208.85000610351562,203.6623077392578,101.44999694824219,251.9933319091797
2021-01-07,27.622499465942383,127.44435119628906,266.87579345703125,88.05170440673828,158.10800170898438,50.888999938964844,13.30657958984375,39.88768768310547,25.0,221.47000122070312,209.45794677734375,102.28199768066406,272.0133361816406
2021-01-08,28.460250854492188,128.5443878173828,265.7138977050781,89.21739196777344,159.13499450683594,51.040000915527344,13.239517211914062,40.0900993347168,25.200000762939453,223.72999572753906,210.73411560058594,105.9280014038086,293.3399963378906
2021-01-11,27.34000015258789,125.55587768554688,255.058349609375,87.15597534179688,155.7104949951172,49.90999984741211,13.583300590515137,40.10090255737305,25.93000030517578,232.24000549316406,208.6903533935547,104.61199951171875,270.39666748046875
2021-01-12,27.587499618530273,125.38066101074219,249.34820556640625,86.22003936767578,156.04150390625,49.42499923706055,13.446932792663574,40.427459716796875,26.18000030517578,233.58999633789062,206.23388671875,102.64199829101562,283.14666748046875
2021-01-13,27.84149932861328,127.41516876220703,249.89439392089844,86.7073745727539,158.29449462890625,50.77899932861328,13.493802070617676,40.5911865234375,25.5,226.4199981689453,207.58680725097656,104.34200286865234,284.8033447265625
2021-01-14,27.725749969482422,125.48772430419922,243.93601989746094,85.89697265625,156.37350463867188,50.08599853515625,13.163232803344727,40.66855239868164,24.920000076293945,225.6199951171875,204.4011688232422,102.86799621582031,281.6666564941406
2021-01-15,27.396499633789062,123.76472473144531,249.61634826660156,85.73322296142578,155.21249389648438,49.79800033569336,12.82343864440918,40.10900115966797,25.639999389648438,219.50999450683594,204.0460968017578,102.75199890136719,275.38665771484375
2021-01-19,28.015249252319336,124.43641662597656,259.28875732421875,88.55441284179688,156.03799438476562,50.176998138427734,12.988724708557129,41.316261291503906,26.6200008392334,221.9199981689453,207.68280029296875,103.88400268554688,281.51666259765625
2021-01-20,29.375,128.52487182617188,265.62457275390625,93.29856872558594,163.16900634765625,58.63399887084961,13.328269958496094,41.551063537597656,26.34000015258789,226.3300018310547,215.2631072998047,108.43800354003906,283.48333740234375
2021-01-21,29.393749237060547,133.23643493652344,270.97711181640625,93.50102996826172,165.34950256347656,57.98400115966797,13.828612327575684,41.99547576904297,25.979999542236328,221.0,215.86766052246094,108.86599731445312,281.663330078125
2021-01-22,29.43174934387207,135.3780059814453,272.5957946777344,93.91837310791016,164.6114959716797,56.516998291015625,13.67404556274414,41.83354187011719,32.58000183105469,223.52000427246094,216.8079833984375,108.21800231933594,282.21331787109375
2021-01-25,29.676000595092773,139.1257781982422,276.0814514160156,94.00373077392578,164.6999969482422,55.678001403808594,13.614960670471191,41.81284713745117,36.22999954223633,217.49000549316406,220.2431640625,107.57599639892578,293.6000061035156
2021-01-26,29.78849983215332,139.35943603515625,280.0934143066406,94.68211364746094,166.30650329589844,56.19300079345703,13.39757251739502,41.73008728027344,35.369998931884766,206.8000030517578,222.92990112304688,106.49199676513672,294.36334228515625
2021-01-27,28.80900001525879,138.2886199951172,270.2522277832031,90.26498413085938,161.62899780273438,52.327999114990234,12.881525039672852,40.00554656982422,39.0,200.92999267578125,223.47679138183594,103.30000305175781,288.0533447265625
2021-01-28,28.915000915527344,133.45054626464844,263.1617126464844,91.96514129638672,161.88099670410156,53.86000061035156,13.014402389526367,40.63886260986328,35.65999984741211,212.49000549316406,229.2628173828125,110.8479995727539,278.4766540527344
2021-01-29,28.264999389648438,128.45677185058594,256.5379943847656,90.68282318115234,160.30999755859375,53.23899841308594,12.953323364257812,40.52730941772461,35.18000030517578,215.8000030517578,222.57484436035156,108.63200378417969,264.510009765625
2021-02-01,29.12150001525879,130.57888793945312,260.1924743652344,93.94367980957031,167.1439971923828,53.90399932861328,13.199881553649902,41.988277435302734,33.959999084472656,215.00999450683594,229.95372009277344,111.71199798583984,279.9366760253906
2021-02-02,29.56999969482422,131.40631103515625,265.2272644042969,95.23641967773438,169.0,54.816001892089844,13.518732070922852,42.900474548339844,31.020000457763672,219.63999938964844,229.81935119628906,116.7020034790039,290.92999267578125
2021-02-03,29.73150062561035,130.3842010498047,264.80029296875,102.1720199584961,165.62649536132812,53.94499969482422,13.492555618286133,41.84884262084961,31.760000228881836,218.1199951171875,233.1681365966797,115.33000183105469,284.89666748046875
2021-02-04,30.065250396728516,133.7426300048828,264.6413879394531,101.91148376464844,166.5500030517578,55.215999603271484,13.625932693481445,42.33822250366211,32.04999923706055,224.00999450683594,232.21820068359375,117.7959976196289,283.3299865722656
2021-02-05,30.28325080871582,133.32826232910156,266.2402648925781,103.65828704833984,167.6074981689453,55.07899856567383,13.552889823913574,41.922607421875,34.04999923706055,223.52999877929688,232.4005584716797,117.94599914550781,284.07666015625
2021-02-08,30.60325050354004,133.4744873046875,264.73077392578125,103.44439697265625,166.14700317382812,54.79199981689453,14.398261070251465,42.524436950683594,36.04999923706055,222.36000061035156,232.65960693359375,117.58200073242188,287.8066711425781
2021-02-09,30.952499389648438,132.59710693359375,267.58087158203125,102.99132537841797,165.25,55.90700149536133,14.223251342773438,42.69806671142578,38.16999816894531,223.72000122070312,233.9070281982422,116.35600280761719,283.1533203125
2021-02-10,31.425249099731445,131.99266052246094,269.98406982421875,103.54165649414062,164.32899475097656,56.35900115966797,14.722845077514648,42.28604507446289,35.70000076293945,231.35000610351562,232.9954376220703,117.87200164794922,268.2733459472656
2021-02-11,31.59749984741211,131.73919677734375,268.51434326171875,103.6543197631836,163.10650634765625,55.75899887084961,15.20798110961914,43.03632354736328,33.11000061035156,234.8000030517578,234.59788513183594,118.89399719238281,270.5533447265625
2021-02-12,31.790000915527344,131.97312927246094,268.6235656738281,103.9659652709961,163.885498046875,55.652000427246094,14.919295310974121,43.74970626831055,31.90999984741211,242.10000610351562,235.07765197753906,118.25800323486328,272.0400085449219
2021-02-16,32.117000579833984,129.8478546142578,272.06951904296875,104.74359893798828,163.44749450683594,55.72800064086914,15.287259101867676,44.00250244140625,27.84000015258789,242.4199981689453,233.83982849121094,117.14800262451172,265.40667724609375
2021-02-17,31.790000915527344,127.5568618774414,271.6722412109375,105.13661193847656,165.4320068359375,55.13399887084961,14.864198684692383,43.404258728027344,27.079999923706055,238.55999755859375,234.85928344726562,116.18800354003906,266.04998779296875
2021-02-18,31.350000381469727,126.4552230834961,267.52130126953125,104.50091552734375,166.4114990234375,54.821998596191406,14.787413597106934,43.47442626953125,25.170000076293945,239.25,234.46495056152344,115.16000366210938,262.4599914550781
2021-02-19,31.67799949645996,126.61116027832031,259.74554443359375,103.65729522705078,162.4949951171875,54.02199935913086,14.88464069366455,44.0771598815918,29.0,239.1999969482422,231.75283813476562,114.14600372314453,260.4333190917969
2021-02-22,30.822999954223633,122.8382797241211,258.5241394042969,101.94274139404297,159.03700256347656,53.37799835205078,14.3154935836792,42.853702545166016,28.0,225.8300018310547,225.53994750976562,110.052001953125,238.1666717529297
2021-02-23,30.8700008392334,122.7017822265625,264.0157775878906,102.23355102539062,159.72500610351562,54.6150016784668,14.102341651916504,42.45247268676758,26.75,218.38999938964844,224.3473663330078,110.3499984741211,232.94667053222656
2021-02-24,30.68199920654297,122.20458221435547,262.4765319824219,103.40916442871094,157.97650146484375,55.340999603271484,14.45833969116211,43.26032638549805,26.389999389648438,216.60000610351562,225.57838439941406,110.36599731445312,247.33999633789062
2021-02-25,29.7450008392334,117.95399475097656,252.92327880859375,100.04161071777344,152.85800170898438,54.66999816894531,13.270180702209473,41.12644958496094,23.959999084472656,208.66000366210938,220.23109436035156,105.75800323486328,227.4066619873047
2021-02-26,29.75,118.21720886230469,255.8329315185547,100.33737182617188,154.64649963378906,53.8849983215332,13.676041603088379,42.26985549926758,23.899999618530273,216.0,223.49142456054688,106.69200134277344,225.1666717529297
2021-03-01,30.579999923706055,124.58336639404297,263.0723571777344,102.70697021484375,157.3070068359375,55.06399917602539,13.802933692932129,44.042972564697266,24.809999465942383,223.39999389648438,227.8769989013672,111.29399871826172,239.47666931152344
2021-03-02,29.979999542236328,121.9803695678711,257.2033386230469,102.44992065429688,154.72650146484375,54.78200149536133,13.368654251098633,43.22704315185547,24.479999542236328,222.10000610351562,224.92437744140625,109.86000061035156,228.81333923339844
2021-03-03,28.84000015258789,118.99713897705078,253.63827514648438,99.81632232666016,150.25,52.06999969482422,12.768842697143555,41.65721893310547,23.59000015258789,210.6199951171875,218.8557891845703,103.19999694824219,217.73333740234375
2021-03-04,28.084999084472656,117.1155776977539,255.85281372070312,100.93387603759766,148.8784942626953,51.12900161743164,12.335562705993652,39.90569305419922,24.729999542236328,192.99000549316406,218.05747985839844,98.1259994506836,207.14666748046875
2021-03-05,28.309999465942383,118.37319946289062,262.44671630859375,104.06719207763672,150.0229949951172,51.638999938964844,12.426552772521973,40.494930267333984,23.950000762939453,183.1199951171875,222.7412567138672,97.39199829101562,199.31666564941406
2021-03-08,26.850000381469727,113.44014739990234,253.53895568847656,99.62227630615234,147.59750366210938,49.33300018310547,11.56074047088623,37.89596176147461,22.520000457763672,179.75,218.69227600097656,92.80999755859375,187.6666717529297
2021-03-09,28.639999389648438,118.05149841308594,263.8965759277344,101.25296783447266,153.1425018310547,50.64400100708008,12.489448547363281,39.90658187866211,24.260000228881836,199.10000610351562,224.83786010742188,97.79000091552734,224.52667236328125
2021-03-10,28.260000228881836,116.96934509277344,263.0623779296875,101.0460205078125,152.8820037841797,50.45399856567383,12.437575340270996,39.36591720581055,24.75,194.86000061035156,223.5298614501953,94.80000305175781,222.68666076660156
2021-03-11,29.347000122070312,118.8996353149414,271.9801025390625,104.23939514160156,155.67950439453125,52.305999755859375,12.961535453796387,40.814292907714844,26.729999542236328,205.8000030517578,228.05967712402344,100.5739974975586,233.1999969482422
2021-03-12,28.854000091552734,117.99298095703125,266.53814697265625,101.7313461303711,154.47450256347656,51.801998138427734,12.824374198913574,40.58759307861328,26.920000076293945,199.0,226.73252868652344,97.84400177001953,231.2433319091797
2021-03-15,29.239999771118164,120.87871551513672,271.8510437011719,101.9516830444336,154.08399963378906,52.025001525878906,13.15880012512207,42.35081100463867,26.790000915527344,200.5500030517578,225.82846069335938,99.35399627685547,235.97999572753906
2021-03-16,29.22800064086914,122.4190673828125,277.3426818847656,103.41314697265625,154.59300231933594,52.40299987792969,13.258549690246582,43.01742935180664,25.610000610351562,196.30999755859375,228.6175537109375,99.7979965209961,225.6266632080078
2021-03-17,29.6299991607666,121.62939453125,282.0398864746094,103.33026123046875,156.7864990234375,52.444000244140625,13.308429718017578,43.504112243652344,25.209999084472656,208.02999877929688,227.97314453125,97.0,233.93666076660156
2021-03-18,28.632999420166016,117.50553131103516,276.687255859375,100.30909729003906,151.39950561523438,50.479000091552734,12.691202163696289,41.755279541015625,23.979999542236328,190.2100067138672,221.89492797851562,93.23600006103516,217.72000122070312
2021-03-19,28.738000869750977,116.97908020019531,288.0975341796875,100.58798217773438,153.7480010986328,51.21799850463867,12.81414794921875,43.01641082763672,24.31999969482422,194.6300048828125,221.5390625,94.16799926757812,218.2899932861328
2021-03-22,29.1200008392334,120.29377746582031,291.5037536621094,100.77308654785156,155.5435028076172,52.31100082397461,13.153810501098633,43.090755462646484,24.219999313354492,195.72999572753906,226.96334838867188,95.33000183105469,223.3333282470703
2021-03-23,29.0,119.46509552001953,288.61395263671875,101.30110168457031,156.875,53.50899887084961,13.038594245910645,42.07350540161133,23.260000228881836,190.60000610351562,228.4924774169922,95.63400268554688,220.72000122070312
2021-03-24,28.079999923706055,117.07657623291016,280.1828308105469,100.86439514160156,154.35350036621094,52.08100128173828,12.611894607543945,41.45790100097656,21.8799991607666,181.60000610351562,226.45359802246094,94.46399688720703,210.08999633789062
2021-03-25,27.489999771118164,117.56401062011719,276.806396484375,100.86093139648438,152.31300354003906,50.2859992980957,12.504408836364746,41.85953903198242,22.579999923706055,179.16000366210938,223.45294189453125,94.43599700927734,213.4633331298828
2021-03-26,27.5,118.16846466064453,281.05670166015625,100.47733306884766,152.60150146484375,50.80500030517578,12.807662963867188,43.70363998413086,22.579999923706055,177.68499755859375,227.43455505371094,99.0,206.23666381835938
2021-03-29,27.763999938964844,118.34396362304688,288.8025817871094,101.52242279052734,153.7864990234375,51.39500045776367,12.91639518737793,42.8495979309082,21.729999542236328,173.85000610351562,226.24200439453125,97.0780029296875,203.76333618164062
2021-03-30,27.84000015258789,116.89134216308594,286.002197265625,101.55616760253906,152.76449584960938,51.3390007019043,12.84008502960205,41.357276916503906,22.040000915527344,175.27999877929688,222.98167419433594,97.51399993896484,211.8733367919922
2021-03-31,28.384000778198242,119.08487701416016,292.4869079589844,102.35265350341797,154.70399475097656,52.16600036621094,13.315411567687988,42.0372428894043,23.290000915527344,182.50999450683594,226.75172424316406,100.02200317382812,222.64332580566406
2021-04-01,28.770999908447266,119.91355895996094,296.5882568359375,105.6904296875,158.0500030517578,53.94200134277344,13.777771949768066,43.15150451660156,23.06999969482422,187.02999877929688,233.080078125,101.4020004272461,220.5833282470703
2021-04-05,29.329999923706055,122.74078369140625,306.76715087890625,110.1159896850586,161.3365020751953,54.06700134277344,13.953089714050293,44.28752899169922,23.440000534057617,186.6199951171875,239.5430145263672,102.80400085449219,230.35000610351562
2021-04-06,29.540000915527344,123.04300689697266,304.135498046875,109.63462829589844,161.1909942626953,54.452999114990234,13.827399253845215,43.86955642700195,23.270000457763672,194.3800048828125,238.37930297851562,101.81600189208984,230.5399932861328
2021-04-07,29.715999603271484,124.69059753417969,310.91815185546875,111.11196899414062,163.96949768066406,54.69900131225586,14.108705520629883,43.74171829223633,22.899999618530273,193.92999267578125,240.3412628173828,102.14600372314453,223.6566619873047
2021-04-08,30.110000610351562,127.08885955810547,310.8486022949219,111.67769622802734,164.96499633789062,55.45800018310547,14.281781196594238,44.015533447265625,23.40999984741211,203.4499969482422,243.5631103515625,104.80799865722656,227.93333435058594
2021-04-09,30.18000030517578,129.66259765625,310.2925109863281,112.68209838867188,168.61000061035156,55.53099822998047,14.364575386047363,43.98017883300781,24.040000915527344,202.67999267578125,246.0636749267578,106.0,225.67333984375
2021-04-12,30.510000228881836,127.94680786132812,309.37890625,111.38936614990234,168.96949768066406,55.27799987792969,15.171584129333496,43.8514289855957,23.34000015258789,203.99000549316406,246.12136840820312,107.4000015258789,233.9933319091797
2021-04-13,31.1299991607666,131.0567169189453,307.6112365722656,111.8761978149414,170.0,55.37300109863281,15.640925407409668,43.968379974365234,25.420000076293945,216.35000610351562,248.60269165039062,109.78600311279297,254.10667419433594
2021-04-14,30.329999923706055,128.71693420410156,300.7193603515625,111.2548828125,166.64999389648438,54.00199890136719,15.239418983459473,43.273902893066406,23.700000762939453,208.1999969482422,245.81361389160156,108.96800231933594,244.07666015625
2021-04-15,30.8799991607666,131.12496948242188,305.6847229003906,113.40563201904297,168.95449829101562,54.922000885009766,16.097551345825195,43.51869201660156,23.149999618530273,213.10000610351562,249.57406616210938,111.87000274658203,246.28334045410156
2021-04-16,30.770000457763672,130.7935028076172,304.0560302734375,113.28158569335938,169.9720001220703,54.65399932861328,15.8733549118042,43.40898513793945,22.469999313354492,215.1999969482422,250.76661682128906,111.38200378417969,246.5933380126953
2021-04-19,30.469999313354492,131.45645141601562,300.14337158203125,113.62944793701172,168.60049438476562,55.444000244140625,15.323959350585938,41.886741638183594,21.940000534057617,213.3699951171875,248.84310913085938,109.8740005493164,238.2100067138672
2021-04-20,30.058000564575195,129.76988220214844,300.5505065917969,113.09597778320312,166.7344970703125,54.957000732421875,15.133927345275879,41.45699691772461,21.780000686645508,206.60000610351562,248.38150024414062,108.15599822998047,239.663330078125
2021-04-21,30.1200008392334,130.1500701904297,299.3787841796875,113.06324005126953,168.1009979248047,50.88999938964844,15.322712898254395,41.68636703491211,22.6299991607666,210.3699951171875,250.61276245117188,109.29399871826172,248.0399932861328
2021-04-22,29.577999114990234,128.62921142578125,294.46307373046875,111.78141021728516,165.45199584960938,50.87799835205078,14.81371784210205,41.26206970214844,22.860000610351562,216.72999572753906,247.33319091796875,109.697998046875,239.89666748046875
2021-04-23,30.150999069213867,130.9495086669922,299.0411376953125,114.13414001464844,167.04400634765625,50.55500030517578,15.22769546508789,42.26118087768555,23.40999984741211,219.3000030517578,251.1609649658203,110.54000091552734,243.13333129882812
2021-04-26,30.277000427246094,131.33944702148438,300.93780517578125,114.63038635253906,170.4499969482422,51.029998779296875,15.439922332763672,42.779781341552734,24.110000610351562,224.47000122070312,251.54556274414062,111.84200286865234,246.06666564941406
2021-04-27,30.1200008392334,131.0177764892578,301.46417236328125,113.68999481201172,170.8715057373047,50.55500030517578,15.343907356262207,42.2811279296875,23.8799991607666,221.25,251.9496307373047,112.5260009765625,234.913330078125
2021-04-28,30.19499969482422,130.2280731201172,304.96966552734375,117.06746673583984,172.9250030517578,50.652000427246094,15.239169120788574,41.63288497924805,23.850000381469727,220.24000549316406,244.82301330566406,111.447998046875,231.46665954589844
2021-04-29,30.291000366210938,130.1305694580078,327.2242736816406,118.7408218383789,173.5655059814453,50.900001525878906,15.28704833984375,42.27568435668945,23.3700008392334,211.52999877929688,242.85142517089844,101.0,225.6666717529297
2021-04-30,29.742000579833984,128.16127014160156,322.824951171875,116.79255676269531,173.37100219726562,51.34700012207031,14.972575187683105,41.36089324951172,23.040000915527344,208.50999450683594,242.53407287597656,101.27400207519531,236.47999572753906
2021-05-03,29.459999084472656,129.21414184570312,320.3423156738281,116.27545928955078,169.32449340820312,50.9109992980957,14.800249099731445,40.81146240234375,22.299999237060547,205.1199951171875,242.22628784179688,98.06400299072266,228.3000030517578
2021-05-04,28.809999465942383,124.64183807373047,316.15155029296875,114.4765396118164,165.593505859375,50.31800079345703,14.31594467163086,40.30375289916992,21.639999389648438,197.7899932861328,238.31199645996094,96.66000366210938,224.53334045410156
2021-05-05,28.670000076293945,124.88558959960938,312.8347473144531,114.8705825805664,163.52699279785156,49.608001708984375,14.422931671142578,40.239376068115234,21.149999618530273,193.24000549316406,237.04248046875,95.99400329589844,223.64666748046875
2021-05-06,28.75,126.48442840576172,317.800048828125,115.9911117553711,165.31849670410156,49.95500183105469,14.487273216247559,40.67003631591797,20.09000015258789,187.07000732421875,240.1777801513672,97.16799926757812,221.17999267578125
2021-05-07,28.892000198364258,127.15828704833984,316.8665466308594,116.71463012695312,164.58050537109375,50.38399887084961,14.775808334350586,41.03269577026367,19.75,189.17999267578125,242.80337524414062,96.7020034790039,224.1233367919922
2021-05-10,27.760000228881836,123.87699127197266,303.8475646972656,113.72820281982422,159.52450561523438,48.66899871826172,14.230653762817383,39.538551330566406,18.469999313354492,187.5800018310547,237.72531127929688,93.36000061035156,209.67999267578125
2021-05-11,27.969999313354492,122.95902252197266,304.4035949707031,112.65184020996094,161.19549560546875,49.507999420166016,14.271053314208984,39.89848327636719,20.209999084472656,195.10000610351562,236.8116455078125,96.30000305175781,205.73333740234375
2021-05-12,27.239999771118164,119.89262390136719,300.4512023925781,109.18750762939453,157.5970001220703,48.49800109863281,13.724653244018555,38.294639587402344,18.889999389648438,189.27000427246094,229.85816955566406,92.94200134277344,196.6300048828125
2021-05-13,27.049999237060547,122.04107666015625,303.1424560546875,110.61621856689453,158.07350158691406,48.66600036621094,13.631630897521973,39.03989028930664,18.3700008392334,183.75999450683594,233.73402404785156,90.99600219726562,190.56333923339844
2021-05-14,27.739999771118164,124.46293640136719,313.7483215332031,113.06470489501953,161.14500427246094,49.33700180053711,14.207961082458496,40.03900909423828,20.079999923706055,190.63999938964844,238.658203125,92.06600189208984,196.5800018310547
2021-05-17,27.739999771118164,123.31060791015625,313.2716979980469,113.58775329589844,163.51950073242188,48.89400100708008,14.130650520324707,39.886688232421875,20.459999084472656,188.52999877929688,235.8018035888672,90.87999725341797,192.27667236328125
2021-05-18,27.649999618530273,121.92387390136719,307.80987548828125,112.27517700195312,161.61399841308594,48.62799835205078,13.981271743774414,39.32457733154297,21.239999771118164,196.77999877929688,233.7821044921875,91.44400024414062,192.6233367919922
2021-05-19,27.610000610351562,121.76763916015625,311.4146423339844,112.7232894897461,161.58999633789062,48.77000045776367,14.031146049499512,40.04807662963867,20.670000076293945,198.7100067138672,234.36045837402344,91.9520034790039,187.82000732421875
2021-05-20,28.190000534057617,124.32620239257812,316.39984130859375,114.48249816894531,162.38400268554688,50.16699981689453,14.57655143737793,41.25209426879883,20.610000610351562,204.02999877929688,237.59942626953125,94.22599792480469,195.5933380126953
2021-05-21,28.0,122.49029541015625,314.0363464355469,113.8462905883789,160.1540069580078,49.78900146484375,14.954869270324707,40.91120147705078,20.75,210.60000610351562,236.336669921875,93.89399719238281,193.6266632080078
2021-05-24,28.549999237060547,124.12113189697266,322.37811279296875,117.16670989990234,162.24949645996094,50.290000915527344,15.573594093322754,41.6319694519043,21.219999313354492,214.35000610351562,241.74452209472656,95.27200317382812,202.14666748046875
2021-05-25,28.639999389648438,123.92584228515625,325.5162048339844,117.25753784179688,162.95249938964844,50.13399887084961,15.6092529296875,41.663700103759766,21.479999542236328,212.86000061035156,242.65069580078125,95.9800033569336,201.56333923339844
2021-05-26,28.88800048828125,123.87699127197266,325.3870849609375,118.12300109863281,163.25799560546875,50.236000061035156,15.661377906799316,41.749839782714844,22.1200008392334,219.9600067138672,242.42897033691406,97.08200073242188,206.3766632080078
2021-05-27,28.959999084472656,122.34381103515625,330.4417724609375,117.24811553955078,161.5054931640625,50.38600158691406,15.449898719787598,42.4017219543457,22.700000762939453,222.80999755859375,240.32748413085938,95.84400177001953,210.28334045410156
2021-05-28,29.000999450683594,121.68950653076172,326.4496765136719,116.95879364013672,161.15350341796875,50.28099822998047,16.20453453063965,42.82329559326172,22.950000762939453,222.14999389648438,240.68411254882812,94.7760009765625,208.4066619873047
2021-06-01,28.989999771118164,121.36722564697266,326.84686279296875,118.16617584228516,160.9324951171875,49.90800094604492,16.224489212036133,42.458839416503906,23.059999465942383,222.07000732421875,238.48631286621094,93.83399963378906,207.96665954589844
2021-06-02,29.079999923706055,122.12895965576172,326.8667297363281,117.6406478881836,161.69949340820312,49.92399978637695,16.736976623535156,42.95022964477539,24.450000762939453,220.5800018310547,238.389892578125,93.4020004272461,201.7066650390625
2021-06-03,28.709999084472656,120.64459228515625,323.7783508300781,116.49876403808594,159.35049438476562,48.94300079345703,16.928001403808594,42.140594482421875,23.6299991607666,216.0,236.8572540283203,91.83999633789062,190.94667053222656
2021-06-04,29.260000228881836,122.93950653076172,328.05841064453125,118.78101348876953,160.31100463867188,49.4739990234375,17.53500747680664,43.065372467041016,24.030000686645508,206.94000244140625,241.75418090820312,92.12999725341797,199.68333435058594
2021-06-07,29.364999771118164,122.94928741455078,334.24517822265625,119.21424865722656,159.90049743652344,49.465999603271484,17.575654983520508,42.048118591308594,24.459999084472656,215.41000366210938,244.66534423828125,91.89199829101562,201.7100067138672
2021-06-08,29.270000457763672,123.76957702636719,331.36529541015625,119.02268981933594,163.20550537109375,49.23899841308594,17.4140567779541,42.02546310424805,24.3799991607666,215.13999938964844,243.4700469970703,92.1520004272461,201.19667053222656
2021-06-09,29.219999313354492,124.15044403076172,327.9591369628906,119.494140625,164.0574951171875,48.58100128173828,17.31951332092285,42.06172180175781,24.170000076293945,213.9499969482422,244.45326232910156,92.94200134277344,199.5933380126953
2021-06-10,29.40999984741211,123.15432739257812,330.1537780761719,120.84343719482422,167.4824981689453,48.72700119018555,17.386112213134766,42.49147033691406,24.139999389648438,228.60000610351562,247.97177124023438,97.82599639892578,203.3733367919922
2021-06-11,29.5,124.36528778076172,328.9620361328125,120.59879302978516,167.3415069580078,48.87699890136719,17.78547477722168,42.6755256652832,24.670000076293945,231.27000427246094,248.59837341308594,99.60199737548828,203.29666137695312
2021-06-14,29.868000030517578,127.42191314697266,334.43389892578125,121.52728271484375,169.19349670410156,49.98899841308594,17.978540420532227,43.140628814697266,25.0,233.52999877929688,250.52630615234375,101.86799621582031,205.89666748046875
2021-06-15,29.56999969482422,126.60163879394531,334.4139709472656,120.50897979736328,169.156494140625,49.189998626708984,17.748804092407227,42.67915344238281,24.40999984741211,228.33999633789062,249.05140686035156,101.08599853515625,199.7866668701172
2021-06-16,29.489999771118164,127.09962463378906,328.7833557128906,119.86681365966797,170.7624969482422,49.24100112915039,17.7705078125,42.22673797607422,24.799999237060547,234.1699981689453,248.1067352294922,102.01599884033203,201.6233367919922
2021-06-17,30.06999969482422,128.70123291015625,334.1756896972656,120.8305435180664,174.46200561523438,49.83399963378906,18.615617752075195,42.71813201904297,25.450000762939453,241.30999755859375,251.49993896484375,106.08000183105469,205.53334045410156
2021-06-18,29.93000030517578,127.40238189697266,327.37322998046875,119.21028137207031,174.34500122070312,50.07699966430664,18.597158432006836,42.022743225097656,25.3700008392334,244.91000366210938,250.0828857421875,106.74800109863281,207.77000427246094
2021-06-21,29.8799991607666,129.19924926757812,329.9849548339844,120.8990249633789,172.697998046875,49.70000076293945,18.386127471923828,42.45310592651367,25.420000076293945,237.67999267578125,253.16758728027344,106.94999694824219,206.94332885742188
2021-06-22,30.457000732421875,130.83990478515625,336.6781921386719,121.41313934326172,175.27200317382812,50.88199996948242,18.844600677490234,42.43848419189453,25.399999618530273,256.6099853515625,255.94390869140625,109.20600128173828,207.90333557128906
2021-06-23,30.8799991607666,130.5664520263672,338.2273864746094,121.2111587524414,175.1909942626953,51.27399826049805,19.014726638793945,42.64042282104492,26.270000457763672,252.89999389648438,255.7124481201172,110.04000091552734,218.85667419433594
2021-06-24,31.149999618530273,130.2832489013672,340.7994079589844,121.58136749267578,172.45399475097656,51.805999755859375,19.162643432617188,42.95109176635742,26.530000686645508,253.6999969482422,257.0813293457031,110.41400146484375,226.60667419433594
2021-06-25,31.420000076293945,129.99029541015625,339.001953125,121.58980560302734,170.072998046875,52.707000732421875,18.98853302001953,42.2328987121582,26.780000686645508,253.24000549316406,255.47146606445312,108.99800109863281,223.9566650390625
2021-06-28,31.90999984741211,131.6211395263672,353.1730041503906,121.6170883178711,172.1945037841797,53.303001403808594,19.94040298461914,43.20145797729492,27.3799991607666,255.08999633789062,259.03814697265625,110.43399810791016,229.57333374023438
2021-06-29,32.0099983215332,133.13485717773438,349.44903564453125,121.35557556152344,172.40699768066406,53.349998474121094,19.982059478759766,43.59891891479492,26.6299991607666,257.1199951171875,261.6215515136719,111.71800231933594,226.9199981689453
2021-06-30,31.8799991607666,133.75006103515625,345.2979736328125,121.1739501953125,172.00799560546875,52.82099914550781,19.957866668701172,43.57060623168945,26.360000610351562,251.30999755859375,261.13958740234375,109.91000366210938,226.56666564941406
2021-07-01,31.809999465942383,134.05282592773438,351.931640625,121.52629089355469,171.64849853515625,53.354000091552734,20.166898727416992,42.912715911865234,24.719999313354492,251.16000366210938,261.81439208984375,109.03399658203125,225.97332763671875
2021-07-02,31.969999313354492,136.67974853515625,352.2395324707031,124.31818389892578,175.5489959716797,53.39799880981445,20.441282272338867,42.77839279174805,24.440000534057617,252.58999633789062,267.64642333984375,110.36599731445312,226.3000030517578
2021-07-06,31.93000030517578,138.6914520263672,350.3327941894531,125.24369812011719,183.78700256347656,54.16400146484375,20.65230941772461,43.24531936645508,24.68000030517578,264.9800109863281,267.65606689453125,111.697998046875,219.86000061035156
2021-07-07,31.649999618530273,141.18170166015625,348.0587158203125,125.52555847167969,184.82899475097656,53.59600067138672,20.326290130615234,42.90357971191406,22.889999389648438,267.5199890136719,269.84423828125,112.35600280761719,214.88333129882812
2021-07-08,31.15999984741211,139.8828887939453,343.2522888183594,124.10627746582031,186.57049560546875,53.07600021362305,19.858339309692383,42.99129867553711,23.079999923706055,263.3900146484375,267.4246826171875,112.09400177001953,217.60333251953125
2021-07-09,31.667999267578125,141.70899963378906,347.9892272949219,124.57722473144531,185.9669952392578,53.597999572753906,20.00550651550293,43.875797271728516,23.290000915527344,264.44000244140625,267.926025390625,113.27400207519531,218.98333740234375
2021-07-12,31.899999618530273,141.11331176757812,350.710205078125,126.02330780029297,185.92750549316406,53.73099899291992,20.46672821044922,44.384742736816406,22.950000762939453,261.7900085449219,267.3282775878906,112.38600158691406,228.56666564941406
2021-07-13,32.0099983215332,142.22662353515625,349.6476135253906,126.38655090332031,183.8679962158203,54.06800079345703,20.204814910888672,44.22575378417969,22.450000762939453,261.1600036621094,270.8564453125,111.86599731445312,222.84666442871094
2021-07-14,31.920000076293945,145.65435791015625,345.21856689453125,127.27533721923828,184.08399963378906,54.79499816894531,19.79722785949707,44.0046272277832,21.559999465942383,254.22999572753906,272.331298828125,112.58799743652344,217.7933349609375
2021-07-15,31.6299991607666,145.0000457763672,342.070556640625,126.05258178710938,181.55999755859375,54.29499816894531,18.923925399780273,43.616294860839844,21.469999313354492,249.3000030517578,270.9046936035156,111.65599822998047,216.86666870117188
2021-07-16,31.049999237060547,142.95904541015625,338.7934265136719,126.01785278320312,178.68150329589844,53.03099822998047,18.120473861694336,42.769256591796875,21.3700008392334,249.9600067138672,270.63470458984375,111.27200317382812,214.74000549316406
2021-07-19,30.940000534057617,139.1114044189453,334.6126708984375,123.64378356933594,177.47950744628906,53.22800064086914,18.73784637451172,42.54996109008789,21.540000915527344,250.39999389648438,267.0294494628906,111.01799774169922,215.4066619873047
2021-07-20,31.222000122070312,142.7246551513672,339.2899475097656,125.26305389404297,178.6595001220703,53.10499954223633,18.570466995239258,42.816776275634766,22.18000030517578,252.24000549316406,269.2563171386719,113.05000305175781,220.1666717529297
2021-07-21,31.399999618530273,141.9922332763672,343.8282165527344,126.5925064086914,179.25999450683594,51.362998962402344,19.366683959960938,43.76980209350586,22.520000457763672,253.5500030517578,271.2613220214844,113.4260025024414,218.42999267578125
2021-07-22,31.538000106811523,143.35943603515625,348.75384521484375,127.45845031738281,181.90150451660156,51.176998138427734,19.550277709960938,43.52400207519531,22.06999969482422,263.0400085449219,275.8305358886719,115.33999633789062,216.4199981689453
2021-07-23,31.719999313354492,145.07818603515625,367.2248840332031,132.01751708984375,182.83200073242188,51.54100036621094,19.51435661315918,44.147178649902344,21.809999465942383,268.9599914550781,279.23333740234375,117.23600006103516,214.4600067138672
2021-07-26,31.360000610351562,145.4981231689453,369.8762512207031,133.02987670898438,184.99099731445312,51.64899826049805,19.250947952270508,44.06401824951172,22.1299991607666,264.8299865722656,278.6356506347656,116.83999633789062,219.2066650390625
2021-07-27,30.959999084472656,143.3301239013672,365.258544921875,130.910888671875,181.3195037841797,51.89099884033203,19.16513442993164,43.43538284301758,21.68000030517578,257.8399963378906,276.216064453125,116.45800018310547,214.92666625976562
2021-07-28,31.3700008392334,141.58206176757812,370.6906433105469,135.0734405517578,181.51600646972656,51.93000030517578,19.45948028564453,43.64461135864258,22.559999465942383,263.5799865722656,275.90765380859375,116.66999816894531,215.66000366210938
2021-07-29,31.520000457763672,142.22662353515625,355.8343811035156,134.75927734375,179.99600219726562,51.42499923706055,19.618125915527344,44.23488998413086,22.18000030517578,260.0299987792969,276.17755126953125,117.28600311279297,225.78334045410156
2021-07-30,31.110000610351562,142.4414520263672,353.8283996582031,133.7161865234375,166.37950134277344,51.75699996948242,19.455490112304688,44.35276412963867,21.709999084472656,253.61000061035156,274.644775390625,117.5780029296875,229.06666564941406
2021-08-02,31.31999969482422,142.10943603515625,349.5085754394531,133.8432159423828,166.57400512695312,51.51499938964844,19.7059268951416,44.28697204589844,22.100000381469727,253.91000366210938,274.5581359863281,116.93399810791016,236.55667114257812
2021-08-03,31.260000228881836,143.90631103515625,348.803466796875,134.6129150390625,168.31199645996094,51.082000732421875,19.770782470703125,44.479774475097656,22.239999771118164,254.33999633789062,276.7752380371094,116.93199920654297,236.5800018310547
2021-08-04,31.530000686645508,143.5059356689453,356.4302673339844,134.11219787597656,167.73599243164062,51.73500061035156,20.228757858276367,44.572052001953125,22.299999237060547,264.2099914550781,276.18719482421875,118.69400024414062,236.97332763671875
2021-08-05,31.704999923706055,143.61334228515625,360.4521179199219,135.22972106933594,168.79949951171875,52.48899841308594,20.5909481048584,44.5601806640625,22.520000457763672,265.6199951171875,279.0887451171875,119.0999984741211,238.2100067138672
2021-08-06,31.350000381469727,142.92869567871094,360.9884033203125,134.7205810546875,167.2469940185547,52.05500030517578,20.32054901123047,44.35550308227539,21.81999969482422,260.739990234375,279.0309143066406,118.13600158691406,233.03334045410156
2021-08-09,31.459999084472656,142.87982177734375,359.1015625,135.8862762451172,167.093505859375,51.99700164794922,20.24971580505371,44.28697204589844,22.93000030517578,263.55999755859375,277.941650390625,117.59200286865234,237.9199981689453
2021-08-10,31.25,142.4005889892578,358.6248779296875,135.78106689453125,166.03399658203125,51.58399963378906,19.891511917114258,44.06584930419922,22.920000076293945,252.6699981689453,276.1197204589844,115.16000366210938,236.663330078125
2021-08-11,31.09000015258789,142.65489196777344,357.4630126953125,135.2570343017578,164.60549926757812,51.2400016784668,19.65504264831543,44.18372344970703,22.350000381469727,239.8800048828125,276.61138916015625,114.04000091552734,235.94000244140625
2021-08-12,31.15999984741211,145.61830139160156,360.1343688964844,136.1651611328125,165.1750030517578,51.071998596191406,19.86058235168457,44.24858856201172,24.889999389648438,245.82000732421875,279.36834716796875,116.31400299072266,240.75
2021-08-13,31.020000457763672,145.8236846923828,360.6606140136719,136.6946563720703,164.69850158691406,51.59199905395508,20.142948150634766,44.422203063964844,24.899999618530273,243.82000732421875,282.2987365722656,117.56600189208984,239.05667114257812
2021-08-16,30.760000228881836,147.79931640625,364.0172119140625,137.2722930908203,164.94949340820312,51.79199981689453,19.905481338500977,44.60313034057617,24.5,234.7100067138672,283.98565673828125,116.04399871826172,228.72332763671875
2021-08-17,30.1299991607666,146.8897247314453,355.9635009765625,135.6366729736328,162.09800720214844,51.89099884033203,19.414579391479492,43.739646911621094,23.969999313354492,232.8000030517578,282.5204772949219,116.447998046875,221.90333557128906
2021-08-18,29.979999542236328,143.14390563964844,352.98431396484375,134.43325805664062,160.06100463867188,52.1870002746582,18.997514724731445,42.85150146484375,25.280000686645508,233.77999877929688,280.7917175292969,116.38999938964844,229.663330078125
2021-08-19,29.920000076293945,143.47642517089844,352.6565856933594,134.6625213623047,159.3874969482422,54.37099838256836,19.753820419311523,43.26814651489258,24.15999984741211,234.9600067138672,286.625244140625,117.38400268554688,224.49000549316406
2021-08-20,30.100000381469727,144.93370056152344,356.8770751953125,136.39892578125,159.99749755859375,54.6879997253418,20.769550323486328,43.41800308227539,24.010000228881836,237.8800048828125,293.95574951171875,120.10399627685547,226.75332641601562
2021-08-23,30.979999542236328,146.42030334472656,360.8294982910156,138.99134826660156,163.2935028076172,55.33300018310547,21.909000396728516,44.083213806152344,24.81999969482422,245.8000030517578,294.2358703613281,123.88600158691406,235.43333435058594
2021-08-24,31.3700008392334,146.33224487304688,362.9745788574219,140.2021942138672,165.28900146484375,55.340999603271484,21.744367599487305,43.990013122558594,25.100000381469727,265.6300048828125,292.2752380371094,124.37000274658203,236.163330078125
2021-08-25,31.280000686645508,145.09996032714844,365.83453369140625,141.0135498046875,164.95899963378906,54.757999420166016,22.16342544555664,44.17092514038086,24.350000381469727,270.0,291.68609619140625,124.21399688720703,237.06666564941406
2021-08-26,31.18000030517578,144.2979278564453,361.85235595703125,140.3798370361328,165.8000030517578,55.012001037597656,22.018753051757812,44.38383483886719,24.8700008392334,278.7699890136719,288.8658447265625,124.80599975585938,233.72000122070312
2021-08-27,31.489999771118164,145.33468627929688,370.04510498046875,142.9241180419922,167.48150634765625,55.891998291015625,22.585487365722656,45.31584167480469,25.709999084472656,282.30999755859375,289.474365234375,126.4800033569336,237.30667114257812
2021-08-30,31.90999984741211,149.75535583496094,378.0194091796875,143.50621032714844,171.07850646972656,56.61800003051758,22.637372970581055,45.58538818359375,25.760000228881836,286.3699951171875,293.2120666503906,128.3300018310547,243.6366729736328
2021-08-31,32.150001525878906,148.4937286376953,376.7483215332031,143.61239624023438,173.5395050048828,56.91899871826172,22.3389892578125,45.4318962097168,26.34000015258789,281.0,291.560546875,128.72799682617188,245.24000549316406
2021-09-01,32.52000045776367,149.1587371826172,379.3997802734375,144.1265106201172,173.9499969482422,58.207000732421875,22.39487075805664,45.061824798583984,26.200000762939453,269.9700012207031,291.5122375488281,130.1699981689453,244.69667053222656
2021-09-02,32.297000885009766,150.27371215820312,372.6767272949219,142.21246337890625,173.156005859375,58.85499954223633,22.349964141845703,44.946693420410156,26.510000228881836,272.6700134277344,290.8554382324219,132.06199645996094,244.1300048828125
2021-09-03,32.5,150.90943908691406,373.6499328613281,142.6615753173828,173.90249633789062,59.053001403808594,22.79604148864746,45.47483444213867,26.639999389648438,278.2300109863281,290.84588623046875,135.7259979248047,244.52333068847656
2021-09-07,32.88800048828125,153.24688720703125,379.5289001464844,143.19854736328125,175.46449279785156,60.67100143432617,22.615419387817383,45.37523651123047,26.700000762939453,269.67999267578125,289.9185485839844,132.21800231933594,250.97332763671875
2021-09-08,32.529998779296875,151.70159912109375,374.9508361816406,142.6134490966797,176.27499389648438,60.60499954223633,22.293081283569336,45.173301696777344,25.579999923706055,265.2300109863281,289.9476013183594,130.75999450683594,251.2899932861328
2021-09-09,32.369998931884766,150.68446350097656,375.37786865234375,142.46456909179688,174.20799255371094,59.75400161743164,22.131412506103516,45.09196853637695,26.1299991607666,265.1600036621094,287.0888671875,130.03799438476562,251.6199951171875
2021-09-10,32.09000015258789,145.696533203125,376.0631408691406,139.81956481933594,173.45750427246094,59.87200164794922,22.431800842285156,45.51778030395508,26.280000686645508,262.0,285.6014099121094,129.5959930419922,245.42333984375
2021-09-13,31.93000030517578,146.26382446289062,373.8982238769531,141.26515197753906,172.85850524902344,58.92900085449219,22.106460571289062,45.591793060302734,25.829999923706055,254.02999877929688,286.8376770019531,127.81600189208984,247.6666717529297
2021-09-14,31.71500015258789,144.86520385742188,373.91802978515625,141.47555541992188,172.5,57.7760009765625,22.19628143310547,45.857688903808594,26.260000228881836,257.29998779296875,289.5420227050781,129.08399963378906,248.163330078125
2021-09-15,31.920000076293945,145.75521850585938,371.3262023925781,143.346435546875,173.7895050048828,58.2869987487793,22.29507827758789,46.57678985595703,27.079999923706055,259.57000732421875,294.39996337890625,130.42999267578125,251.94332885742188
2021-09-16,31.90999984741211,145.52049255371094,370.4721374511719,142.5330810546875,174.41200256347656,58.650001525878906,22.19628143310547,46.35840606689453,28.6299991607666,264.739990234375,294.7864074707031,131.27000427246094,252.3300018310547
2021-09-17,31.739999771118164,142.85049438476562,362.1899719238281,139.744140625,173.12600708007812,58.935001373291016,21.8549861907959,46.235069274902344,28.709999084472656,263.0899963378906,289.6192321777344,130.20599365234375,253.163330078125
2021-09-20,30.639999389648438,139.79904174804688,353.2325744628906,137.6792449951172,167.7864990234375,57.542999267578125,21.06960105895996,45.21350860595703,26.549999237060547,257.55999755859375,284.2396240234375,129.74600219726562,243.38999938964844
2021-09-21,30.959999084472656,140.27822875976562,355.0002136230469,137.99037170410156,167.18150329589844,57.31399917602539,21.202327728271484,45.19232177734375,26.6200008392334,254.11000061035156,284.7225036621094,130.83999633789062,246.4600067138672
2021-09-22,31.31999969482422,142.6450958251953,340.82916259765625,139.23150634765625,169.00250244140625,59.064998626708984,21.895904541015625,46.075958251953125,27.43000030517578,259.8599853515625,288.373291015625,132.52999877929688,250.64666748046875
2021-09-23,31.670000076293945,143.6035614013672,343.5601501464844,140.15701293945312,170.8000030517578,59.32600021362305,22.435789108276367,46.41743469238281,28.770000457763672,262.2900085449219,289.31982421875,132.843994140625,251.2133331298828
2021-09-24,31.56999969482422,143.69158935546875,350.5115661621094,141.14852905273438,171.2760009765625,59.23899841308594,22.035608291625977,46.47450256347656,28.559999465942383,261.75,289.1170349121094,133.26199340820312,258.1300048828125
2021-09-27,31.56999969482422,142.17562866210938,351.127197265625,140.01409912109375,170.2899932861328,59.263999938964844,21.615478515625,46.46805191040039,27.469999313354492,253.33999633789062,284.1140441894531,129.91200256347656,263.78668212890625
2021-09-28,30.739999771118164,138.7917022705078,338.2869567871094,134.8114013671875,165.79800415039062,58.3849983215332,20.656448364257812,45.19510269165039,25.34000015258789,241.86000061035156,273.8281555175781,122.50399780273438,259.1866760253906
2021-09-29,30.510000228881836,139.6914825439453,337.254150390625,133.3459930419922,165.05599975585938,59.90599822998047,20.474824905395508,45.053348541259766,24.520000457763672,239.57000732421875,274.2917175292969,123.60399627685547,260.4366760253906
2021-09-30,30.5,138.3906707763672,337.0357666015625,132.67355346679688,164.2519989013672,61.034000396728516,20.673418045043945,44.63455581665039,24.040000915527344,245.77999877929688,272.28289794921875,124.4540023803711,258.49334716796875
2021-10-01,30.70400047302246,139.5154266357422,340.6305847167969,135.51905822753906,164.16299438476562,61.314998626708984,20.699363708496094,44.857303619384766,24.329999923706055,249.27000427246094,279.2173767089844,126.55999755859375,258.40667724609375
2021-10-04,29.709999084472656,136.0825653076172,323.96697998046875,132.6571807861328,159.48899841308594,60.334999084472656,19.691442489624023,43.80800247192383,23.170000076293945,238.8800048828125,273.4320983886719,123.59400177001953,260.510009765625
2021-10-05,30.40999984741211,138.00926208496094,330.65032958984375,135.00296020507812,161.0500030517578,63.48099899291992,20.408964157104492,44.679649353027344,23.209999084472656,244.9199981689453,278.8890686035156,126.68399810791016,260.1966552734375
2021-10-06,30.709999084472656,138.8796844482422,331.3255920410156,136.53341674804688,163.10049438476562,63.90999984741211,20.65744972229004,44.98891830444336,23.579999923706055,248.1999969482422,283.09027099609375,125.87200164794922,260.9166564941406
2021-10-07,31.34000015258789,140.14138793945312,326.9362487792969,138.1809539794922,165.1215057373047,63.185001373291016,21.031681060791016,45.46202087402344,23.729999542236328,249.8800048828125,284.7708740234375,127.58399963378906,264.53668212890625
2021-10-08,31.459999084472656,139.7598876953125,327.7604675292969,138.73724365234375,164.43099975585938,63.26599884033203,20.788177490234375,45.36353302001953,23.5,245.0,284.7708740234375,123.51599884033203,261.8299865722656
2021-10-11,31.329999923706055,139.67190551757812,323.1924133300781,137.87228393554688,162.31500244140625,62.70399856567383,20.6524600982666,45.316593170166016,23.530000686645508,244.36000061035156,284.1720275878906,123.16999816894531,263.9800109863281
2021-10-12,31.22800064086914,138.4004669189453,321.5240173339844,135.42578125,162.3665008544922,62.49399948120117,20.628507614135742,44.66676330566406,23.690000534057617,252.74000549316406,282.8681945800781,125.82599639892578,268.5733337402344
2021-10-13,31.389999389648438,137.8136749267578,322.2887268066406,136.5502471923828,164.21400451660156,62.97600173950195,20.895959854125977,44.64191818237305,24.1299991607666,270.44000244140625,286.18084716796875,127.88200378417969,270.3599853515625
2021-10-14,31.8700008392334,140.6009979248047,326.25103759765625,140.09246826171875,164.9929962158203,63.380001068115234,21.701295852661133,45.80073928833008,24.350000381469727,276.010009765625,292.40069580078125,130.6060028076172,272.7733459472656
2021-10-15,32.04100036621094,141.65728759765625,322.5071716308594,140.30787658691406,170.4510040283203,62.82899856567383,21.817062377929688,46.32078552246094,24.0,273.1099853515625,293.81085205078125,132.63600158691406,281.010009765625
2021-10-18,32.72999954223633,143.3297119140625,333.0137939453125,141.707275390625,172.33700561523438,63.797000885009766,22.176319122314453,46.33090591430664,24.260000228881836,285.3500061035156,296.7855529785156,133.24400329589844,290.03668212890625
2021-10-19,33.2400016784668,145.49111938476562,337.6315002441406,142.162841796875,172.20750427246094,63.900001525878906,22.24418067932129,46.97797393798828,24.690000534057617,282.3500061035156,297.6934509277344,136.0500030517578,288.0899963378906
2021-10-20,33.13999938964844,145.98016357421875,338.41607666015625,140.70587158203125,170.7530059814453,62.513999938964844,22.057567596435547,46.88593673706055,24.219999313354492,283.3299865722656,296.9015197753906,136.2220001220703,288.6000061035156
2021-10-21,33.5099983215332,146.1953125,339.5084533691406,140.8219757080078,171.75050354003906,65.31600189208984,22.645355224609375,47.324058532714844,24.780000686645508,284.1000061035156,300.136962890625,137.26800537109375,298.0
2021-10-22,33.09000015258789,145.42269897460938,322.358154296875,136.53489685058594,166.77749633789062,66.47799682617188,22.679288864135742,47.44002914428711,24.43000030517578,283.3900146484375,298.5916748046875,137.3300018310547,303.2266540527344
2021-10-25,33.5099983215332,145.3738250732422,326.4099426269531,136.41627502441406,166.01849365234375,67.16600036621094,23.118383407592773,48.053035736083984,25.40999984741211,280.1000061035156,297.596923828125,137.77000427246094,341.6199951171875
2021-10-26,33.4900016784668,146.03883361816406,313.6192626953125,138.26380920410156,168.80349731445312,66.85199737548828,24.66619300842285,49.1391487121582,25.520000457763672,287.0799865722656,299.5091857910156,135.3419952392578,339.4766540527344
2021-10-27,33.369998931884766,145.57920837402344,310.0541687011719,145.12098693847656,169.62449645996094,66.29199981689453,24.400737762451172,48.14876174926758,25.059999465942383,279.0,312.1227722167969,132.95199584960938,345.9533386230469
2021-10-28,33.654998779296875,149.2174530029297,314.7215881347656,144.7552490234375,172.32850646972656,67.40499877929688,24.88973617553711,48.74335861206055,25.639999389648438,281.1700134277344,313.2624206542969,137.5399932861328,359.0133361816406
2021-10-29,33.68000030517578,146.50830078125,321.325439453125,146.93580627441406,168.6215057373047,69.03099822998047,25.514442443847656,48.936649322509766,25.8799991607666,281.79998779296875,320.28387451171875,139.552001953125,371.3333435058594
2021-11-01,34.29999923706055,145.686767578125,327.6910095214844,142.4208984375,165.90550231933594,68.11699676513672,25.773916244506836,48.60345458984375,26.559999465942383,269.1700134277344,318.11077880859375,136.39599609375,402.86334228515625
2021-11-02,34.0,146.72349548339844,325.8041076660156,144.34190368652344,165.6374969482422,67.77200317382812,26.34673309326172,49.433685302734375,25.920000076293945,268.1199951171875,321.7423095703125,137.3179931640625,390.6666564941406
2021-11-03,34.5,148.1611785888672,329.3196105957031,145.49864196777344,169.1999969482422,68.8290023803711,26.54332733154297,49.92152786254883,26.1200008392334,270.6499938964844,322.5824890136719,137.53399658203125,404.6199951171875
2021-11-04,34.970001220703125,147.64280700683594,333.520263671875,147.15562438964844,173.85000610351562,66.83999633789062,29.739744186401367,50.496795654296875,26.469999313354492,279.6199951171875,324.9390563964844,140.3459930419922,409.9700012207031
2021-11-05,34.65999984741211,148.1717071533203,338.7636413574219,147.73573303222656,175.94949340820312,64.5719985961914,29.69084358215332,51.4448356628418,26.0,273.42999267578125,324.5721130371094,138.40199279785156,407.36334228515625
2021-11-08,34.7400016784668,147.34898376464844,336.27105712890625,147.91342163085938,174.44900512695312,65.1449966430664,30.74068260192871,51.447601318359375,26.75,282.92999267578125,325.4703063964844,138.45599365234375,387.64666748046875
2021-11-09,34.12900161743164,147.71136474609375,333.0435791015625,147.80174255371094,178.81149291992188,65.5989990234375,30.593982696533203,51.341739654541016,24.25,293.17999267578125,324.4658508300781,138.25399780273438,341.1666564941406
2021-11-10,33.854000091552734,144.88076782226562,325.3672180175781,144.79942321777344,174.1024932861328,64.69100189208984,29.398447036743164,50.510597229003906,22.520000457763672,281.55999755859375,319.49188232421875,134.1820068359375,355.98333740234375
2021-11-11,34.15599822998047,144.831787109375,325.46649169921875,144.6734161376953,173.625,65.75800323486328,30.327531814575195,51.12084197998047,22.989999771118164,280.9200134277344,321.0661926269531,135.85000610351562,354.5033264160156
2021-11-12,34.5099983215332,146.90823364257812,338.5252990722656,147.56307983398438,176.25750732421875,68.26100158691406,30.327531814575195,51.84062194824219,22.829999923706055,284.29998779296875,325.2095031738281,138.27999877929688,344.47332763671875
2021-11-15,34.38999938964844,146.9180145263672,345.1490173339844,147.33872985839844,177.28399658203125,67.93299865722656,29.96328353881836,52.07533264160156,23.40999984741211,254.14999389648438,324.581787109375,136.51400756835938,337.7966613769531
2021-11-16,34.6510009765625,147.89747619628906,340.5809020996094,146.76708984375,177.03500366210938,68.73999786376953,30.140914916992188,52.35146713256836,23.1299991607666,262.510009765625,327.9042053222656,138.50999450683594,351.57666015625
2021-11-17,34.375,150.33631896972656,338.4060974121094,146.93678283691406,177.4499969482422,69.16899871826172,29.20085334777832,52.43154525756836,22.489999771118164,269.7799987792969,328.12677001953125,136.98599243164062,363.0033264160156
2021-11-18,34.30500030517578,154.6262969970703,336.34051513671875,148.71484375,184.80299377441406,68.2020034790039,31.60988998413086,52.90740203857422,21.5,264.7200012207031,330.2070007324219,135.16799926757812,365.4599914550781
2021-11-19,34.630001068115234,157.25123596191406,342.9046936035156,147.8096923828125,183.82850646972656,67.87999725341797,32.91719436645508,52.346858978271484,21.40999984741211,257.6300048828125,331.98736572265625,135.19400024414062,379.0199890136719
2021-11-22,34.0099983215332,157.7115936279297,338.64447021484375,145.20486450195312,178.6284942626953,65.91999816894531,31.89031410217285,50.92571258544922,20.649999618530273,239.63999938964844,328.81365966796875,131.2760009765625,385.6233215332031
2021-11-23,33.757999420166016,158.09359741210938,334.91058349609375,144.6887664794922,179.0019989013672,65.40599822998047,31.680744171142578,51.09507369995117,20.59000015258789,230.5800018310547,326.7334289550781,127.38200378417969,369.6766662597656
2021-11-24,34.08000183105469,158.61268615722656,338.6941223144531,145.0242462158203,179.02049255371094,65.8290023803711,32.60683059692383,51.42735290527344,21.110000610351562,230.77000427246094,326.9560241699219,129.86199951171875,372.0
2021-11-26,33.45000076293945,153.58811950683594,330.8091735839844,141.11676025390625,175.22799682617188,66.56400299072266,31.438241958618164,50.30994415283203,21.030000686645508,232.63999938964844,318.99273681640625,129.91000366210938,360.6400146484375
2021-11-29,34.00299835205078,156.9476318359375,335.68511962890625,144.43914794921875,178.07850646972656,66.38400268554688,33.307395935058594,51.94370651245117,21.06999969482422,224.57000732421875,325.7174072265625,134.56399536132812,378.9966735839844
2021-11-30,33.47999954223633,161.9036407470703,322.209228515625,140.83340454101562,175.35350036621094,64.19000244140625,32.60882568359375,50.96253204345703,20.649999618530273,217.13999938964844,319.873291015625,129.5399932861328,381.586669921875
2021-12-01,32.529998779296875,161.3845977783203,308.4454650878906,139.99375915527344,172.18600463867188,61.777000427246094,31.374225616455078,51.06193542480469,19.3799991607666,201.5,319.37969970703125,119.91400146484375,365.0
2021-12-02,32.54999923706055,160.3953094482422,308.2368469238281,141.8938751220703,171.8679962158203,61.64699935913086,32.063880920410156,50.84931182861328,19.690000534057617,209.35000610351562,318.808837890625,124.67400360107422,361.5333251953125
2021-12-03,31.489999771118164,158.51473999023438,304.7115173339844,140.93663024902344,169.489501953125,60.2130012512207,30.633657455444336,51.37120056152344,18.979999542236328,197.0500030517578,312.5389404296875,122.62200164794922,338.3233337402344
2021-12-06,32.18000030517578,161.92327880859375,315.66497802734375,142.0814666748047,171.36849975585938,61.26900100708008,29.978927612304688,52.00261688232422,18.799999237060547,194.7100067138672,315.6158447265625,123.30799865722656,336.336669921875
2021-12-07,33.14500045776367,167.66282653808594,320.5706787109375,146.16513061523438,176.1645050048828,62.55799865722656,32.36430740356445,54.34236145019531,19.459999084472656,204.32000732421875,324.06280517578125,132.67799377441406,350.5833435058594
2021-12-08,33.380001068115234,171.4827117919922,328.2669677734375,147.07521057128906,176.1580047607422,62.80799865722656,31.76446533203125,54.17299270629883,19.81999969482422,209.17999267578125,324.11126708984375,133.16200256347656,356.32000732421875
2021-12-09,32.77000045776367,170.97337341308594,327.5321044921875,146.53134155273438,174.17100524902344,61.099998474121094,30.431049346923828,53.699893951416016,19.209999084472656,201.27000427246094,322.3018493652344,128.42999267578125,334.6000061035156
2021-12-10,32.900001525878906,175.76292419433594,327.4625549316406,146.8916015625,172.21200561523438,61.16600036621094,30.139616012573242,58.141910552978516,18.940000534057617,198.60000610351562,331.4358215332031,129.39999389648438,339.010009765625
2021-12-13,32.08000183105469,172.12913513183594,332.1697082519531,144.73294067382812,169.5675048828125,60.45600128173828,28.106552124023438,57.21963882446289,18.399999618530273,198.67999267578125,328.3976745605469,131.18800354003906,322.13665771484375
2021-12-14,31.895999908447266,170.74810791015625,331.42486572265625,142.8278350830078,169.0915069580078,59.79899978637695,28.28221321105957,56.59833526611328,18.639999389648438,198.7100067138672,317.69622802734375,124.93800354003906,319.5033264160156
2021-12-15,32.54999923706055,175.61599731445312,339.2899475097656,145.3428192138672,173.31500244140625,60.50400161743164,30.40011215209961,58.89481735229492,18.860000610351562,210.7100067138672,323.8016357421875,129.4080047607422,325.3299865722656
2021-12-16,31.469999313354492,168.7206268310547,332.57684326171875,143.36180114746094,168.87100219726562,59.10599899291992,28.332117080688477,57.12942886352539,18.34000015258789,200.27999877929688,314.36767578125,121.7959976196289,308.97332763671875
2021-12-17,31.469999313354492,167.62367248535156,331.47454833984375,140.66220092773438,170.0175018310547,58.67300033569336,27.74724769592285,58.44380569458008,19.059999465942383,205.10000610351562,313.3033447265625,123.1259994506836,310.8566589355469
2021-12-20,30.850000381469727,166.26220703125,323.1924133300781,140.54507446289062,167.07899475097656,59.374000549316406,27.6654109954834,59.37067413330078,17.959999084472656,206.2899932861328,309.5394592285156,121.0739974975586,299.9800109863281
2021-12-21,31.82900047302246,169.43563842773438,331.8816833496094,142.39659118652344,170.41700744628906,60.492000579833984,29.018787384033203,59.8625602722168,18.899999618530273,210.30999755859375,316.6802062988281,126.26399993896484,312.84332275390625
2021-12-22,32.132999420166016,172.0311737060547,328.15771484375,145.3170166015625,171.03700256347656,61.42399978637695,29.343154907226562,60.692535400390625,18.8799991607666,207.60000610351562,322.3986511230469,128.78599548339844,336.2900085449219
2021-12-23,32.560001373291016,172.65805053710938,332.9144592285156,145.81475830078125,171.06849670410156,61.409000396728516,29.58269500732422,61.58181381225586,18.93000030517578,211.52000427246094,323.8403625488281,129.71400451660156,355.6666564941406
2021-12-27,32.95000076293945,176.62486267089844,343.77862548828125,146.7973175048828,169.66949462890625,61.3120002746582,30.885169982910156,62.45997619628906,18.940000534057617,209.63999938964844,331.34881591796875,132.656005859375,364.64666748046875
2021-12-28,32.650001525878906,175.60617065429688,343.8183288574219,145.5869903564453,170.66099548339844,61.07099914550781,30.26337432861328,61.97086715698242,18.56999969482422,207.22999572753906,330.1875915527344,130.8000030517578,362.8233337402344
2021-12-29,32.40999984741211,175.69439697265625,340.5610656738281,145.5552215576172,169.2010040283203,61.05400085449219,29.942996978759766,62.30526351928711,18.170000076293945,206.8699951171875,330.864990234375,130.91600036621094,362.0633239746094
2021-12-30,32.84299850463867,174.53860473632812,341.97119140625,145.1041259765625,168.64450073242188,61.20899963378906,29.528799057006836,61.607749938964844,18.690000534057617,208.9499969482422,328.3201904296875,130.9080047607422,356.7799987792969
2021-12-31,32.38999938964844,173.92153930664062,334.0168151855469,143.76576232910156,166.7169952392578,60.24399948120117,29.35413932800293,61.6383171081543,18.209999084472656,204.75,325.4175109863281,129.82200622558594,352.260009765625
2022-01-03,33.150001525878906,178.27029418945312,336.19158935546875,143.9042205810547,170.4044952392578,59.73699951171875,30.06276512145996,61.44470977783203,18.530000686645508,198.3300018310547,323.8983154296875,126.02799987792969,399.9266662597656
2022-01-04,32.560001373291016,176.0077667236328,334.195556640625,143.316650390625,167.52200317382812,59.1150016784668,29.233373641967773,62.14873123168945,18.170000076293945,189.19000244140625,318.3444519042969,120.78800201416016,383.1966552734375
2022-01-05,31.510000228881836,171.32598876953125,321.92132568359375,136.74180603027344,164.35699462890625,56.75199890136719,27.550634384155273,59.56243896484375,16.959999084472656,179.2899932861328,306.1238708496094,114.552001953125,362.7066650390625
2022-01-06,31.66699981689453,168.46597290039062,330.1537780761719,136.71450805664062,163.25399780273438,55.32899856567383,28.123523712158203,59.009422302246094,16.739999771118164,187.49000549316406,303.7049560546875,114.80799865722656,354.8999938964844
2022-01-07,31.600000381469727,168.63250732421875,329.4884338378906,135.989501953125,162.5540008544922,54.10599899291992,27.19432258605957,57.3531494140625,16.559999465942383,188.99000549316406,303.8597717285156,113.27799987792969,342.32000732421875
2022-01-10,31.59000015258789,168.65208435058594,325.7942810058594,137.62960815429688,161.48599243164062,53.98500061035156,27.347026824951172,57.53934860229492,16.5,192.5,304.08221435546875,114.4000015258789,352.7066650390625
2022-01-11,32.029998779296875,171.4827117919922,332.0505065917969,138.6881103515625,165.36199951171875,54.08399963378906,27.76321792602539,57.621795654296875,16.889999389648438,196.11000061035156,304.769287109375,115.68800354003906,354.79998779296875
2022-01-12,32.41999816894531,171.9234619140625,330.9482116699219,140.369873046875,165.20700073242188,53.72200012207031,27.944869995117188,57.61716079711914,16.719999313354492,187.97000122070312,307.9525146484375,114.6780014038086,368.739990234375
2022-01-13,31.190000534057617,168.65208435058594,324.2153015136719,137.5477294921875,161.21400451660156,51.91999816894531,26.523618698120117,55.31896209716797,16.010000228881836,174.89999389648438,294.9192810058594,104.25199890136719,343.85333251953125
2022-01-14,31.534000396728516,169.5140380859375,329.5976257324219,138.4345245361328,162.13800048828125,52.569000244140625,26.88991355895996,55.243003845214844,16.010000228881836,176.6999969482422,300.1442565917969,106.2040023803711,349.8699951171875
2022-01-18,30.799999237060547,166.3112030029297,315.9430236816406,134.97813415527344,158.91749572753906,51.08000183105469,25.85291862487793,53.52189254760742,14.970000267028809,172.85000610351562,292.8389587402344,104.46800231933594,343.5033264160156
2022-01-19,30.479999542236328,162.8144989013672,317.373046875,134.10325622558594,156.2989959716797,51.58599853515625,25.018531799316406,52.24171829223633,14.5600004196167,175.7100067138672,293.4968566894531,104.25800323486328,331.8833312988281
2022-01-20,30.440000534057617,161.12985229492188,314.36407470703125,132.30780029296875,151.66749572753906,50.82500076293945,24.103309631347656,50.73644256591797,14.619999885559082,173.88999938964844,291.8230895996094,103.0,332.0899963378906
2022-01-21,28.860000610351562,159.0730438232422,301.0669860839844,129.37399291992188,142.64300537109375,39.75,23.328811645507812,49.39421463012695,13.529999732971191,164.72999572753906,286.4336242675781,101.5479965209961,314.6333312988281
2022-01-24,28.5,158.29922485351562,306.5685119628906,129.82310485839844,144.54400634765625,38.71500015258789,23.326814651489258,50.167686462402344,13.399999618530273,167.27000427246094,286.7625427246094,105.16799926757812,310.0
2022-01-25,27.8799991607666,156.49705505371094,298.06787109375,125.98310089111328,139.98599243164062,36.641998291015625,22.280838012695312,49.478511810302734,13.0600004196167,158.58999633789062,279.1379699707031,99.01599884033203,306.1333312988281
2022-01-26,27.780000686645508,156.40892028808594,292.586181640625,128.26385498046875,138.87249755859375,35.970001220703125,22.72797393798828,51.607181549072266,12.75,160.94000244140625,287.0915222167969,96.88400268554688,312.4700012207031
2022-01-27,27.388999938964844,155.94859313964844,292.5961608886719,128.03759765625,139.6374969482422,38.66999816894531,21.901573181152344,50.23530197143555,12.279999732971191,159.80999755859375,290.1200256347656,105.73799896240234,276.3666687011719
2022-01-28,28.200000762939453,166.8302764892578,299.6170654296875,132.35101318359375,143.97799682617188,38.43600082397461,22.795841217041016,51.88322830200195,12.710000038146973,168.89999389648438,298.26708984375,112.21600341796875,282.1166687011719
2022-01-31,29.850000381469727,171.1888885498047,311.0870056152344,134.28884887695312,149.57350158691406,42.7140007019043,24.43865966796875,54.27128982543945,13.710000038146973,180.63999938964844,300.89898681640625,117.15599822998047,312.239990234375
2022-02-01,30.170000076293945,171.02236938476562,316.7871398925781,136.61180114746094,151.19349670410156,45.7130012512207,24.590373992919922,54.90489196777344,14.199999809265137,182.14999389648438,298.7509460449219,117.30799865722656,310.4166564941406
2022-02-02,30.200000762939453,172.22705078125,320.7593994140625,146.89013671875,150.6125030517578,42.948001861572266,25.193201065063477,55.896968841552734,13.319999694824219,177.0399932861328,303.2984619140625,116.2300033569336,301.88665771484375
2022-02-03,28.510000228881836,169.3474884033203,236.11070251464844,142.0169677734375,138.8455047607422,40.560001373291016,23.90169906616211,53.80534362792969,12.449999809265137,170.6300048828125,291.4843444824219,112.16999816894531,297.0466613769531
2022-02-04,29.170000076293945,169.06312561035156,235.44534301757812,142.21844482421875,157.63949584960938,41.016998291015625,24.2719783782959,54.66775131225586,12.9399995803833,177.2100067138672,296.0223083496094,115.50399780273438,307.7733459472656
2022-02-07,28.56999969482422,168.34716796875,223.34982299804688,138.15713500976562,157.9355010986328,40.209999084472656,24.68019676208496,54.43339920043945,12.979999542236328,178.83999633789062,291.1941223144531,114.63999938964844,302.4466552734375
2022-02-08,29.09000015258789,171.45602416992188,218.6526336669922,138.35365295410156,161.4134979248047,40.35300064086914,25.05946159362793,55.59962844848633,13.149999618530273,178.89999389648438,294.68707275390625,118.25399780273438,307.3333435058594
2022-02-09,29.790000915527344,172.87803649902344,230.39065551757812,140.53016662597656,161.1894989013672,41.28900146484375,26.653371810913086,56.62969970703125,13.869999885559082,186.89999389648438,301.1214599609375,122.79399871826172,310.6666564941406
2022-02-10,29.200000762939453,168.79832458496094,226.4879150390625,137.58047485351562,159.0034942626953,40.62699890136719,25.77407455444336,54.77891159057617,13.5600004196167,187.8800048828125,292.57769775390625,122.09200286865234,301.51666259765625
2022-02-11,28.229999542236328,165.38548278808594,218.0270233154297,133.27549743652344,153.2935028076172,39.13100051879883,23.902698516845703,53.117088317871094,13.130000114440918,181.86000061035156,285.47564697265625,116.74400329589844,286.6666564941406
2022-02-14,28.309999465942383,165.6208038330078,216.18984985351562,134.5096893310547,155.16700744628906,39.65700149536133,24.22008514404297,53.59507751464844,13.260000228881836,180.60000610351562,285.43701171875,115.91600036621094,291.9200134277344
2022-02-15,29.280000686645508,169.45538330078125,219.46697998046875,135.58407592773438,156.510498046875,40.74599838256836,26.44377899169922,55.835853576660156,14.170000076293945,189.3000030517578,290.729736328125,118.33200073242188,307.4766540527344
2022-02-16,29.200000762939453,169.2200164794922,215.0378875732422,136.7051239013672,158.10049438476562,39.80799865722656,26.459741592407227,55.320804595947266,13.970000267028809,183.27999877929688,290.3902587890625,118.1780014038086,307.7966613769531
2022-02-17,28.31999969482422,165.6208038330078,206.26914978027344,131.54507446289062,154.65249633789062,38.66699981689453,24.459619522094727,53.633975982666016,11.770000457763672,169.85000610351562,281.8870544433594,113.1500015258789,292.1166687011719
2022-02-18,27.67799949645996,164.07135009765625,204.72988891601562,129.42510986328125,152.60150146484375,39.12900161743164,23.596294403076172,53.725685119628906,11.020000457763672,164.92999267578125,279.1722106933594,111.2020034790039,285.6600036621094
2022-02-22,27.030000686645508,161.14886474609375,200.67820739746094,128.84002685546875,150.19749450683594,37.737998962402344,23.344778060913086,53.49132537841797,10.479999542236328,166.7100067138672,278.96856689453125,110.02999877929688,273.84332275390625
2022-02-23,26.219999313354492,156.98085021972656,197.07339477539062,126.63121032714844,144.82699584960938,36.74599838256836,22.343719482421875,52.35472869873047,10.430000305175781,161.8300018310547,271.7452087402344,104.94000244140625,254.67999267578125
2022-02-24,27.030000686645508,159.59933471679688,206.159912109375,131.6959228515625,151.35800170898438,39.00299835205078,23.702085494995117,53.726600646972656,11.829999923706055,182.8800048828125,285.62957763671875,114.79000091552734,266.92333984375
2022-02-25,27.365999221801758,161.66860961914062,209.01991271972656,133.45118713378906,153.7884979248047,39.08000183105469,24.11029624938965,54.46859359741211,11.470000267028809,181.75,288.2668762207031,116.0459976196289,269.9566650390625
2022-02-28,27.520000457763672,161.9333953857422,209.56610107421875,134.04420471191406,153.56300354003906,39.45199966430664,24.337854385375977,54.415794372558594,11.850000381469727,195.2100067138672,289.701904296875,115.98400115966797,290.1433410644531
2022-03-01,27.520000457763672,160.0504608154297,202.07843017578125,133.05616760253906,151.14199829101562,38.624000549316406,23.431608200073242,52.811405181884766,12.180000305175781,197.63999938964844,285.9786682128906,114.21399688720703,288.1233215332031
2022-03-02,27.649999618530273,163.34559631347656,206.66636657714844,133.56234741210938,152.05250549316406,38.00299835205078,24.177291870117188,54.262027740478516,12.0600004196167,201.75,291.0592956542969,117.41200256347656,293.2966613769531
2022-03-03,27.040000915527344,163.02194213867188,201.56202697753906,132.8953857421875,147.89849853515625,36.80699920654297,23.672183990478516,53.596923828125,11.34000015258789,191.02000427246094,286.919189453125,112.46199798583984,279.7633361816406
2022-03-04,26.45800018310547,160.0210418701172,198.67222595214844,130.91729736328125,145.64100646972656,36.17300033569336,22.895559310913086,55.20779800415039,10.960000038146973,179.02999877929688,281.04351806640625,109.41400146484375,279.42999267578125
2022-03-07,25.270000457763672,156.22572326660156,186.16952514648438,125.43077087402344,137.4530029296875,35.0260009765625,21.314350128173828,52.865135192871094,11.109999656677246,167.39999389648438,270.4266052246094,103.92400360107422,268.1933288574219
2022-03-08,25.15999984741211,154.40159606933594,188.969970703125,126.1513442993164,136.01449584960938,34.17599868774414,21.476062774658203,53.35145568847656,11.039999961853027,156.77000427246094,267.45965576171875,103.63999938964844,274.79998779296875
2022-03-09,26.3700008392334,159.80528259277344,197.12301635742188,132.41949462890625,139.2790069580078,35.87900161743164,22.973419189453125,55.30320739746094,11.649999618530273,169.7899932861328,279.7248840332031,111.91600036621094,286.3233337402344
2022-03-10,25.760000228881836,155.4607696533203,193.85586547851562,131.43641662597656,146.8175048828125,35.676998138427734,22.618045806884766,54.442657470703125,11.869999885559082,191.02000427246094,276.9033508300781,106.71800231933594,279.4333190917969
2022-03-11,24.579999923706055,151.74391174316406,186.30857849121094,128.8966064453125,145.52450561523438,34.03200149536133,22.061031341552734,53.52745056152344,11.390000343322754,190.5399932861328,271.5513000488281,102.43000030517578,265.1166687011719
2022-03-14,23.729999542236328,147.71322631835938,185.3353729248047,125.0064697265625,141.85299682617188,33.10100173950195,21.292388916015625,52.59649658203125,10.5,183.1199951171875,268.0317077636719,99.0199966430664,255.4566650390625
2022-03-15,24.510000228881836,152.09693908691406,190.69790649414062,128.22914123535156,147.3665008544922,34.375,22.932491302490234,54.908599853515625,10.770000457763672,188.63999938964844,278.4158935546875,102.84400177001953,267.2966613769531
2022-03-16,26.889999389648438,156.5101318359375,202.2174530029297,132.28102111816406,153.10400390625,35.75299835205078,24.45280647277832,56.238792419433594,11.789999961853027,189.66000366210938,285.43572998046875,109.4800033569336,280.07666015625
2022-03-17,27.1200008392334,157.52023315429688,206.39825439453125,132.8353271484375,157.23899841308594,37.13999938964844,24.72233009338379,55.826576232910156,12.319999694824219,204.1300048828125,286.2405090332031,113.33599853515625,290.5333251953125
2022-03-18,28.09600067138672,160.81541442871094,214.98825073242188,135.1046905517578,161.25050354003906,38.060001373291016,26.406354904174805,56.54355239868164,12.819999694824219,208.05999755859375,291.2920227050781,115.97599792480469,301.7966613769531
2022-03-21,27.850000381469727,162.18838500976562,210.02293395996094,135.0808563232422,161.4915008544922,37.45899963378906,26.686859130859375,56.07539749145508,12.59000015258789,204.1300048828125,290.0606689453125,113.95999908447266,307.0533447265625
2022-03-22,28.920000076293945,165.56199645996094,215.1471405029297,138.81912231445312,164.88900756835938,38.29199981689453,26.477230072021484,57.01264190673828,13.270000457763672,217.05999755859375,294.8116149902344,117.73200225830078,331.32666015625
2022-03-23,28.770999908447266,166.9251708984375,211.97926330566406,137.23855590820312,163.4080047607422,37.44900131225586,25.58880043029785,55.897274017333984,13.180000305175781,219.47999572753906,290.380615234375,113.59200286865234,333.03668212890625
2022-03-24,29.079999923706055,170.71067810058594,218.04689025878906,140.51036071777344,163.64950561523438,37.57099914550781,28.100360870361328,58.4199104309082,13.390000343322754,223.39999389648438,294.850341796875,116.21800231933594,337.97332763671875
2022-03-25,28.96299934387207,171.34812927246094,220.28126525878906,140.61058044433594,164.77349853515625,37.3849983215332,27.643171310424805,58.6474609375,12.970000267028809,221.9499969482422,294.4430847167969,112.3740005493164,336.8800048828125
2022-03-28,29.469999313354492,172.21112060546875,222.0389862060547,140.39471435546875,168.99049377441406,37.85100173950195,28.169240951538086,59.021427154541016,13.420000076293945,222.1199951171875,301.2496032714844,116.552001953125,363.9466552734375
2022-03-29,30.06999969482422,175.5063018798828,228.2655029296875,141.43685913085938,169.31500244140625,39.18199920654297,28.605470657348633,59.82252502441406,14.199999809265137,223.00999450683594,305.81634521484375,119.55000305175781,366.5233459472656
2022-03-30,29.6200008392334,174.33926391601562,226.26943969726562,140.87408447265625,166.30099487304688,38.14699935913086,27.641176223754883,58.8545036315918,13.880000114440918,224.9600067138672,304.3135070800781,114.7979965209961,364.663330078125
2022-03-31,28.93000030517578,171.24024963378906,220.81753540039062,138.02462768554688,162.99749755859375,37.45899963378906,27.237890243530273,58.72299575805664,13.729999542236328,227.0800018310547,298.93231201171875,111.37799835205078,359.20001220703125
2022-04-01,29.0,170.94606018066406,223.29026794433594,139.09950256347656,163.55999755859375,37.34700012207031,26.66489601135254,58.47120666503906,13.829999923706055,227.85000610351562,300.0085754394531,109.73799896240234,361.5299987792969
2022-04-04,30.110000610351562,174.996337890625,232.26754760742188,141.89935302734375,168.34649658203125,39.150001525878906,27.31175422668457,59.20514678955078,14.630000114440918,229.02999877929688,305.3897399902344,114.96399688720703,381.8166809082031
2022-04-05,29.209999084472656,171.6815643310547,230.23175048828125,139.53668212890625,164.05499267578125,38.01499938964844,25.88527488708496,57.27190017700195,13.890000343322754,219.9600067138672,301.4241943359375,110.64399719238281,363.7533264160156
2022-04-06,28.170000076293945,168.51393127441406,221.75100708007812,135.52401733398438,158.75599670410156,36.834999084472656,24.363964080810547,56.141605377197266,13.0,211.22000122070312,290.3902587890625,105.58999633789062,348.586669921875
2022-04-07,27.940000534057617,168.81788635253906,221.40342712402344,134.8694610595703,157.7845001220703,36.21500015258789,24.165313720703125,56.239524841308594,12.84000015258789,217.02999877929688,292.2033996582031,105.95600128173828,352.4200134277344
2022-04-08,27.479999542236328,166.80747985839844,220.78775024414062,132.28799438476562,154.4604949951172,35.5880012512207,23.078235626220703,54.742733001708984,12.699999809265137,218.2100067138672,287.937255859375,103.12000274658203,341.8299865722656
2022-04-11,26.690000534057617,162.55123901367188,214.9584503173828,127.85743713378906,151.1219940185547,34.79999923706055,21.878353118896484,54.14680480957031,12.65999984741211,216.60000610351562,276.58343505859375,102.28399658203125,325.30999755859375
2022-04-12,26.469999313354492,164.4243927001953,212.654541015625,126.75675964355469,150.78750610351562,34.40999984741211,21.466079711914062,54.562740325927734,12.460000038146973,223.50999450683594,273.4807434082031,102.04199981689453,328.98333740234375
2022-04-13,26.979999542236328,167.11146545410156,213.49864196777344,128.919921875,155.54100036621094,35.042999267578125,22.163848876953125,55.25938034057617,12.899999618530273,239.86000061035156,278.87164306640625,105.21399688720703,340.7900085449219
2022-04-14,26.15999984741211,162.10011291503906,208.7220001220703,125.77965545654297,151.7064971923828,34.112998962402344,21.220518112182617,53.51637649536133,12.420000076293945,235.22000122070312,271.318603515625,101.46600341796875,328.3333435058594
2022-04-18,26.18000030517578,161.88436889648438,209.3079071044922,126.71903991699219,152.78500366210938,33.7859992980957,21.744590759277344,54.696102142333984,12.149999618530273,224.99000549316406,271.9875183105469,99.50599670410156,334.7633361816406
2022-04-19,26.68000030517578,164.16940307617188,215.8025360107422,129.0340576171875,158.11549377441406,34.861000061035156,22.158859252929688,55.73313522338867,12.90999984741211,228.66000366210938,276.6222229003906,102.87999725341797,342.7166748046875
2022-04-20,25.059999465942383,164.002685546875,199.02969360351562,127.0798110961914,153.9980010986328,22.618999481201172,21.444120407104492,55.74245834350586,12.789999961853027,222.49000549316406,277.6499328613281,101.04399871826172,325.73333740234375
2022-04-21,24.3799991607666,163.20831298828125,186.765380859375,123.87850189208984,148.29600524902344,21.82200050354004,20.147411346435547,55.277099609375,12.329999923706055,209.85000610351562,272.268798828125,98.33399963378906,336.260009765625
2022-04-22,23.93000030517578,158.6676483154297,182.8328399658203,118.73834228515625,144.35000610351562,21.552000045776367,19.4805850982666,54.738067626953125,11.960000038146973,205.6199951171875,265.69500732421875,94.27999877929688,335.01666259765625
2022-04-25,24.059999465942383,159.73660278320312,185.69287109375,122.15106964111328,146.07400512695312,20.990999221801758,19.866905212402344,54.82479476928711,12.109999656677246,214.5800018310547,272.1815490722656,94.4540023803711,332.67333984375
2022-04-26,22.940000534057617,153.7739715576172,179.6947784423828,117.76023864746094,139.39100646972656,19.84000015258789,18.754871368408203,52.231285095214844,11.119999885559082,201.39999389648438,262.00091552734375,91.19999694824219,292.1400146484375
2022-04-27,22.959999084472656,153.5483856201172,173.7364044189453,113.4374008178711,138.16700744628906,18.854000091552734,18.382530212402344,52.18185806274414,10.5600004196167,201.05999755859375,274.60540771484375,93.25800323486328,293.836669921875
2022-04-28,24.010000228881836,160.48194885253906,204.3028564453125,117.63368225097656,144.59649658203125,19.95199966430664,19.747116088867188,53.99107360839844,10.949999809265137,207.05999755859375,280.82049560546875,100.80400085449219,292.5033264160156
2022-04-29,23.34000015258789,154.6075439453125,199.07936096191406,113.2537841796875,124.28150177001953,19.035999298095703,18.514297485351562,51.70157241821289,10.399999618530273,198.75999450683594,269.078857421875,95.62000274658203,290.2533264160156
2022-05-02,23.989999771118164,154.91159057617188,209.66543579101562,115.708740234375,124.5,19.945999145507812,19.49855613708496,53.7495231628418,10.739999771118164,203.64999389648438,275.8174743652344,96.9000015258789,300.9800109863281
2022-05-03,24.06999969482422,156.40223693847656,210.55918884277344,116.45410919189453,124.25350189208984,19.98699951171875,19.56743049621582,54.19903564453125,10.550000190734863,199.39999389648438,273.20928955078125,96.37200164794922,303.0833435058594
2022-05-04,24.829999923706055,162.8160400390625,221.86021423339844,121.34416198730469,125.92849731445312,20.400999069213867,20.298145294189453,56.29642105102539,10.979999542236328,200.38999938964844,281.1598815917969,99.89199829101562,317.5400085449219
2022-05-05,23.309999465942383,153.7445526123047,206.83517456054688,115.63182067871094,116.40699768066406,18.832000732421875,18.81077003479004,54.0889892578125,10.119999885559082,180.97999572753906,268.9140319824219,93.86599731445312,291.09332275390625
2022-05-06,22.790000915527344,154.47134399414062,202.3564910888672,114.8785171508789,114.77249908447266,18.097000122070312,18.642072677612305,54.0992431640625,9.479999542236328,164.80999755859375,266.3736877441406,91.3479995727539,288.54998779296875
2022-05-09,21.56999969482422,149.3445587158203,194.84893798828125,111.66727447509766,108.78900146484375,17.309999465942383,16.92011260986328,52.49706268310547,7.460000038146973,143.69000244140625,256.53240966796875,85.17400360107422,262.3699951171875
2022-05-10,21.81999969482422,151.75079345703125,196.27890014648438,113.53713989257812,108.85900115966797,17.766000747680664,17.563976287841797,54.21954345703125,7.289999961853027,151.8800048828125,261.3027648925781,86.46399688720703,266.67999267578125
2022-05-11,20.959999084472656,143.8838348388672,187.43075561523438,112.75059509277344,105.37200164794922,16.636999130249023,16.60067367553711,52.887821197509766,6.710000038146973,137.39999389648438,252.625,84.0719985961914,244.6666717529297
2022-05-12,20.860000610351562,140.01419067382812,189.91342163085938,111.99778747558594,106.93049621582031,17.430999755859375,16.14647674560547,53.30375671386719,7.340000152587891,139.80999755859375,247.5831756591797,86.58799743652344,242.6666717529297
2022-05-13,21.969999313354492,144.48292541503906,197.2421875,115.18023681640625,113.05500030517578,18.763999938964844,17.67477798461914,54.85837173461914,8.34000015258789,156.2899932861328,253.17762756347656,90.52999877929688,256.5299987792969
2022-05-16,21.729999542236328,142.94097900390625,198.65235900878906,113.58677673339844,110.81050109863281,18.650999069213867,17.233558654785156,54.33892059326172,8.039999961853027,146.38999938964844,253.5460968017578,86.58599853515625,241.4566650390625
2022-05-17,22.43000030517578,146.5749053955078,201.2144317626953,115.59956359863281,115.36849975585938,19.055999755859375,18.144948959350586,56.71514129638672,8.359999656677246,147.27000427246094,258.7043151855469,86.56999969482422,253.8699951171875
2022-05-18,21.270000457763672,138.30528259277344,190.9064483642578,111.06036376953125,107.11250305175781,17.7189998626709,16.90812873840332,53.21049880981445,8.010000228881836,138.5,246.92559814453125,82.44999694824219,236.60333251953125
2022-05-19,21.329999923706055,134.89723205566406,189.96304321289062,109.55622863769531,107.31900024414062,18.347999572753906,17.09380340576172,50.93871307373047,8.3100004196167,142.63999938964844,246.01202392578125,85.35199737548828,236.47332763671875
2022-05-20,21.159000396728516,135.13294982910156,192.1974334716797,108.0912857055664,107.59100341796875,18.635000228881836,16.664562225341797,50.657073974609375,8.079999923706055,148.74000549316406,245.44837951660156,86.60600280761719,221.3000030517578
2022-05-23,21.40999984741211,140.55438232421875,194.86878967285156,110.65193939208984,107.55699920654297,18.743999481201172,16.868206024169922,49.0875358581543,8.010000228881836,149.27000427246094,253.3105926513672,86.02400207519531,224.96665954589844
2022-05-24,20.43000030517578,137.85348510742188,180.02249145507812,105.17533874511719,104.0999984741211,18.034000396728516,16.125511169433594,48.88608932495117,7.550000190734863,139.8699951171875,252.30963134765625,83.93000030517578,209.3866729736328
2022-05-25,20.858999252319336,138.0106201171875,182.5547637939453,105.01155090332031,106.7750015258789,18.783000946044922,16.945064544677734,49.57901382446289,7.960000038146973,146.63999938964844,255.12796020507812,90.45800018310547,219.60000610351562
2022-05-26,22.040000915527344,141.21241760253906,190.30068969726562,106.98416900634766,111.07749938964844,19.139999389648438,17.819522857666016,51.353721618652344,8.359999656677246,155.83999633789062,258.4126892089844,90.9739990234375,235.91000366210938
2022-05-27,22.735000610351562,146.9677734375,193.77639770507812,111.47422790527344,115.14649963378906,19.518999099731445,18.777833938598633,54.39580154418945,8.850000381469727,166.82000732421875,265.5460510253906,95.25800323486328,253.2100067138672
2022-05-31,22.969999313354492,146.18203735351562,192.29676818847656,112.90889739990234,120.20950317382812,19.743999481201172,18.63907814025879,54.10204315185547,8.680000305175781,159.99000549316406,264.21466064453125,93.49400329589844,252.75332641601562
2022-06-01,22.75,146.0543670654297,187.3314208984375,113.03791809082031,121.68399810791016,19.291000366210938,18.28769874572754,53.49492645263672,8.460000038146973,161.4499969482422,264.74920654296875,95.0260009765625,246.7899932861328
2022-06-02,23.56999969482422,148.50975036621094,197.48052978515625,116.74044036865234,125.51100158691406,20.509000778198242,19.55745506286621,53.78590393066406,9.300000190734863,174.02000427246094,266.84832763671875,100.95999908447266,258.3333435058594
2022-06-03,22.719999313354492,142.78384399414062,189.45655822753906,113.68205261230469,122.3499984741211,19.898000717163086,18.68699073791504,52.534366607666016,8.9399995803833,162.10000610351562,262.416748046875,98.49600219726562,234.51666259765625
2022-06-06,23.110000610351562,143.5302734375,192.90249633789062,115.9444580078125,124.79000091552734,19.714000701904297,18.75287437438965,52.33945846557617,8.979999542236328,168.97000122070312,261.1824951171875,98.50800323486328,238.27999877929688
2022-06-07,23.360000610351562,146.0543670654297,194.2928009033203,116.27099609375,123.0,19.861000061035156,18.892629623413086,53.43618392944336,9.130000114440918,176.67999267578125,264.8268737792969,101.28600311279297,238.8866729736328
2022-06-08,23.809999465942383,145.31777954101562,195.27593994140625,116.31517028808594,121.18000030517578,20.283000946044922,18.619054794311523,52.724609375,9.180000305175781,178.83999633789062,262.7957763671875,101.08399963378906,241.86666870117188
2022-06-09,22.780000686645508,140.0927734375,182.72360229492188,113.9743423461914,116.1500015258789,19.277000427246094,18.01998519897461,51.87224578857422,8.680000305175781,173.5500030517578,257.3340148925781,98.44400024414062,239.7066650390625
2022-06-10,22.030000686645508,134.68116760253906,174.35211181640625,110.32789611816406,109.6500015258789,18.29400062561035,16.947650909423828,50.47801208496094,8.260000228881836,169.32000732421875,245.8662872314453,94.62999725341797,232.22999572753906
2022-06-13,20.639999389648438,129.52493286132812,163.12054443359375,105.59465789794922,103.66999816894531,16.9689998626709,15.622711181640625,48.272457122802734,7.639999866485596,154.52000427246094,235.4384307861328,88.0739974975586,215.73666381835938
2022-06-14,20.982999801635742,130.3892059326172,162.59420776367188,105.91523742675781,102.30999755859375,16.753999710083008,15.811420440673828,48.5102653503418,7.820000171661377,159.25999450683594,237.60560607910156,88.94999694824219,220.88999938964844
2022-06-15,21.65999984741211,133.01153564453125,168.17526245117188,108.94137573242188,107.66999816894531,18.01099967956543,16.501344680786133,49.12017059326172,8.119999885559082,164.35000610351562,244.67092895507812,93.19000244140625,233.0
2022-06-16,20.700000762939453,127.73744201660156,159.7540740966797,105.23833465576172,103.66000366210938,17.334999084472656,15.576780319213867,46.36625671386719,7.670000076293945,157.2100067138672,238.07208251953125,85.61599731445312,213.10000610351562
2022-06-17,20.979999542236328,129.2106475830078,162.60418701171875,106.34003448486328,106.22000122070312,17.551000595092773,15.85534954071045,46.50333786010742,8.239999771118164,163.89999389648438,240.67660522460938,88.75800323486328,216.75999450683594
2022-06-21,21.540000915527344,133.44366455078125,155.96058654785156,110.70751953125,108.68000030517578,17.090999603271484,16.540281295776367,47.37031555175781,8.710000038146973,164.63999938964844,246.59515380859375,91.05400085449219,237.0366668701172
2022-06-22,21.59000015258789,132.9329833984375,154.7688751220703,110.65144348144531,108.94999694824219,17.888999938964844,16.334604263305664,46.64908981323242,9.010000228881836,165.7100067138672,246.00234985351562,91.7300033569336,236.086669921875
2022-06-23,21.989999771118164,135.80081176757812,157.64877319335938,111.40027618408203,112.44000244140625,18.17099952697754,16.199813842773438,46.6942253112793,9.460000038146973,174.89999389648438,251.57095336914062,97.10600280761719,235.07000732421875
2022-06-24,22.940000534057617,139.1302490234375,168.97962951660156,117.09030151367188,116.45999908447266,19.084999084472656,17.099414825439453,47.87055587768555,10.1899995803833,184.99000549316406,260.162109375,100.81800079345703,245.7066650390625
2022-06-27,22.829999923706055,139.1302490234375,168.3142852783203,114.96485900878906,113.22000122070312,18.913999557495117,16.842811584472656,47.552738189697266,9.619999885559082,181.92999267578125,257.4312438964844,99.33999633789062,244.9199981689453
2022-06-28,21.989999771118164,134.985595703125,159.56536865234375,111.16754913330078,107.4000015258789,17.959999084472656,15.957191467285156,46.87006759643555,9.3100004196167,174.19000244140625,249.2579803466797,94.68800354003906,232.663330078125
2022-06-29,21.940000534057617,136.74363708496094,162.80276489257812,110.86384582519531,108.91999816894531,17.836000442504883,15.517874717712402,46.114051818847656,9.229999542236328,175.94000244140625,252.93154907226562,95.55799865722656,228.49000549316406
2022-06-30,21.540000915527344,134.27850341796875,160.1314239501953,108.1458740234375,106.20999908447266,17.48699951171875,15.135469436645508,45.68151092529297,9.069999694824219,168.55999755859375,249.59812927246094,95.10399627685547,224.47332763671875
2022-07-01,21.700000762939453,136.44900512695312,158.91990661621094,107.92207336425781,109.55999755859375,17.9950008392334,14.500454902648926,44.93207931518555,9.270000457763672,179.25,252.2707061767578,96.87200164794922,227.26333618164062
2022-07-05,22.360000610351562,139.03201293945312,167.02328491210938,112.41364288330078,113.5,18.58799934387207,14.94077205657959,44.787269592285156,10.069999694824219,187.02000427246094,255.4486541748047,99.18599700927734,233.06666564941406
2022-07-06,22.31999969482422,140.3677520751953,168.5923309326172,113.71281433105469,114.33000183105469,18.4060001373291,15.10651683807373,45.380611419677734,9.800000190734863,185.9199981689453,258.7140808105469,98.66200256347656,231.73333740234375
2022-07-07,22.989999771118164,143.73651123046875,170.9955596923828,117.8922348022461,116.33000183105469,18.927000045776367,15.833383560180664,46.87853240966797,10.180000305175781,190.1999969482422,260.8424072265625,99.41000366210938,244.5433349609375
2022-07-08,22.93000030517578,144.4141845703125,169.69461059570312,118.45845794677734,115.54000091552734,18.697999954223633,15.81341552734375,46.892635345458984,10.170000076293945,190.3800048828125,260.1231994628906,98.83000183105469,250.76333618164062
2022-07-11,21.920000076293945,142.2829132080078,161.75015258789062,114.80904388427734,111.75,17.733999252319336,15.1284818649292,45.40411376953125,9.5600004196167,185.3699951171875,257.0618591308594,98.08000183105469,234.3433380126953
2022-07-12,21.729999542236328,143.25526428222656,162.13742065429688,113.16544342041016,109.22000122070312,17.44499969482422,15.058588981628418,45.26400375366211,9.489999771118164,174.38999938964844,246.52711486816406,85.58799743652344,233.07000732421875
2022-07-13,21.799999237060547,142.89186096191406,162.35589599609375,110.51844787597656,110.4000015258789,17.6560001373291,15.140460968017578,45.2978630065918,9.279999732971191,174.97000122070312,245.6038818359375,84.55400085449219,237.0399932861328
2022-07-14,21.610000610351562,145.8186492919922,156.95362854003906,109.53985595703125,110.62999725341797,17.47800064086914,15.348137855529785,45.57149124145508,8.899999618530273,172.75,246.92559814453125,84.19400024414062,238.31333923339844
2022-07-15,21.94300079345703,147.48829650878906,163.5574951171875,110.93927001953125,113.55000305175781,18.910999298095703,15.737533569335938,46.49488067626953,9.039999961853027,177.89999389648438,249.4912567138672,87.1240005493164,240.06666564941406
2022-07-18,22.030000686645508,144.4436798095703,166.06997680664062,108.21236419677734,113.76000213623047,19.091999053955078,16.07600975036621,46.175167083740234,9.029999732971191,177.25,247.0908203125,85.3479995727539,240.54666137695312
2022-07-19,22.670000076293945,148.30348205566406,174.56063842773438,112.95653533935547,118.20999908447266,20.163000106811523,16.965627670288086,47.86210632324219,9.34000015258789,180.5500030517578,252.22210693359375,87.18800354003906,245.52999877929688
2022-07-20,23.280000686645508,150.30703735351562,181.81991577148438,113.04584503173828,122.7699966430664,21.643999099731445,17.779359817504883,48.1225700378418,10.109999656677246,184.3000030517578,254.88490295410156,91.37000274658203,247.5
2022-07-21,23.790000915527344,152.5758056640625,181.89939880371094,113.48255157470703,124.62999725341797,22.38800048828125,18.0219783782959,48.67829513549805,10.489999771118164,189.0,257.38262939453125,92.05799865722656,271.7066650390625
2022-07-22,23.1200008392334,151.33828735351562,168.09579467773438,107.0908432006836,122.41999816894531,22.04400062561035,17.2921199798584,48.19308853149414,9.84000015258789,183.52999877929688,253.02871704101562,89.35399627685547,272.24334716796875
2022-07-25,22.940000534057617,150.21865844726562,165.4939727783203,106.70378112792969,121.13999938964844,21.85099983215332,16.997575759887695,48.248573303222656,9.680000305175781,182.6199951171875,251.54180908203125,88.0,268.4333190917969
2022-07-26,22.34000015258789,148.8927764892578,158.04598999023438,104.23245239257812,114.80999755859375,21.391000747680664,16.50733757019043,48.058631896972656,9.399999618530273,169.1699981689453,244.8069610595703,84.56400299072266,258.8599853515625
2022-07-27,23.520000457763672,153.99009704589844,168.4036407470703,112.212158203125,120.97000122070312,22.674999237060547,17.762388229370117,49.62895202636719,10.020000457763672,176.9600067138672,261.17279052734375,89.72000122070312,274.82000732421875
2022-07-28,23.549999237060547,154.5401153564453,159.60511779785156,113.36345672607422,122.27999877929688,22.601999282836914,17.956083297729492,50.17621612548828,10.130000114440918,182.08999633789062,268.6268005371094,87.30000305175781,280.8999938964844
2022-07-29,23.790000915527344,159.60792541503906,157.996337890625,115.44771575927734,134.9499969482422,22.489999771118164,18.134807586669922,50.35205078125,10.350000381469727,183.60000610351562,272.8348388671875,89.33200073242188,297.1499938964844
2022-08-01,23.792999267578125,158.62579345703125,158.8206024169922,113.99864196777344,135.38999938964844,22.621000289916992,18.412372589111328,50.435752868652344,10.470000267028809,183.3000030517578,270.1817932128906,90.75399780273438,297.27667236328125
2022-08-02,23.75,157.15260314941406,159.0788116455078,114.26663208007812,134.16000366210938,22.142000198364258,18.497243881225586,49.95054626464844,10.920000076293945,188.13999938964844,267.0816345214844,90.88800048828125,300.586669921875
2022-08-03,24.450000762939453,163.16329956054688,167.6290740966797,117.19451141357422,139.52000427246094,22.67300033569336,18.86367416381836,51.410858154296875,11.199999809265137,195.32000732421875,274.51617431640625,94.29000091552734,307.39666748046875
2022-08-04,24.760000228881836,162.84898376464844,169.3867950439453,117.3036880493164,142.57000732421875,22.990999221801758,19.1851749420166,51.980690002441406,11.319999694824219,189.24000549316406,275.6629638671875,98.5999984741211,308.6333312988281
2022-08-05,24.219999313354492,162.62278747558594,165.95079040527344,116.58908081054688,140.8000030517578,22.67799949645996,18.95952606201172,51.85280227661133,11.449999809265137,191.1699981689453,274.9438171386719,98.97000122070312,288.1700134277344
2022-08-08,24.1299991607666,162.1506805419922,169.0690155029297,116.42037200927734,139.41000366210938,23.349000930786133,17.765378952026367,51.29707717895508,9.819999694824219,189.52000427246094,272.42669677734375,98.98999786376953,290.42333984375
2022-08-09,23.8700008392334,162.19989013671875,167.36093139648438,115.75537872314453,137.8300018310547,22.993999481201172,17.059476852416992,50.100059509277344,9.25,186.77999877929688,274.3509521484375,97.49199676513672,283.3333435058594
2022-08-10,24.690000534057617,166.44862365722656,177.10289001464844,118.8023681640625,142.69000244140625,24.410999298095703,18.068906784057617,51.75594711303711,9.59000015258789,200.8000030517578,281.0178527832031,103.23999786376953,294.3566589355469
2022-08-11,24.610000610351562,165.71102905273438,176.25877380371094,117.94879913330078,140.63999938964844,24.270000457763672,17.914148330688477,51.287662506103516,9.420000076293945,198.05999755859375,278.93804931640625,99.88999938964844,286.6300048828125
2022-08-12,25.1299991607666,169.2614288330078,179.24789428710938,120.76750946044922,143.5500030517578,24.93000030517578,18.67995834350586,52.49128341674805,9.90999984741211,200.8699951171875,283.6903991699219,101.302001953125,300.0299987792969
2022-08-15,25.270000457763672,170.33348083496094,179.63519287109375,121.16452026367188,143.17999267578125,24.910999298095703,19.00245475769043,52.5599250793457,9.90999984741211,201.82000732421875,285.2064208984375,100.81400299072266,309.32000732421875
2022-08-16,25.15999984741211,170.17613220214844,178.22503662109375,120.78736114501953,144.77999877929688,24.569000244140625,18.84969711303711,51.87255096435547,9.739999771118164,200.41000366210938,284.4678649902344,99.3479995727539,306.5633239746094
2022-08-17,24.739999771118164,171.67105102539062,173.63710021972656,118.65349578857422,142.10000610351562,24.114999771118164,18.306541442871094,50.644493103027344,9.430000305175781,196.88999938964844,283.7178955078125,97.75199890136719,303.9966735839844
2022-08-18,24.739999771118164,171.2776641845703,173.4484100341797,119.26883697509766,142.3000030517578,24.517000198364258,18.74386215209961,52.511966705322266,9.149999618530273,195.75999450683594,282.59796142578125,97.91999816894531,302.8699951171875
2022-08-19,24.270000457763672,168.6910400390625,166.7948760986328,116.3310317993164,138.22999572753906,24.115999221801758,17.8212947845459,51.56977081298828,8.510000228881836,190.52000427246094,278.6828308105469,95.25199890136719,296.6666564941406
2022-08-22,23.57900047302246,164.80618286132812,161.9189453125,113.38330078125,133.22000122070312,22.65399932861328,17.007558822631836,49.71922302246094,8.069999694824219,185.8800048828125,270.50201416015625,91.94200134277344,289.913330078125
2022-08-23,23.600000381469727,164.47178649902344,159.99240112304688,113.00615692138672,133.6199951171875,22.454999923706055,17.154333114624023,49.816078186035156,8.010000228881836,192.36000061035156,269.2262268066406,91.99800109863281,296.4533386230469
2022-08-24,23.829999923706055,164.76683044433594,162.1274871826172,112.83744049072266,133.8000030517578,22.961000442504883,17.195266723632812,49.915748596191406,8.100000381469727,194.6199951171875,268.59320068359375,91.50399780273438,297.0966796875
2022-08-25,24.59000015258789,167.22561645507812,167.60919189453125,115.77523040771484,137.27999877929688,23.398000717163086,17.885190963745117,51.72962188720703,8.420000076293945,202.94000244140625,271.5733642578125,93.20600128173828,296.07000732421875
2022-08-26,23.56999969482422,160.9213409423828,160.65773010253906,109.51254272460938,130.75,22.327999114990234,16.234758377075195,48.977317810058594,7.940000057220459,194.55999755859375,261.0941162109375,88.93800354003906,288.0899963378906
2022-08-29,23.25,158.71829223632812,158.0658721923828,108.59945678710938,129.7899932861328,22.457000732421875,15.776473045349121,48.34918212890625,7.809999942779541,192.0500030517578,258.3087158203125,87.15599822998047,284.82000732421875
2022-08-30,22.84000015258789,156.2889862060547,156.06980895996094,108.12306213378906,128.72999572753906,22.065000534057617,15.443989753723145,47.61668395996094,7.789999961853027,193.2949981689453,256.10772705078125,87.36799621582031,277.70001220703125
2022-08-31,22.940000534057617,154.6268768310547,161.7997589111328,107.40845489501953,126.7699966430664,22.356000900268555,15.07056999206543,46.932132720947266,7.71999979019165,182.61000061035156,254.64686584472656,86.92400360107422,275.6099853515625
2022-09-01,22.8700008392334,155.35470581054688,164.21292114257812,108.91705322265625,127.81999969482422,23.003999710083008,13.915364265441895,46.26451110839844,7.489999771118164,172.97000122070312,253.60479736328125,86.11199951171875,277.1600036621094
2022-09-02,22.459999084472656,153.24014282226562,159.20790100097656,107.04122161865234,127.51000213623047,22.611000061035156,13.625815391540527,47.036502838134766,7.400000095367432,172.4499969482422,249.37806701660156,86.9020004272461,270.2099914550781
2022-09-06,22.1200008392334,151.9812469482422,157.4402313232422,106.009033203125,126.11000061035156,21.839000701904297,13.444098472595215,46.846561431884766,7.28000020980835,171.14999389648438,246.64138793945312,86.09400177001953,274.4200134277344
2022-09-07,22.6200008392334,153.3876495361328,159.2773895263672,108.62921905517578,129.47999572753906,22.895999908447266,13.69678020477295,47.49820327758789,7.389999866485596,171.9600067138672,251.3550567626953,88.83200073242188,283.70001220703125
2022-09-08,22.639999389648438,151.91244506835938,160.935791015625,107.56724548339844,129.82000732421875,22.743999481201172,13.972434043884277,48.13761901855469,7.53000020980835,179.875,251.7738800048828,90.15399932861328,289.260009765625
2022-09-09,23.299999237060547,154.77439880371094,167.97662353515625,109.82022857666016,133.27000427246094,23.35700035095215,14.368936538696289,49.122127532958984,7.789999961853027,190.86000061035156,257.558837890625,94.00599670410156,299.67999267578125
2022-09-12,23.60300064086914,160.73443603515625,167.78794860839844,110.02865600585938,136.4499969482422,23.652999877929688,14.486786842346191,49.748374938964844,8.010000228881836,195.10000610351562,259.6916198730469,95.25800323486328,304.4200134277344
2022-09-13,22.079999923706055,151.30264282226562,152.0677490234375,103.5376968383789,126.81999969482422,21.812999725341797,13.11451244354248,47.35903549194336,7.480000019073486,184.6999969482422,245.41424560546875,90.47599792480469,292.1300048828125
2022-09-14,22.222999572753906,152.74839782714844,150.41928100585938,104.21259307861328,128.5500030517578,22.41200065612793,13.111518859863281,48.026649475097656,7.630000114440918,184.11000061035156,245.6382598876953,91.49800109863281,302.6099853515625
2022-09-15,22.15999984741211,149.8568572998047,148.5126190185547,102.13826751708984,126.27999877929688,23.538000106811523,12.91276741027832,47.02898406982422,8.010000228881836,178.86000061035156,238.9767303466797,87.11000061035156,303.75
2022-09-16,22.0,148.21444702148438,145.2751922607422,102.02909088134766,123.52999877929688,24.01300048828125,13.181427955627441,47.25090408325195,7.78000020980835,171.00999450683594,238.3534698486328,85.16000366210938,303.3500061035156
2022-09-19,22.249000549316406,151.9320831298828,146.99322509765625,102.29707336425781,124.66000366210938,24.363000869750977,13.365198135375977,47.18883514404297,7.860000133514404,175.38999938964844,238.13917541503906,85.01000213623047,309.07000732421875
2022-09-20,22.09000015258789,154.31216430664062,145.0765838623047,100.38153839111328,122.19000244140625,24.28499984741211,13.159454345703125,46.36323547363281,7.619999885559082,173.8699951171875,236.1231689453125,82.23999786376953,308.7300109863281
2022-09-21,21.56100082397461,151.1846466064453,141.13414001464844,98.53550720214844,118.54000091552734,23.687000274658203,13.244349479675293,45.71656799316406,7.690000057220459,169.25,232.7145233154297,80.28600311279297,300.79998779296875
2022-09-22,21.320999145507812,150.2207794189453,141.82928466796875,99.3890380859375,117.30999755859375,23.704999923706055,12.5452299118042,45.28703308105469,7.369999885559082,161.27999877929688,234.6915283203125,77.39399719238281,288.5899963378906
2022-09-23,20.860000610351562,147.94888305664062,139.4359893798828,97.99954223632812,113.77999877929688,22.641000747680664,12.500286102294922,44.44028854370117,7.400000095367432,160.38999938964844,231.71142578125,75.40799713134766,275.3299865722656
2022-09-26,20.719999313354492,148.28326416015625,135.42401123046875,97.43380737304688,115.1500015258789,22.406999588012695,12.212647438049316,43.83154296875,7.53000020980835,159.35000610351562,231.253662109375,74.0199966430664,276.010009765625
2022-09-27,20.743000030517578,149.2569122314453,133.46766662597656,96.76884460449219,114.41000366210938,22.43600082397461,12.397414207458496,44.06764221191406,7.630000114440918,162.5800018310547,230.24081420898438,75.79000091552734,282.94000244140625
2022-09-28,21.350000381469727,147.3686065673828,140.62767028808594,99.29972076416016,118.01000213623047,24.520000457763672,12.720008850097656,44.182376861572266,7.940000057220459,167.25,234.77923583984375,77.7699966430664,287.80999755859375
2022-09-29,20.643999099731445,140.13002014160156,135.46376037597656,96.68944549560547,114.80000305175781,23.97100067138672,12.204656600952148,42.68137741088867,8.079999923706055,165.6999969482422,231.30238342285156,77.0999984741211,268.2099914550781
2022-09-30,20.450000762939453,135.9206085205078,134.73880004882812,94.9327163696289,113.0,23.54400062561035,12.123757362365723,42.101078033447266,8.130000114440918,164.80999755859375,226.82240295410156,75.52200317382812,265.25
2022-10-03,20.663000106811523,140.10047912597656,137.6484832763672,97.9002914428711,115.87999725341797,23.90399932861328,12.496288299560547,43.311927795410156,8.239999771118164,169.30999755859375,234.45785522460938,78.34200286865234,242.39999389648438
2022-10-04,21.298999786376953,143.69032287597656,139.30691528320312,100.87779998779297,121.08999633789062,24.073999404907227,13.150467872619629,45.50038146972656,8.460000038146973,175.07000732421875,242.38540649414062,82.30999755859375,249.44000244140625
2022-10-05,21.229999542236328,143.98532104492188,138.0159149169922,100.66937255859375,120.94999694824219,23.67300033569336,13.192414283752441,45.968788146972656,8.420000076293945,176.6999969482422,242.69703674316406,84.11599731445312,240.80999755859375
2022-10-06,21.167999267578125,143.03134155273438,138.1053009033203,100.6594467163086,120.30000305175781,24.00200080871582,13.113513946533203,45.466243743896484,8.470000267028809,178.38999938964844,240.3498992919922,83.68599700927734,238.1300048828125
2022-10-07,20.18400001525879,137.7794189453125,132.52427673339844,97.93999481201172,114.55999755859375,22.475000381469727,12.060837745666504,43.66276168823242,8.149999618530273,171.8800048828125,228.12747192382812,80.24199676513672,223.07000732421875
2022-10-10,19.975000381469727,138.10397338867188,132.86192321777344,97.12613677978516,113.66999816894531,22.99799919128418,11.655345916748047,41.50276184082031,8.0600004196167,161.0800018310547,223.26763916015625,76.35600280761719,222.9600067138672
2022-10-11,19.36199951171875,136.68772888183594,127.64832305908203,96.45124053955078,112.20999908447266,21.429000854492188,11.571453094482422,40.84470748901367,8.039999961853027,155.7899932861328,219.52784729003906,74.26000213623047,216.5
2022-10-12,19.427000045776367,136.0582733154297,126.61555480957031,96.82838439941406,112.9000015258789,22.086999893188477,11.48556137084961,40.826690673828125,8.069999694824219,152.99000549316406,219.85897827148438,73.82599639892578,217.24000549316406
2022-10-13,19.770000457763672,140.63160705566406,129.3861846923828,98.317138671875,112.52999877929688,23.250999450683594,11.94498348236084,41.52836608886719,8.079999923706055,152.60000610351562,228.12747192382812,72.37999725341797,221.72000122070312
2022-10-14,19.024999618530273,136.09762573242188,125.88067626953125,95.83588409423828,106.9000015258789,23.0,11.212902069091797,40.49766540527344,7.53000020980835,145.97999572753906,222.59567260742188,68.35199737548828,204.99000549316406
2022-10-17,19.959999084472656,140.0611572265625,133.1101837158203,99.22032165527344,113.79000091552734,24.510000228881836,11.87307357788086,41.281829833984375,7.940000057220459,151.61000061035156,231.3315887451172,69.72200012207031,219.35000610351562
2022-10-18,19.940000534057617,141.37904357910156,131.87881469726562,100.01431274414062,116.36000061035156,24.086000442504883,11.95197582244873,41.23062515258789,8.15999984741211,156.8800048828125,232.27627563476562,71.35800170898438,220.19000244140625
2022-10-19,19.940000534057617,141.4872283935547,132.30580139160156,98.88287353515625,115.06999969482422,27.238000869750977,12.035868644714355,41.27519226074219,7.909999847412109,152.5399932861328,230.3090057373047,71.08799743652344,222.0399932861328
2022-10-20,19.847000122070312,141.0249786376953,130.6175994873047,99.22032165527344,115.25,26.81599998474121,12.178690910339355,40.80108642578125,8.039999961853027,153.8800048828125,229.9875946044922,71.25199890136719,207.27999877929688
2022-10-21,20.304000854492188,144.8410186767578,129.10813903808594,100.3716049194336,119.31999969482422,28.957000732421875,12.450347900390625,42.6434440612793,8.289999961853027,156.32000732421875,235.8018035888672,72.13400268554688,214.44000244140625
2022-10-24,19.874000549316406,146.9850311279297,128.82015991210938,101.75120544433594,119.81999969482422,28.2450008392334,12.58318042755127,43.28727340698242,8.270000457763672,157.97000122070312,240.79794311523438,73.31199645996094,211.25
2022-10-25,20.444000244140625,149.82737731933594,136.5561065673828,103.69650268554688,120.5999984741211,29.101999282836914,13.244349479675293,43.62388229370117,8.65999984741211,162.11000061035156,244.11895751953125,75.33200073242188,222.4199981689453
2022-10-26,20.027000427246094,146.88668823242188,128.91946411132812,94.2181167602539,115.66000366210938,29.86199951171875,12.87980842590332,43.729129791259766,8.569999694824219,161.77000427246094,225.2836456298828,73.28199768066406,224.63999938964844
2022-10-27,19.207000732421875,142.41172790527344,97.26060485839844,91.5284423828125,110.95999908447266,29.694000244140625,13.159454345703125,43.18107223510742,8.600000381469727,164.72999572753906,220.83290100097656,83.13400268554688,225.08999633789062
2022-10-28,19.469999313354492,153.1713104248047,98.5118637084961,95.56791687011719,103.41000366210938,29.57200050354004,13.816630363464355,44.84042739868164,8.640000343322754,163.64999389648438,229.7148895263672,84.08000183105469,228.52000427246094
2022-10-31,19.1200008392334,150.81085205078125,92.5137710571289,93.80126953125,102.44000244140625,29.187999725341797,13.480053901672363,44.57682800292969,8.789999961853027,161.1999969482422,226.072509765625,84.14800262451172,227.5399932861328
2022-11-01,18.92799949645996,148.16525268554688,94.53961181640625,89.79155731201172,96.79000091552734,28.674999237060547,13.525995254516602,44.366329193115234,8.649999618530273,160.52999877929688,222.21580505371094,83.71199798583984,227.82000732421875
2022-11-02,18.264999389648438,142.637939453125,89.91193389892578,86.31781768798828,92.12000274658203,27.299999237060547,13.202400207519531,43.24081039428711,8.220000267028809,147.99000549316406,214.35643005371094,78.53600311279297,214.97999572753906
2022-11-03,17.93000030517578,136.58937072753906,88.29325103759766,82.80435180664062,89.30000305175781,26.9060001373291,13.40414810180664,42.111507415771484,8.079999923706055,141.52999877929688,208.65907287597656,77.11199951171875,215.30999755859375
2022-11-04,18.32900047302246,136.32337951660156,90.16020965576172,85.93072509765625,90.9800033569336,26.07900047302246,14.138226509094238,44.11979293823242,7.929999828338623,127.55999755859375,215.6127471923828,72.3499984741211,207.47000122070312
2022-11-07,18.48200035095215,136.85536193847656,96.04905700683594,87.82640075683594,90.52999877929688,25.860000610351562,14.283044815063477,45.06040573120117,7.019999980926514,124.68000030517578,221.9236602783203,72.63999938964844,197.0800018310547
2022-11-08,18.516000747680664,137.4267578125,95.8008041381836,88.23332977294922,89.9800033569336,26.34600067138672,14.58366584777832,45.71371841430664,7.210000038146973,127.0,222.8975830078125,74.22799682617188,191.3000030517578
2022-11-09,17.84000015258789,132.8655548095703,100.76612091064453,86.6651840209961,86.13999938964844,25.465999603271484,13.75870418548584,44.51518630981445,6.980000019073486,122.36000061035156,218.65135192871094,72.25399780273438,177.58999633789062
2022-11-10,19.53499984741211,144.68722534179688,111.09397888183594,93.23553466796875,96.62999725341797,27.496999740600586,15.730224609375,48.033016204833984,7.639999866485596,135.75999450683594,236.63937377929688,80.81199645996094,190.72000122070312
2022-11-11,20.143999099731445,147.4751434326172,112.23600006103516,95.68701934814453,100.79000091552734,29.01300048828125,16.306499481201172,49.12535095214844,8.40999984741211,143.1199951171875,240.66160583496094,81.98200225830078,195.97000122070312
2022-11-14,20.132999420166016,146.0762481689453,113.42767333984375,94.98234558105469,98.48999786376953,29.927000045776367,16.274538040161133,48.66357421875,8.100000381469727,142.00999450683594,235.2467041015625,80.08000183105469,190.9499969482422
2022-11-15,20.739999771118164,147.8101043701172,116.267822265625,97.70178985595703,98.94000244140625,31.020000457763672,16.645071029663086,49.72555923461914,8.34000015258789,148.3000030517578,235.6557159423828,83.89600372314453,194.4199981689453
2022-11-16,20.329999923706055,146.5786895751953,112.44454193115234,98.10871124267578,97.12000274658203,30.601999282836914,15.890022277832031,48.52228546142578,8.0600004196167,143.64999389648438,236.08544921875,82.44000244140625,186.9199981689453
2022-11-17,20.350000381469727,148.48001098632812,110.67688751220703,97.62239074707031,94.8499984741211,29.527999877929688,15.657317161560059,48.558319091796875,7.619999885559082,139.22999572753906,236.03660583496094,80.11599731445312,183.1699981689453
2022-11-18,20.040000915527344,149.04150390625,111.27272033691406,96.69937133789062,94.13999938964844,28.79800033569336,15.389654159545898,48.84752655029297,7.389999866485596,138.99000549316406,235.58734130859375,79.8759994506836,180.19000244140625
2022-11-21,19.697999954223633,145.8102569580078,109.09790802001953,94.88308715820312,92.45999908447266,28.5049991607666,15.297767639160156,49.0637092590332,7.190000057220459,135.55999755859375,236.39797973632812,77.47599792480469,167.8699951171875
2022-11-22,19.95599937438965,147.94801330566406,110.66696166992188,96.32221984863281,93.19999694824219,28.66900062561035,16.01786231994629,50.25939178466797,7.21999979019165,135.8000030517578,239.3083953857422,80.05599975585938,169.91000366210938
2022-11-23,20.31999969482422,148.82481384277344,111.4614028930664,97.72164154052734,94.12999725341797,29.149999618530273,16.49825668334961,50.59980010986328,7.369999885559082,140.88999938964844,241.798828125,81.8740005493164,183.1999969482422
2022-11-25,20.030000686645508,145.90878295898438,110.63717651367188,96.72914123535156,93.41000366210938,28.554000854492188,16.249570846557617,50.246124267578125,7.28000020980835,140.0500030517578,241.7109375,81.44200134277344,182.86000061035156
2022-11-28,19.760000228881836,142.07662963867188,108.0254135131836,95.32971954345703,93.94999694824219,28.117000579833984,15.807126998901367,49.51601028442383,7.159999847412109,139.4499969482422,236.11473083496094,80.38600158691406,182.9199981689453
2022-11-29,19.812999725341797,139.07191467285156,108.70069122314453,94.47616577148438,92.41999816894531,28.09600067138672,15.619362831115723,49.438262939453125,7.079999923706055,138.0,234.71810913085938,79.37000274658203,180.8300018310547
2022-11-30,21.239999771118164,145.8300018310547,117.28075408935547,100.232666015625,96.54000091552734,30.55299949645996,16.906076431274414,52.248722076416016,7.5,117.6500015258789,249.18234252929688,83.26000213623047,194.6999969482422
2022-12-01,21.4060001373291,146.1058349609375,119.60452270507812,100.232666015625,95.5,31.69499969482422,17.117860794067383,52.222171783447266,7.860000133514404,124.06999969482422,248.74281311035156,85.12000274658203,194.6999969482422
2022-12-02,21.565000534057617,145.6132354736328,122.63335418701172,99.68679809570312,94.12999725341797,32.04100036621094,16.859121322631836,51.27871322631836,7.659999847412109,124.0,249.0651092529297,82.5739974975586,194.86000061035156
2022-12-05,21.309999465942383,144.45079040527344,121.58071899414062,98.73400115966797,91.01000213623047,31.259000778198242,16.59339141845703,50.315345764160156,7.190000057220459,118.33000183105469,244.3576202392578,78.4520034790039,182.4499969482422
2022-12-06,20.79400062561035,140.78607177734375,113.32837677001953,96.25274658203125,88.25,30.555999755859375,15.971012115478516,49.85830307006836,6.989999771118164,113.83000183105469,239.39625549316406,77.83000183105469,179.82000732421875
2022-12-07,20.611000061035156,138.8453369140625,113.13968658447266,94.22803497314453,88.45999908447266,30.841999053955078,16.103879928588867,49.16421890258789,7.070000171661377,113.19999694824219,238.663818359375,77.7040023803711,174.0399932861328
2022-12-08,21.117000579833984,140.52992248535156,114.52996826171875,93.00726318359375,90.3499984741211,31.025999069213867,17.15182876586914,50.35706329345703,7.119999885559082,114.23999786376953,241.623046875,79.24600219726562,173.44000244140625
2022-12-09,21.090999603271484,140.04722595214844,115.09602355957031,92.13386535644531,89.08999633789062,32.000999450683594,16.98399543762207,51.65040588378906,7.110000133514404,115.08000183105469,239.6892852783203,78.71600341796875,179.0500030517578
2022-12-12,21.047000885009766,142.3426055908203,113.91426849365234,92.61026000976562,90.55000305175781,31.51799964904785,17.517465591430664,52.77971267700195,7.289999961853027,118.54000091552734,246.6137237548828,80.3280029296875,167.82000732421875
2022-12-13,21.459999084472656,143.30801391601562,119.31654357910156,94.91287231445312,92.48999786376953,32.034000396728516,18.05392837524414,54.14607620239258,7.5,120.98999786376953,250.92076110839844,83.23400115966797,160.9499969482422
2022-12-14,21.30500030517578,141.0815887451172,120.74654388427734,94.35706329345703,91.58000183105469,31.783000946044922,17.656330108642578,54.468467712402344,7.349999904632568,120.56999969482422,251.21377563476562,83.6780014038086,156.8000030517578
2022-12-15,20.301000595092773,134.4713134765625,115.34429168701172,90.17863464355469,88.44999694824219,29.041000366210938,16.935047149658203,52.90961837768555,7.010000228881836,114.98999786376953,243.19541931152344,80.12799835205078,157.6699981689453
2022-12-16,20.17799949645996,132.51089477539062,118.6015396118164,89.5831298828125,87.86000061035156,29.070999145507812,16.554428100585938,52.711448669433594,6.900000095367432,111.5,238.97633361816406,78.8740005493164,150.22999572753906
2022-12-19,19.729999542236328,130.4027099609375,113.68587493896484,87.77677917480469,84.91999816894531,28.829999923706055,16.237747192382812,52.550819396972656,6.349999904632568,108.08999633789062,234.83531188964844,76.45999908447266,149.8699951171875
2022-12-20,19.690000534057617,130.33375549316406,116.27774810791016,88.3524398803711,85.19000244140625,28.819000244140625,16.06891441345215,52.01444625854492,6.309999942779541,109.83000183105469,236.15382385253906,77.29399871826172,137.8000030517578
2022-12-21,20.104999542236328,133.4369659423828,118.92924499511719,88.90823364257812,86.7699966430664,29.79599952697754,16.484498977661133,53.659908294677734,6.5,107.3499984741211,238.72242736816406,78.38200378417969,137.57000732421875
2022-12-22,19.34600067138672,130.26478576660156,116.30755615234375,87.10187530517578,83.79000091552734,29.774999618530273,15.323657989501953,52.88163375854492,6.320000171661377,103.97000122070312,232.62811279296875,75.98799896240234,125.3499984741211
2022-12-23,19.350000381469727,129.90029907226562,117.2211685180664,88.56085968017578,85.25,29.496000289916992,15.190793991088867,52.81853103637695,6.289999961853027,101.98999786376953,233.155517578125,76.37200164794922,123.1500015258789
2022-12-27,18.799999237060547,128.09747314453125,116.06922912597656,86.73466491699219,83.04000091552734,28.41699981689453,14.106876373291016,52.924659729003906,6.0,100.66000366210938,231.4268341064453,76.12799835205078,109.0999984741211
2022-12-28,18.559999465942383,124.16679382324219,114.81796264648438,85.37492370605469,81.81999969482422,27.687999725341797,14.02196216583252,52.09761428833008,6.070000171661377,99.95999908447266,229.05357360839844,75.20999908447266,112.70999908447266
2022-12-29,19.350000381469727,127.6837387084961,119.42577362060547,87.78669738769531,84.18000030517578,29.11199951171875,14.588395118713379,53.33291244506836,6.400000095367432,104.56999969482422,235.3822479248047,77.97000122070312,121.81999969482422
2022-12-30,19.329999923706055,127.99893188476562,119.50521087646484,87.568359375,84.0,29.488000869750977,14.599385261535645,53.45912170410156,6.420000076293945,105.29000091552734,234.22003173828125,77.65399932861328,123.18000030517578
2023-01-03,19.027000427246094,123.21121215820312,123.87468719482422,88.45169067382812,85.81999969482422,29.4950008392334,14.300682067871094,52.91892623901367,6.389999866485596,103.27999877929688,233.98565673828125,77.0999984741211,108.0999984741211
2023-01-04,19.155000686645508,124.48204040527344,126.48644256591797,87.41948699951172,85.13999938964844,30.94099998474121,14.734249114990234,53.56524658203125,6.579999923706055,104.36499786376953,223.7503662109375,78.7699966430664,113.63999938964844
2023-01-05,18.700000762939453,123.16195678710938,126.05943298339844,85.55357360839844,83.12000274658203,30.969999313354492,14.25073528289795,53.066162109375,6.320000171661377,94.88999938964844,217.11891174316406,73.26399993896484,110.33999633789062
2023-01-06,19.110000610351562,127.693603515625,129.11807250976562,86.68502807617188,86.08000183105469,31.55500030517578,14.844141960144043,56.26053237915039,6.400000095367432,94.72000122070312,219.677734375,73.30599975585938,113.05999755859375
2023-01-09,19.538000106811523,128.21568298339844,128.57186889648438,87.35992431640625,87.36000061035156,31.517000198364258,15.612371444702148,55.15718460083008,6.5,96.56999969482422,221.8165740966797,75.71199798583984,119.7699966430664
2023-01-10,19.923999786376953,128.78709411621094,132.06747436523438,87.75692749023438,89.87000274658203,32.75400161743164,15.893089294433594,54.969783782958984,6.699999809265137,95.66999816894531,223.50621032714844,76.16799926757812,118.8499984741211
2023-01-11,20.36400032043457,131.5060577392578,131.96815490722656,90.83368682861328,95.08999633789062,32.72600173950195,15.984996795654297,55.276695251464844,6.980000019073486,97.0,230.2646026611328,78.75599670410156,123.22000122070312
2023-01-12,20.621000289916992,131.42726135253906,135.76165771484375,90.44660186767578,95.2699966430664,33.01300048828125,16.494489669799805,55.640018463134766,7.010000228881836,97.9800033569336,232.94064331054688,82.6520004272461,123.55999755859375
2023-01-13,20.766000747680664,132.75717163085938,136.02978515625,91.42919158935547,98.12000274658203,33.28200149536133,16.882099151611328,55.358924865722656,6.960000038146973,99.52999877929688,233.64382934570312,82.97799682617188,122.4000015258789
2023-01-17,20.950000762939453,133.91964721679688,134.4210205078125,90.60540008544922,96.05000305175781,32.62200164794922,17.684297561645508,55.38187026977539,7.070000171661377,104.43000030517578,234.73768615722656,83.64800262451172,131.49000549316406
2023-01-18,20.663000106811523,133.20053100585938,132.09727478027344,90.43669891357422,95.45999908447266,32.632999420166016,17.3596248626709,54.90859603881836,6.900000095367432,101.0,230.30368041992188,83.23999786376953,128.77999877929688
2023-01-19,20.350000381469727,133.25961303710938,135.20553588867188,92.35221862792969,93.68000030517578,31.577999114990234,16.748231887817383,53.85017395019531,6.730000019073486,99.8499984741211,226.5142822265625,85.68599700927734,127.16999816894531
2023-01-20,21.31999969482422,135.82098388671875,138.4031982421875,97.2849349975586,97.25,34.25,17.821165084838867,54.572998046875,7.019999980926514,103.41000366210938,234.61068725585938,88.36599731445312,133.4199981689453
2023-01-23,22.214000701904297,139.01283264160156,142.27615356445312,99.04166412353516,97.5199966430664,35.742000579833984,19.173805236816406,55.610374450683594,7.380000114440918,106.30000305175781,236.9156036376953,88.48799896240234,143.75
2023-01-24,22.06599998474121,140.41171264648438,142.14707946777344,96.96733856201172,96.31999969482422,36.382999420166016,19.24573516845703,55.935462951660156,7.019999980926514,104.5999984741211,236.38819885253906,88.68199920654297,143.88999938964844
2023-01-25,21.999000549316406,139.75164794921875,140.51844787597656,94.50594329833984,97.18000030517578,36.79600143432617,19.30367660522461,55.99760055541992,7.21999979019165,100.81999969482422,234.99159240722656,89.75399780273438,144.42999267578125
2023-01-26,22.68000030517578,141.82044982910156,146.27821350097656,96.78868865966797,99.22000122070312,36.48699951171875,19.782196044921875,57.23099136352539,7.239999771118164,104.47000122070312,242.2090301513672,92.61399841308594,160.27000427246094
2023-01-27,23.273000717163086,143.7611846923828,150.68739318847656,98.62482452392578,102.23999786376953,36.07699966430664,20.344635009765625,56.50530242919922,7.550000190734863,104.3499984741211,242.36529541015625,91.77200317382812,177.89999389648438
2023-01-30,22.530000686645508,140.87474060058594,146.03985595703125,96.21304321289062,100.55000305175781,35.31100082397461,19.142837524414062,55.593170166015625,7.369999885559082,101.37000274658203,237.04257202148438,88.51399993896484,166.66000366210938
2023-01-31,22.979999542236328,142.1455535888672,147.93663024902344,98.09878540039062,103.12999725341797,35.38600158691406,19.5174617767334,55.93354415893555,7.78000020980835,105.9000015258789,242.0234832763672,91.0260009765625,173.22000122070312
2023-02-01,23.8799991607666,143.2686004638672,152.05783081054688,99.67687225341797,105.1500015258789,36.19900131225586,20.922054290771484,57.62968826293945,8.199999809265137,110.5,246.84811401367188,94.76200103759766,181.41000366210938
2023-02-02,25.50200080871582,148.57852172851562,187.4604949951172,106.93204498291016,112.91000366210938,36.68899917602539,21.687288284301758,57.918434143066406,8.989999771118164,115.93000030517578,258.42138671875,98.25399780273438,188.27000427246094
2023-02-03,24.93000030517578,152.20382690429688,185.23606872558594,103.99424743652344,103.38999938964844,36.59000015258789,21.07889747619629,57.13920211791992,8.40999984741211,113.55999755859375,252.3173828125,94.44400024414062,189.97999572753906
2023-02-06,24.649999618530273,149.47496032714844,184.76931762695312,102.12834930419922,102.18000030517578,36.14799880981445,21.067909240722656,57.491050720214844,8.3100004196167,109.41999816894531,250.77423095703125,91.04399871826172,194.75999450683594
2023-02-07,25.266000747680664,152.3515625,190.29074096679688,106.83280181884766,102.11000061035156,36.29499816894531,22.15082550048828,58.74834060668945,8.329999923706055,114.58999633789062,261.3122863769531,92.6520004272461,196.80999755859375
2023-02-08,24.882999420166016,149.6621551513672,182.15757751464844,98.62482452392578,100.05000305175781,36.68299865722656,22.18279266357422,57.53025817871094,8.220000267028809,114.4800033569336,260.501708984375,92.7959976196289,201.2899932861328
2023-02-09,24.690000534057617,148.62774658203125,176.68577575683594,94.29751586914062,98.23999786376953,36.25,22.314659118652344,57.31034469604492,7.949999809265137,113.41999816894531,257.4642639160156,92.66000366210938,207.32000732421875
2023-02-10,24.08799934387207,148.9928436279297,172.9419403076172,93.86082458496094,97.61000061035156,34.736000061035156,21.24373435974121,56.72138214111328,7.510000228881836,108.95999908447266,256.9564208984375,91.6719970703125,196.88999938964844
2023-02-13,24.530000686645508,151.79490661621094,178.18531799316406,93.90052032470703,99.54000091552734,35.856998443603516,21.76620864868164,57.47384262084961,7.610000133514404,112.16999816894531,264.98455810546875,92.20800018310547,194.63999938964844
2023-02-14,25.1299991607666,151.153564453125,178.2349853515625,93.96998596191406,99.69999694824219,35.99599838256836,22.948026657104492,57.587615966796875,9.220000267028809,116.30999755859375,265.8146057128906,92.2699966430664,209.25
2023-02-15,25.2189998626709,153.255126953125,175.93106079101562,96.21304321289062,101.16000366210938,36.141998291015625,22.741233825683594,58.10200500488281,10.109999656677246,120.5199966430664,263.69000244140625,92.78199768066406,214.24000549316406
2023-02-16,24.384000778198242,151.65676879882812,171.24378967285156,94.79376220703125,98.1500015258789,35.07099914550781,21.979995727539062,57.41838455200195,9.710000038146973,115.12000274658203,256.6698913574219,90.73799896240234,202.0399932861328
2023-02-17,24.062000274658203,150.5122528076172,171.68077087402344,93.64247131347656,97.19999694824219,34.79600143432617,21.36661148071289,56.94511032104492,9.199999809265137,114.25,252.66539001464844,87.802001953125,208.30999755859375
2023-02-21,23.399999618530273,146.49661254882812,170.8863067626953,91.1016616821289,94.58000183105469,33.75,20.63434410095215,55.60177993774414,8.470000267028809,112.43000030517578,247.38807678222656,86.37200164794922,197.3699951171875
2023-02-22,23.43000030517578,146.92086791992188,169.93296813964844,90.96270751953125,95.79000091552734,33.487998962402344,20.733243942260742,55.088340759277344,8.359999656677246,117.62999725341797,246.2523193359375,87.96800231933594,200.86000061035156
2023-02-23,23.8799991607666,147.40432739257812,170.84657287597656,90.20841217041016,95.81999969482422,32.3650016784668,23.640331268310547,55.81785583496094,8.170000076293945,117.44000244140625,249.4441680908203,88.34200286865234,202.07000732421875
2023-02-24,23.450000762939453,144.7502899169922,169.20803833007812,88.46160125732422,93.5,31.71500015258789,23.262710571289062,55.23940658569336,8.09000015258789,117.27999877929688,244.0102081298828,85.11799621582031,196.8800048828125
2023-02-27,23.799999237060547,145.94407653808594,168.3639373779297,89.19606018066406,93.76000213623047,32.303001403808594,23.477497100830078,55.97561264038086,8.029999732971191,120.6500015258789,244.93055725097656,85.71399688720703,207.6300048828125
2023-02-28,23.84000015258789,145.44093322753906,173.72647094726562,89.38463592529297,94.2300033569336,32.2130012512207,23.192781448364258,56.82081985473633,7.840000152587891,120.69000244140625,244.2060089111328,86.43399810791016,205.7100067138672
2023-03-01,23.503999710083008,143.36895751953125,172.2169952392578,89.6823959350586,92.16999816894531,31.347999572753906,22.6752986907959,56.75197219848633,7.690000057220459,120.20999908447266,241.12185668945312,85.78800201416016,202.77000427246094
2023-03-02,23.31100082397461,143.9609375,173.31930541992188,91.31008911132812,92.12999725341797,31.187999725341797,23.29068374633789,57.2376823425293,7.96999979019165,123.63999938964844,245.86068725585938,87.20800018310547,190.89999389648438
2023-03-03,24.020999908447266,149.01254272460938,183.9649658203125,92.94770812988281,94.9000015258789,31.51799964904785,23.866106033325195,60.498985290527344,8.329999923706055,126.04000091552734,249.95330810546875,88.7959976196289,197.7899932861328
2023-03-06,23.951000213623047,151.77516174316406,183.61734008789062,94.4166030883789,93.75,31.202999114990234,23.530445098876953,60.514278411865234,8.279999732971191,127.58999633789062,251.50025939941406,89.2040023803711,193.80999755859375
2023-03-07,23.770000457763672,149.57493591308594,183.23007202148438,93.15613555908203,93.55000305175781,30.847000122070312,23.26866340637207,59.77137756347656,8.279999732971191,124.93000030517578,248.83712768554688,88.96199798583984,187.7100067138672
2023-03-08,23.950000762939453,150.82798767089844,183.6868896484375,93.543212890625,93.91999816894531,31.179000854492188,24.16092300415039,60.4511833190918,8.130000114440918,128.9199981689453,248.39654541015625,89.39399719238281,182.0
2023-03-09,23.290000915527344,148.5784454345703,180.42962646484375,91.62769317626953,92.25,29.777999877929688,23.41653823852539,59.519927978515625,7.690000057220459,121.68000030517578,247.04539489746094,85.69999694824219,172.9199981689453
2023-03-10,22.93199920654297,146.51634216308594,178.2647705078125,89.95035552978516,90.7300033569336,29.275999069213867,22.9459285736084,58.78466796875,7.349999904632568,119.72000122070312,243.3933868408203,83.01599884033203,173.44000244140625
2023-03-13,23.18000030517578,148.4600067138672,179.64512634277344,90.4267578125,92.43000030517578,29.35099983215332,22.946928024291992,58.941471099853516,7.869999885559082,121.41000366210938,248.6119384765625,82.98600006103516,174.47999572753906
2023-03-14,24.110000610351562,150.5517120361328,192.67410278320312,93.26531982421875,94.87999725341797,29.493999481201172,24.043018341064453,60.47029495239258,7.889999866485596,128.00999450683594,255.33831787109375,84.90799713134766,183.25999450683594
2023-03-15,24.350000381469727,150.9463653564453,196.3782501220703,95.38926696777344,96.19999694824219,30.378999710083008,24.207883834838867,59.85647201538086,7.900000095367432,129.32000732421875,259.89111328125,84.4520034790039,180.4499969482422
2023-03-16,25.29599952697754,153.7681884765625,203.50840759277344,99.56769561767578,100.04000091552734,31.006000518798828,25.519790649414062,60.856571197509766,7.980000019073486,133.52000427246094,270.4261779785156,88.47799682617188,184.1300048828125
2023-03-17,25.059999465942383,152.92950439453125,194.25308227539062,100.85794067382812,98.94999694824219,30.350000381469727,25.70363998413086,60.327842712402344,7.880000114440918,133.1199951171875,273.5886535644531,88.19999694824219,180.1300048828125
2023-03-20,25.033000946044922,155.2974853515625,196.43780517578125,100.46094512939453,97.70999908447266,30.51300048828125,25.87849235534668,61.545936584472656,8.079999923706055,132.74000549316406,266.5392150878906,87.02999877929688,183.25
2023-03-21,25.593000411987305,157.1523895263672,200.75765991210938,104.1332015991211,100.61000061035156,30.57900047302246,26.17724609375,61.31865692138672,8.449999809265137,136.02000427246094,268.0567932128906,89.09200286865234,197.5800018310547
2023-03-22,25.280000686645508,155.7217254638672,198.4239501953125,102.5948257446289,98.69999694824219,29.389999389648438,26.446022033691406,60.757232666015625,8.210000038146973,133.25999450683594,266.597900390625,86.7020034790039,191.14999389648438
2023-03-23,25.93000030517578,156.8070526123047,202.86293029785156,104.80809020996094,98.70999908447266,32.0369987487793,27.168420791625977,61.55747985839844,8.329999923706055,134.5399932861328,271.8556213378906,88.09400177001953,192.22000122070312
2023-03-24,25.770000457763672,158.10940551757812,204.58094787597656,104.64930725097656,98.12999725341797,32.8390007019043,26.75676155090332,61.2628059387207,8.199999809265137,131.5399932861328,274.704833984375,86.58000183105469,190.41000366210938
2023-03-27,25.533000946044922,156.16571044921875,201.43292236328125,101.691650390625,98.04000091552734,32.76599884033203,26.508970260620117,60.36433410644531,8.039999961853027,131.38999938964844,270.6024169921875,86.26200103759766,191.80999755859375
2023-03-28,25.27199935913086,155.5441131591797,199.28790283203125,100.27236938476562,97.23999786376953,32.35200119018555,26.3880672454834,60.15825271606445,8.0,128.63999938964844,269.47650146484375,85.81600189208984,189.19000244140625
2023-03-29,25.809999465942383,158.62245178222656,203.92552185058594,100.62966918945312,100.25,33.202999114990234,26.961593627929688,60.23529052734375,8.220000267028809,129.60000610351562,274.6460876464844,87.68800354003906,193.8800048828125
2023-03-30,26.190000534057617,160.19122314453125,206.39825439453125,100.13341522216797,102.0,33.84299850463867,27.360261917114258,61.02975845336914,8.149999618530273,131.72000122070312,278.112060546875,87.9260025024414,195.27999877929688
2023-03-31,26.8700008392334,162.69728088378906,210.4698028564453,102.95213317871094,103.29000091552734,34.54800033569336,27.753934860229492,61.779930114746094,8.449999809265137,137.25999450683594,282.273193359375,92.94400024414062,207.4600067138672
2023-04-03,26.673999786376953,163.95028686523438,211.5919647216797,103.57740020751953,102.41000366210938,34.827999114990234,27.941774368286133,61.86949920654297,8.380000114440918,136.5500030517578,281.2256774902344,92.89800262451172,194.77000427246094
2023-04-04,26.709999084472656,163.4175567626953,213.23049926757812,103.93470001220703,103.94999694824219,34.67499923706055,27.430198669433594,61.09331512451172,8.350000381469727,136.86000061035156,281.1767272949219,95.20999908447266,192.5800018310547
2023-04-05,26.110000610351562,161.572509765625,210.0129852294922,103.68656921386719,101.0999984741211,34.23500061035156,26.858678817749023,60.57330322265625,7.980000019073486,127.80000305175781,278.39599609375,93.46600341796875,185.52000427246094
2023-04-06,26.280000686645508,162.4604949951172,214.6009521484375,107.60694885253906,102.05999755859375,33.93299865722656,27.01454734802246,59.959869384765625,8.09000015258789,127.81999969482422,285.5043029785156,94.6259994506836,185.05999755859375
2023-04-10,26.327999114990234,159.86561584472656,213.2602996826172,105.64179992675781,102.16999816894531,33.89899826049805,27.55609703063965,60.41729736328125,8.390000343322754,128.10000610351562,283.3404541015625,94.52799987792969,184.50999450683594
2023-04-11,25.959999084472656,158.6520538330078,212.3665771484375,104.55998229980469,99.91999816894531,33.82099914550781,27.146440505981445,59.856834411621094,8.609999656677246,129.86000061035156,276.9176025390625,93.96399688720703,186.7899932861328
2023-04-12,25.631999969482422,157.96141052246094,212.51551818847656,103.85530090332031,97.83000183105469,33.10300064086914,26.472997665405273,59.387855529785156,8.329999923706055,135.0,277.5637512207031,94.28600311279297,180.5399932861328
2023-04-13,26.329999923706055,163.34848022460938,218.82147216796875,106.62437438964844,102.4000015258789,34.61899948120117,26.441024780273438,60.113948822021484,8.579999923706055,136.10000610351562,283.7810363769531,96.69999694824219,185.89999389648438
2023-04-14,26.249000549316406,163.00315856933594,219.95358276367188,108.05357360839844,102.51000213623047,33.862998962402344,26.73577880859375,59.66134262084961,8.8100004196167,135.77000427246094,280.158447265625,92.60600280761719,185.0
2023-04-17,26.17099952697754,163.0228729248047,217.341796875,105.17533874511719,102.73999786376953,33.27199935913086,26.979576110839844,60.41440963745117,8.800000190734863,137.3699951171875,282.7627868652344,94.11000061035156,187.0399932861328
2023-04-18,26.19300079345703,164.246337890625,216.37852478027344,103.71635437011719,102.30000305175781,33.369998931884766,27.644023895263672,60.892051696777344,8.729999542236328,136.3800048828125,282.3417053222656,95.197998046875,184.30999755859375
2023-04-19,26.09000015258789,165.3908233642578,214.20370483398438,103.39874267578125,104.30000305175781,32.3120002746582,27.907804489135742,61.101985931396484,8.489999771118164,132.8300018310547,282.420166015625,95.11799621582031,180.58999633789062
2023-04-20,25.68000030517578,164.42388916015625,211.5919647216797,104.50042724609375,103.80999755859375,32.53499984741211,27.081493377685547,60.95945739746094,8.149999618530273,129.88999938964844,280.12908935546875,93.53800201416016,162.99000549316406
2023-04-21,25.81999969482422,162.81570434570312,211.4132080078125,104.61953735351562,106.95999908447266,32.79800033569336,27.096477508544922,60.94791030883789,8.180000305175781,132.25,279.7863464355469,94.66200256347656,165.0800018310547
2023-04-24,25.670000076293945,163.12152099609375,211.31390380859375,105.17533874511719,106.20999908447266,32.902000427246094,27.01954460144043,61.105838775634766,8.100000381469727,130.39999389648438,275.8797302246094,94.5999984741211,162.5500030517578
2023-04-25,24.93000030517578,161.58236694335938,206.11026000976562,103.07122039794922,102.56999969482422,32.255001068115234,26.219207763671875,59.90016555786133,7.739999771118164,122.1500015258789,269.66253662109375,88.45600128173828,160.6699981689453
2023-04-26,25.510000228881836,161.572509765625,207.94740295410156,102.93226623535156,104.9800033569336,32.1150016784668,26.933612823486328,59.338741302490234,7.739999771118164,124.12000274658203,289.1954345703125,90.80599975585938,153.75
2023-04-27,26.479999542236328,166.160400390625,236.90513610839844,106.78317260742188,109.81999969482422,32.584999084472656,27.203392028808594,59.552528381347656,7.820000171661377,126.05000305175781,298.4576721191406,90.86799621582031,160.19000244140625
2023-04-28,26.610000610351562,167.41343688964844,238.65292358398438,106.53504943847656,105.44999694824219,32.99300003051758,27.72595977783203,60.33159255981445,7.75,120.05000305175781,300.8369140625,91.88400268554688,164.30999755859375
2023-05-01,26.53700065612793,167.32464599609375,241.4930877685547,106.39608764648438,102.05000305175781,32.4119987487793,28.885990142822266,61.43421936035156,7.78000020980835,118.79000091552734,299.17242431640625,90.08200073242188,161.8300018310547
2023-05-02,26.280000686645508,166.28866577148438,237.5804443359375,104.53019714355469,103.62999725341797,31.7549991607666,28.18657112121582,58.967987060546875,7.590000152587891,116.73999786376953,299.0256042480469,88.73600006103516,160.30999755859375
2023-05-03,26.0,165.2132110595703,235.38577270507812,104.61953735351562,103.6500015258789,31.93000030517578,27.77890968322754,59.050804138183594,7.559999942779541,117.66999816894531,298.0366516113281,87.41600036621094,160.61000061035156
2023-05-04,26.219999313354492,163.57537841796875,231.90013122558594,103.90492248535156,104.0,32.077999114990234,27.539112091064453,58.758056640625,7.380000114440918,117.87999725341797,299.0256042480469,86.10199737548828,161.1999969482422
2023-05-05,26.790000915527344,171.25148010253906,231.16522216796875,104.77833557128906,105.66000366210938,32.2760009765625,28.65618324279785,60.680198669433594,7.409999847412109,122.44999694824219,304.156005859375,86.95999908447266,170.05999755859375
2023-05-08,27.170000076293945,171.1824188232422,231.65184020996094,106.96182250976562,105.83000183105469,33.12099838256836,29.12679100036621,60.57810592651367,7.739999771118164,132.41000366210938,302.1977844238281,87.7979965209961,171.7899932861328
2023-05-09,27.18000030517578,169.47552490234375,231.75112915039062,106.54498291015625,106.62000274658203,33.2140007019043,28.547273635864258,59.56216049194336,9.550000190734863,129.94000244140625,300.5823059082031,88.27799987792969,169.14999389648438
2023-05-10,27.690000534057617,171.24159240722656,231.46315002441406,110.91197967529297,110.19000244140625,33.54199981689453,28.86101531982422,60.30943298339844,9.9399995803833,133.8000030517578,305.78131103515625,90.8280029296875,168.5399932861328
2023-05-11,27.950000762939453,171.4290771484375,234.15432739257812,115.69583129882812,112.18000030517578,34.47600173950195,28.554269790649414,60.44426345825195,9.880000114440918,132.14999389648438,303.6273193359375,90.51399993896484,172.0800018310547
2023-05-12,27.6299991607666,170.50033569335938,232.18809509277344,116.62879180908203,110.26000213623047,33.98899841308594,28.316463470458984,60.779380798339844,9.5,130.22999572753906,302.5111999511719,91.04000091552734,167.97999572753906
2023-05-15,27.899999618530273,170.00631713867188,237.2030792236328,115.63628387451172,111.19999694824219,33.5890007019043,28.928955078125,61.61236572265625,9.520000457763672,135.5500030517578,302.99090576171875,92.62799835205078,166.35000610351562
2023-05-16,28.1200008392334,170.00631713867188,237.16336059570312,118.6137924194336,113.4000015258789,33.375,29.188737869262695,61.77029800415039,9.470000267028809,134.00999450683594,305.2232666015625,93.64800262451172,166.52000427246094
2023-05-17,28.649999618530273,170.61888122558594,240.80789184570312,119.9338150024414,115.5,33.99599838256836,30.15294075012207,63.3139762878418,10.25,137.22999572753906,308.1080322265625,98.58399963378906,173.86000061035156
2023-05-18,29.639999389648438,172.95059204101562,245.13763427734375,121.90888977050781,118.1500015258789,37.12900161743164,31.651695251464844,65.2813949584961,11.739999771118164,141.85000610351562,312.54327392578125,102.03399658203125,176.88999938964844
2023-05-19,29.309999465942383,173.05926513671875,243.93601989746094,121.83940887451172,116.25,36.5359992980957,31.238040924072266,65.70028686523438,11.710000038146973,144.72000122070312,312.3666687011719,102.05999755859375,180.13999938964844
2023-05-22,29.549999237060547,172.1107940673828,246.5974578857422,124.11224365234375,115.01000213623047,36.30099868774414,31.150114059448242,65.3266372680664,11.84000015258789,147.41000366210938,315.1533508300781,102.27799987792969,188.8699951171875
2023-05-23,29.1299991607666,169.50245666503906,245.02841186523438,121.64090728759766,114.98999786376953,35.5989990234375,30.662517547607422,66.10955810546875,12.640000343322754,143.89999389648438,309.3444519042969,100.02799987792969,185.77000427246094
2023-05-24,29.260000228881836,169.77906799316406,247.48129272460938,119.99337005615234,116.75,36.48500061035156,30.51263999938965,65.43834686279297,12.229999542236328,149.1999969482422,307.9609069824219,100.51000213623047,182.89999389648438
2023-05-25,29.950000762939453,170.91531372070312,250.93711853027344,122.55402374267578,115.0,35.900001525878906,37.94845962524414,70.18302154541016,12.84000015258789,149.61000061035156,319.8044738769531,106.35600280761719,184.47000122070312
2023-05-26,31.010000228881836,173.32603454589844,260.22222900390625,123.67554473876953,120.11000061035156,37.88800048828125,38.913658142089844,78.26543426513672,13.649999618530273,154.1199951171875,326.6435546875,107.49199676513672,193.1699981689453
2023-05-30,31.450000762939453,175.1736297607422,260.6988830566406,122.74259185791016,121.66000366210938,39.29800033569336,40.077693939208984,77.3611831665039,14.710000038146973,158.58999633789062,324.9950866699219,109.8239974975586,201.16000366210938
2023-05-31,31.079999923706055,175.1242218017578,262.8836975097656,121.94859313964844,120.58000183105469,39.52299880981445,37.80258560180664,77.80608367919922,14.710000038146973,160.1300048828125,322.2280578613281,108.95600128173828,203.92999267578125
2023-06-01,31.760000228881836,177.93014526367188,270.71893310546875,122.79222106933594,122.7699966430664,40.3129997253418,39.73697280883789,76.07173919677734,14.539999961853027,157.5500030517578,326.3394775390625,108.59200286865234,207.52000427246094
2023-06-02,31.950000762939453,178.77981567382812,270.71893310546875,123.7350845336914,124.25,40.047000885009766,39.294342041015625,78.19512176513672,14.520000457763672,151.32000732421875,329.10650634765625,109.63600158691406,213.97000122070312
2023-06-05,32.13999938964844,177.42626953125,269.50738525390625,125.06505584716797,125.30000305175781,40.354000091552734,39.13847732543945,77.26102447509766,15.239999771118164,154.0800018310547,329.6364440917969,111.34200286865234,217.61000061035156
2023-06-06,32.369998931884766,177.0607147216797,269.23931884765625,126.35529327392578,126.61000061035156,39.92900085449219,38.62190246582031,76.0765380859375,15.460000038146973,153.0399932861328,327.4187927246094,111.16000366210938,221.30999755859375
2023-06-07,31.3799991607666,175.68740844726562,261.7714538574219,121.58136749267578,121.2300033569336,39.97700119018555,37.447750091552734,76.32979583740234,14.6899995803833,149.22999572753906,317.31207275390625,105.66400146484375,224.57000732421875
2023-06-08,32.08000183105469,178.4044189453125,262.74462890625,121.22406768798828,124.25,40.9370002746582,38.48200225830078,77.4439926147461,15.1899995803833,151.3000030517578,319.15679931640625,107.06800079345703,234.86000061035156
2023-06-09,32.310001373291016,178.7897186279297,263.11212158203125,121.31339263916016,123.43000030517578,42.00199890136719,38.7418212890625,77.48442840576172,15.020000457763672,149.52999877929688,320.6580810546875,106.80599975585938,244.39999389648438
2023-06-12,32.93000030517578,181.58578491210938,269.16973876953125,122.71280670166016,126.56999969482422,42.39699935913086,39.45329284667969,82.37068176269531,15.649999618530273,151.11000061035156,325.6231384277344,109.2699966430664,249.8300018310547
2023-06-13,33.22999954223633,181.1115264892578,269.4378967285156,122.90138244628906,126.66000366210938,43.573001861572266,40.99217987060547,81.96237182617188,16.0,153.11000061035156,328.0173645019531,110.94400024414062,258.7099914550781
2023-06-14,33.7400016784668,181.7438507080078,271.4537658691406,122.74259185791016,126.41999816894531,44.08599853515625,42.96574783325195,85.33863067626953,15.90999984741211,153.9600067138672,331.01007080078125,113.46199798583984,256.7900085449219
2023-06-15,34.0099983215332,183.77915954589844,279.8749694824219,124.15193939208984,127.11000061035156,44.527000427246094,42.62199401855469,85.07380676269531,16.600000381469727,159.80999755859375,341.5682678222656,114.8740005493164,255.89999389648438
2023-06-16,33.58000183105469,182.7022247314453,279.05072021484375,122.6036376953125,125.48999786376953,43.19599914550781,42.66096115112305,83.5984878540039,16.299999237060547,155.13999938964844,335.9064636230469,113.09600067138672,260.5400085449219
2023-06-20,33.720001220703125,182.79112243652344,282.357666015625,122.1768569946289,125.77999877929688,43.470001220703125,43.776153564453125,83.5907974243164,15.789999961853027,152.0800018310547,331.706787109375,111.89800262451172,274.45001220703125
2023-06-21,33.02000045776367,181.7537384033203,279.68634033203125,119.64598846435547,124.83000183105469,42.44499969482422,43.013702392578125,82.06405639648438,14.640000343322754,143.85000610351562,327.3010559082031,109.36000061035156,259.4599914550781
2023-06-22,33.400001525878906,184.75726318359375,282.9038391113281,122.22649383544922,130.14999389648438,42.24800109863281,42.99372100830078,81.5577163696289,14.050000190734863,145.8000030517578,333.33563232421875,109.9739990234375,264.6099853515625
2023-06-23,33.2599983215332,184.4411163330078,286.7271423339844,121.42255401611328,129.3300018310547,42.402000427246094,42.178314208984375,79.59436798095703,14.029999732971191,143.64999389648438,328.7336120605469,108.5979995727539,256.6000061035156
2023-06-26,32.189998626708984,183.0480194091797,276.53826904296875,117.45256042480469,127.33000183105469,41.59400177001953,40.60245895385742,79.54402160644531,13.9399995803833,141.80999755859375,322.4341125488281,107.59400177001953,241.0500030517578
2023-06-27,32.9119987487793,185.80458068847656,285.05877685546875,117.44264221191406,129.17999267578125,41.70800018310547,41.84555435180664,82.13570404052734,14.609999656677246,144.27999877929688,328.2921142578125,107.99199676513672,250.2100067138672
2023-06-28,33.279998779296875,186.98031616210938,283.31097412109375,119.27876281738281,129.0399932861328,42.98400115966797,41.08710861206055,82.0911636352539,15.279999732971191,145.08999633789062,329.548095703125,109.73400115966797,256.239990234375
2023-06-29,33.02000045776367,187.3162078857422,279.5770568847656,118.20685577392578,127.9000015258789,42.82400131225586,40.792320251464844,83.5075454711914,15.199999809265137,143.99000549316406,328.7630920410156,109.61599731445312,257.5
2023-06-30,33.630001068115234,191.6436767578125,284.9892578125,118.8023681640625,130.36000061035156,44.04899978637695,42.27124786376953,83.97803497314453,15.329999923706055,146.8699951171875,334.1501159667969,112.39399719238281,261.7699890136719
2023-07-03,33.900001525878906,190.1518096923828,284.035888671875,119.00086212158203,130.22000122070312,44.14400100708008,42.38216018676758,84.85031127929688,15.520000457763672,145.9600067138672,331.64788818359375,112.5739974975586,279.82000732421875
2023-07-05,33.959999084472656,189.0353546142578,292.3279724121094,120.83699035644531,130.3800048828125,44.59000015258789,42.28623580932617,83.43878936767578,15.699999809265137,145.0800018310547,331.8049011230469,113.1520004272461,282.4800109863281
2023-07-06,33.70000076293945,189.5095977783203,289.9645080566406,119.20928192138672,128.36000061035156,43.88399887084961,42.0723991394043,82.09696960449219,15.130000114440918,143.61000061035156,334.8663635253906,111.16600036621094,276.5400085449219
2023-07-07,33.619998931884766,188.39312744140625,288.5146179199219,118.58402252197266,129.77999877929688,43.810001373291016,42.472103118896484,81.97596740722656,15.34000015258789,144.0500030517578,330.8923645019531,110.59600067138672,274.42999267578125
2023-07-10,33.27000045776367,186.3479766845703,292.05987548828125,115.57672882080078,127.12999725341797,44.17100143432617,42.14933395385742,84.9752197265625,16.299999237060547,149.9499969482422,325.6034851074219,113.12000274658203,269.6099853515625
2023-07-11,33.369998931884766,185.82432556152344,296.2208251953125,116.26155853271484,128.77999877929688,44.020999908447266,42.37416458129883,85.3934326171875,16.489999771118164,150.7899932861328,326.23150634765625,112.28800201416016,269.7900085449219
2023-07-12,34.029998779296875,187.49407958984375,307.1941833496094,118.03813934326172,130.8000030517578,44.404998779296875,43.87008285522461,86.15825653076172,16.59000015258789,146.1300048828125,330.87274169921875,112.26799774169922,271.989990234375
2023-07-13,34.959999084472656,188.25482177734375,311.2359313964844,123.60607147216797,134.3000030517578,45.03799819946289,45.94356918334961,86.19794464111328,16.739999771118164,150.75,336.23028564453125,115.48999786376953,277.8999938964844
2023-07-14,34.77000045776367,188.40304565429688,306.7274169921875,124.47946166992188,134.67999267578125,44.191001892089844,45.43594741821289,86.02561950683594,16.399999618530273,149.39999389648438,338.76190185546875,116.07599639892578,281.3800048828125
2023-07-17,35.25,191.6634521484375,308.4652099609375,123.7152328491211,133.55999755859375,45.005001068115234,46.427223205566406,88.13322448730469,17.399999618530273,152.72999572753906,339.2427062988281,118.47599792480469,290.3800048828125
2023-07-18,35.72999954223633,191.4065704345703,309.8853454589844,122.8319091796875,132.8300018310547,47.47999954223633,47.459468841552734,87.46328735351562,18.079999923706055,152.9499969482422,352.74444580078125,119.4260025024414,293.3399963378906
2023-07-19,35.630001068115234,192.76014709472656,313.8179016113281,121.11489868164062,135.36000061035156,47.75899887084961,47.04277420043945,87.26385498046875,18.049999237060547,157.61000061035156,348.4172058105469,120.6500015258789,291.260009765625
2023-07-20,33.93000030517578,190.81375122070312,300.42144775390625,118.30611419677734,129.9600067138672,43.742000579833984,45.48690414428711,86.00238800048828,17.1299991607666,148.07000732421875,340.36126708984375,115.7760009765625,262.8999938964844
2023-07-21,33.66999816894531,189.63803100585938,292.2187805175781,119.11995697021484,130.0,42.75,44.27678298950195,86.81658172607422,16.43000030517578,150.89999389648438,337.3194580078125,116.40399932861328,260.0199890136719
2023-07-24,33.77000045776367,190.43832397460938,289.587158203125,120.61864471435547,128.8000030517578,42.83700180053711,44.579566955566406,87.28514099121094,16.31999969482422,149.74000549316406,338.63433837890625,115.60800170898438,269.05999755859375
2023-07-25,34.119998931884766,191.29788208007812,292.4272766113281,121.29354095458984,129.1300048828125,42.77000045776367,45.64579772949219,88.87288665771484,16.549999237060547,150.94000244140625,344.3941650390625,116.47599792480469,265.2799987792969
2023-07-26,33.900001525878906,192.16734313964844,296.4988708496094,128.30059814453125,128.14999389648438,42.266998291015625,45.4189567565918,86.46224212646484,16.43000030517578,154.6300048828125,331.43206787109375,115.4540023803711,264.3500061035156
2023-07-27,33.790000915527344,190.9027099609375,309.5477294921875,128.42962646484375,128.25,41.31700134277344,45.86663818359375,86.50482940673828,16.149999618530273,152.85000610351562,324.5143737792969,111.97799682617188,255.7100067138672
2023-07-28,34.7400016784668,193.48138427734375,323.22216796875,131.58578491210938,132.2100067138672,42.577999114990234,46.71601104736328,87.11088562011719,17.809999465942383,155.60000610351562,332.020751953125,113.90799713134766,266.44000244140625
2023-07-31,34.93000030517578,194.09393310546875,316.3899230957031,131.72471618652344,133.67999267578125,43.89699935913086,46.695030212402344,87.00051879882812,19.84000015258789,161.66000366210938,329.6167907714844,116.5999984741211,267.42999267578125
2023-08-01,34.849998474121094,193.26405334472656,320.47137451171875,130.56349182128906,131.69000244140625,43.86199951171875,46.47319030761719,89.06747436523438,19.989999771118164,165.9600067138672,330.0289001464844,118.0780029296875,261.07000732421875
2023-08-02,33.54999923706055,190.2703399658203,312.1296691894531,127.41727447509766,128.2100067138672,42.970001220703125,44.23681640625,86.3857650756836,18.969999313354492,154.72999572753906,321.354736328125,112.63400268554688,254.11000061035156
2023-08-03,33.72999954223633,188.87725830078125,311.0174560546875,127.48673248291016,128.91000366210938,43.099998474121094,44.48263931274414,85.6771011352539,18.709999084472656,157.5500030517578,320.530517578125,112.08000183105469,259.32000732421875
2023-08-04,33.880001068115234,179.807373046875,308.5744934082031,127.1492919921875,139.57000732421875,43.15999984741211,44.64751434326172,85.35470581054688,18.200000762939453,150.49000549316406,321.6294860839844,110.32599639892578,253.86000061035156
2023-08-07,34.16999816894531,176.70501708984375,314.36407470703125,130.54364013671875,142.22000122070312,44.07600021362305,45.38398742675781,86.84658813476562,17.989999771118164,150.97000122070312,323.91571044921875,110.97799682617188,251.4499969482422
2023-08-08,33.720001220703125,177.6436309814453,310.47125244140625,130.41461181640625,139.94000244140625,43.83000183105469,44.63153839111328,85.50089263916016,17.040000915527344,145.8800048828125,319.93194580078125,110.56600189208984,249.6999969482422
2023-08-09,32.959999084472656,176.05294799804688,303.0927734375,128.68768310546875,137.85000610351562,42.88999938964844,42.523067474365234,82.36125946044922,15.25,145.4600067138672,316.1836853027344,110.06600189208984,242.19000244140625
2023-08-10,33.099998474121094,175.8355712890625,303.6191101074219,128.7174530029297,138.55999755859375,42.99800109863281,42.35719680786133,81.60323333740234,15.40999984741211,147.86000061035156,316.8705139160156,111.0,245.33999633789062
2023-08-11,32.63999938964844,175.8949432373047,299.54754638671875,128.58840942382812,138.41000366210938,42.16600036621094,40.82530212402344,80.33112335205078,15.40999984741211,148.22000122070312,314.9865417480469,111.48799896240234,242.64999389648438
2023-08-14,33.16999816894531,177.54713439941406,304.0660095214844,130.34515380859375,140.57000732421875,42.77799987792969,43.721187591552734,82.6875228881836,15.720000267028809,152.3699951171875,317.9596862792969,113.24199676513672,239.75999450683594
2023-08-15,32.86000061035156,175.5585479736328,299.8554382324219,128.80679321289062,137.6699981689453,42.369998931884766,43.90805435180664,81.56645202636719,15.369999885559082,149.6300048828125,315.820556640625,111.91999816894531,232.9600067138672
2023-08-16,32.33000183105469,174.6879425048828,292.2485656738281,127.73487091064453,135.07000732421875,41.54499816894531,43.45438766479492,80.64381408691406,15.449999809265137,149.0,315.0536193847656,109.9000015258789,225.60000610351562
2023-08-17,31.829999923706055,172.1453399658203,283.11236572265625,128.9457244873047,133.97999572753906,40.29999923706055,43.3124885559082,80.07359313964844,14.149999618530273,144.3800048828125,311.5923156738281,108.72799682617188,219.22000122070312
2023-08-18,31.719999313354492,172.63011169433594,281.28515625,126.50416564941406,133.22000122070312,40.452999114990234,43.26752471923828,79.95161437988281,14.399999618530273,146.8000030517578,311.1990051269531,108.30000305175781,215.49000549316406
2023-08-21,32.52000045776367,173.96572875976562,287.8890075683594,127.4073257446289,134.67999267578125,40.82899856567383,46.93285369873047,83.75634002685547,14.5,153.89999389648438,316.5088806152344,110.94000244140625,231.27999877929688
2023-08-22,32.540000915527344,175.34091186523438,285.6049499511719,128.1120147705078,134.25,41.31700134277344,45.63479995727539,82.85114288330078,14.670000076293945,152.3300018310547,317.0792236328125,112.36399841308594,233.19000244140625
2023-08-23,33.25,179.189453125,292.19891357421875,131.37733459472656,135.52000427246094,42.755001068115234,47.081756591796875,84.86387634277344,15.300000190734863,153.80999755859375,321.5434875488281,113.5999984741211,236.86000061035156
2023-08-24,32.27000045776367,174.49996948242188,284.7608642578125,128.80679321289062,131.83999633789062,40.69300079345703,47.12871551513672,82.72238159179688,14.140000343322754,145.4499969482422,314.6307678222656,109.90799713134766,230.0399932861328
2023-08-25,32.560001373291016,176.70619201660156,283.5195007324219,128.90602111816406,133.25999450683594,41.60300064086914,45.98454284667969,82.46680450439453,14.529999732971191,149.5800018310547,317.590576171875,112.7300033569336,238.58999633789062
2023-08-28,32.709999084472656,178.26937866210938,288.24652099609375,130.0275421142578,133.13999938964844,41.805999755859375,46.80094909667969,83.36328125,14.640000343322754,144.02999877929688,318.2985534667969,113.66200256347656,238.82000732421875
2023-08-29,33.630001068115234,182.157470703125,295.9228515625,133.5608673095703,134.91000366210938,42.999000549316406,48.74853515625,86.15631866455078,15.399999618530273,146.6999969482422,322.92999267578125,115.77400207519531,257.17999267578125
2023-08-30,33.83000183105469,185.6498565673828,293.0529479980469,134.86102294921875,135.07000732421875,43.46699905395508,49.22819137573242,86.38382720947266,16.329999923706055,149.17999267578125,323.30364990234375,117.64800262451172,256.8999938964844
2023-08-31,34.029998779296875,185.8674774169922,293.83746337890625,135.1488494873047,138.00999450683594,43.36800003051758,49.319122314453125,89.34725952148438,14.979999542236328,163.02999877929688,322.2908020019531,117.76599884033203,258.0799865722656
2023-09-01,33.90999984741211,187.4405517578125,294.3240661621094,134.64268493652344,138.1199951171875,43.987998962402344,48.47373580932617,84.47080993652344,15.180000305175781,161.22999572753906,323.17578125,118.1760025024414,245.00999450683594
2023-09-05,34.33000183105469,187.67796325683594,298.06787109375,134.75186157226562,137.27000427246094,44.86800003051758,48.5127067565918,84.43692016601562,15.210000038146973,165.42999267578125,327.9841613769531,119.43199920654297,256.489990234375
2023-09-06,33.849998474121094,180.96035766601562,297.09466552734375,133.45167541503906,135.36000061035156,44.57600021362305,47.03066635131836,84.44661712646484,15.300000190734863,166.22999572753906,327.3253479003906,119.7020034790039,251.9199981689453
2023-09-07,33.66999816894531,175.66737365722656,296.5981750488281,134.24566650390625,137.85000610351562,44.31399917602539,46.21120071411133,82.97119140625,15.210000038146973,166.63999938964844,324.4049072265625,119.86399841308594,251.49000549316406
2023-09-08,33.70000076293945,176.28076171875,295.8235778808594,135.35728454589844,138.22999572753906,44.279998779296875,45.54261779785156,83.02152252197266,15.130000114440918,168.08999633789062,328.6921691894531,120.01399993896484,248.5
2023-09-11,34.45000076293945,177.44822692871094,305.426513671875,135.89320373535156,143.10000610351562,44.5359992980957,45.14887237548828,83.17546081542969,15.789999961853027,172.2899932861328,332.3009338378906,121.18800354003906,273.5799865722656
2023-09-12,33.93000030517578,174.42083740234375,299.56744384765625,134.32508850097656,141.22999572753906,43.46900177001953,44.84107208251953,81.76005554199219,15.59000015258789,169.67999267578125,326.2339172363281,117.76799774169922,267.4800109863281
2023-09-13,34.040000915527344,172.3530731201172,302.9438781738281,135.684814453125,144.85000610351562,41.2239990234375,45.45568084716797,82.57424926757812,15.600000381469727,168.47000122070312,330.4523010253906,118.2760009765625,271.29998779296875
2023-09-14,34.119998931884766,173.86679077148438,309.55767822265625,137.0643768310547,144.72000122070312,40.04899978637695,45.55162048339844,84.38561248779297,15.829999923706055,170.72999572753906,333.0482177734375,118.02200317382812,276.0400085449219
2023-09-15,33.459999084472656,173.1445770263672,298.2267761230469,136.36961364746094,140.38999938964844,39.694000244140625,43.871700286865234,82.45323181152344,15.329999923706055,165.4499969482422,324.7097473144531,115.91600036621094,274.3900146484375
2023-09-18,33.29999923706055,176.07302856445312,300.4512023925781,137.17356872558594,139.97999572753906,39.439998626708984,43.93765640258789,82.29060363769531,15.460000038146973,166.97000122070312,323.56915283203125,115.7020034790039,265.2799987792969
2023-09-19,33.29999923706055,177.1613006591797,302.95379638671875,137.00482177734375,137.6300048828125,39.619998931884766,43.491939544677734,82.213134765625,15.149999618530273,165.5,323.1659240722656,114.46600341796875,266.5
2023-09-20,32.630001068115234,173.6194610595703,297.59124755859375,132.73709106445312,135.2899932861328,38.630001068115234,42.211769104003906,80.84747314453125,14.739999771118164,163.88999938964844,315.4174499511719,114.11000061035156,262.5899963378906
2023-09-21,31.84000015258789,172.07606506347656,293.6785583496094,129.4618377685547,129.3300018310547,38.415000915527344,40.99055862426758,78.685546875,14.0,162.52999877929688,314.1981506347656,109.90599822998047,255.6999969482422
2023-09-22,31.829999923706055,172.92691040039062,297.00531005859375,129.27325439453125,129.1199951171875,37.98099899291992,41.58317565917969,80.70243072509766,14.130000114440918,162.57000732421875,311.7201843261719,110.81800079345703,244.8800048828125
2023-09-25,32.09000015258789,174.20318603515625,298.7431640625,130.12680053710938,131.27000427246094,38.47999954223633,42.19478225708008,81.1706314086914,14.220000267028809,159.9199981689453,312.2413330078125,111.89600372314453,246.99000549316406
2023-09-26,31.469999313354492,170.12709045410156,296.88616943359375,127.60584259033203,125.9800033569336,37.92499923706055,41.88397979736328,79.44773864746094,13.960000038146973,160.47999572753906,306.9314880371094,108.9260025024414,244.1199951171875
2023-09-27,31.469999313354492,168.61337280273438,295.67462158203125,129.56106567382812,125.9800033569336,37.75899887084961,42.44062423706055,79.50807189941406,14.850000381469727,163.0399932861328,307.57061767578125,109.2760009765625,240.5
2023-09-28,31.84000015258789,168.87062072753906,301.8514404296875,131.3177947998047,125.9800033569336,37.63600158691406,43.061222076416016,80.9866714477539,15.770000457763672,165.25,308.40643310546875,110.7040023803711,246.3800048828125
2023-09-29,31.979999542236328,169.38504028320312,298.1274719238281,129.87867736816406,127.12000274658203,37.7599983215332,43.4709587097168,80.84844207763672,16.0,167.3800048828125,310.4811706542969,111.79199981689453,250.22000122070312
2023-10-02,32.369998931884766,171.8979949951172,304.691650390625,133.16384887695312,129.4600067138672,38.03300094604492,44.75313186645508,81.27381896972656,15.880000114440918,169.5399932861328,316.4302673339844,111.0459976196289,251.60000610351562
2023-10-03,31.770000457763672,170.56236267089844,298.8524169921875,131.43690490722656,124.72000122070312,37.67499923706055,43.48893737792969,79.31533813476562,14.899999618530273,162.02999877929688,308.1606140136719,108.24800109863281,246.52999877929688
2023-10-04,32.33000183105469,171.8089599609375,303.4601745605469,134.22584533691406,127.0,37.689998626708984,44.01261520385742,80.18946075439453,15.729999542236328,164.0500030517578,313.63763427734375,109.72799682617188,261.1600036621094
2023-10-05,32.2599983215332,173.0456085205078,302.6756896972656,134.0570831298828,125.95999908447266,37.25899887084961,44.65918731689453,80.19432830810547,15.8100004196167,165.2899932861328,314.03094482421875,109.43399810791016,260.04998779296875
2023-10-06,33.08000183105469,175.59814453125,313.24188232421875,136.5482635498047,127.95999908447266,38.1510009765625,45.732505798339844,82.27738189697266,16.610000610351562,176.69000244140625,321.79913330078125,112.14399719238281,260.5299987792969
2023-10-09,33.290000915527344,177.0821533203125,316.15155029296875,137.38198852539062,128.25999450683594,38.595001220703125,45.243812561035156,83.31114196777344,17.610000610351562,181.82000732421875,324.31646728515625,112.88600158691406,259.6700134277344
2023-10-10,33.33000183105469,176.48854064941406,319.607421875,137.02468872070312,129.47999572753906,37.332000732421875,45.76847457885742,83.55741882324219,17.799999237060547,183.85000610351562,322.9102783203125,111.66000366210938,263.6199951171875
2023-10-11,33.66999816894531,177.88351440429688,325.54595947265625,139.4960174560547,131.8300018310547,36.59299850463867,46.77582550048828,85.12944030761719,17.920000076293945,188.22000122070312,326.873046875,111.73400115966797,262.989990234375
2023-10-12,33.56999969482422,178.78382873535156,321.91131591796875,137.9278564453125,132.3300018310547,36.119998931884766,46.914730072021484,88.15087127685547,17.940000534057617,187.55999755859375,325.634033203125,112.02999877929688,258.8699951171875
2023-10-13,32.90999984741211,176.94363403320312,312.5070495605469,136.32994079589844,129.7899932861328,35.56800079345703,45.43169403076172,85.96852111816406,17.360000610351562,185.72000122070312,322.26129150390625,109.93199920654297,251.1199951171875
2023-10-16,33.380001068115234,176.8150177001953,318.9222412109375,138.056884765625,132.5500030517578,36.082000732421875,46.06528854370117,87.85594177246094,17.360000610351562,187.6699981689453,327.0893859863281,110.32599639892578,253.9199981689453
2023-10-17,33.09000015258789,175.26173400878906,321.75244140625,138.6722412109375,131.47000122070312,35.571998596191406,43.90967559814453,86.0872802734375,17.84000015258789,187.13999938964844,326.5190734863281,113.69400024414062,254.85000610351562
2023-10-18,32.369998931884766,173.96572875976562,314.7712097167969,136.92543029785156,128.1300048828125,34.61899948120117,42.16879653930664,86.34326934814453,17.200000762939453,187.7899932861328,324.6015319824219,110.13600158691406,242.67999267578125
2023-10-19,32.400001525878906,173.5897979736328,310.64013671875,136.71701049804688,128.39999389648438,40.176998138427734,42.0738639831543,84.4743423461914,17.059999465942383,184.52000427246094,325.7914123535156,111.99600219726562,220.11000061035156
2023-10-20,31.84000015258789,171.03729248046875,306.5089416503906,134.5831298828125,125.16999816894531,40.09600067138672,41.360321044921875,83.09212493896484,16.110000610351562,178.75999450683594,321.2190246582031,108.50199890136719,211.99000549316406
2023-10-23,32.20000076293945,171.156005859375,311.8317565917969,135.47637939453125,126.55999755859375,40.683998107910156,42.94729232788086,83.92827606201172,16.200000762939453,179.0800018310547,323.82476806640625,108.2760009765625,212.0800018310547
2023-10-24,32.58000183105469,171.59130859375,310.3818664550781,137.76905822753906,128.55999755859375,41.37300109863281,43.634849548339844,85.76702117919922,16.639999389648438,182.82000732421875,325.01458740234375,110.87799835205078,216.52000427246094
2023-10-25,31.510000228881836,169.27626037597656,297.4522399902344,124.66805267333984,121.38999938964844,41.125,41.7520637512207,82.70275115966797,15.59000015258789,175.3800048828125,334.98541259765625,106.03399658203125,212.4199981689453
2023-10-26,30.639999389648438,165.1111297607422,286.3497619628906,121.3630142211914,119.56999969482422,40.354000091552734,40.30000305175781,80.47562408447266,15.289999961853027,171.63999938964844,322.41864013671875,110.19000244140625,205.75999450683594
2023-10-27,31.0,166.4269561767578,294.671630859375,121.25384521484375,127.73999786376953,39.7869987487793,40.4738883972168,81.60575103759766,15.069999694824219,172.82000732421875,324.30657958984375,110.802001953125,207.3000030517578
2023-10-30,31.40999984741211,168.474853515625,300.56048583984375,123.52667236328125,132.7100067138672,41.007999420166016,41.13446807861328,81.88704681396484,14.6899995803833,174.61000061035156,331.6814270019531,113.70800018310547,197.36000061035156
2023-10-31,31.520000457763672,168.94976806640625,299.18011474609375,123.14952087402344,133.08999633789062,41.16899871826172,40.75370788574219,81.89873504638672,14.800000190734863,176.77000427246094,332.46807861328125,116.37000274658203,200.83999633789062
2023-11-01,32.15999984741211,172.11566162109375,309.686767578125,125.50174713134766,137.0,42.01900100708008,42.2977180480957,83.02495574951172,14.920000076293945,178.35000610351562,340.2953186035156,118.69599914550781,205.66000366210938
2023-11-02,32.66999816894531,175.6772918701172,308.7135314941406,126.53394317626953,138.07000732421875,42.47100067138672,43.47795104980469,84.8121109008789,17.969999313354492,182.8000030517578,342.5077209472656,119.88600158691406,218.50999450683594
2023-11-03,33.130001068115234,174.76707458496094,312.41766357421875,128.13186645507812,138.60000610351562,43.236000061035156,44.97598648071289,85.91984558105469,18.889999389648438,188.24000549316406,346.9129638671875,121.35199737548828,219.9600067138672
2023-11-06,33.290000915527344,177.31959533691406,313.6093444824219,129.27325439453125,139.74000549316406,43.4739990234375,45.72150802612305,85.73976135253906,18.540000915527344,186.77999877929688,350.5807189941406,121.8499984741211,219.27000427246094
2023-11-07,33.900001525878906,179.8820037841797,316.6084289550781,129.98785400390625,142.7100067138672,43.46099853515625,45.92538070678711,87.39356994628906,18.799999237060547,192.36000061035156,354.51397705078125,122.78199768066406,222.17999267578125
2023-11-08,34.06999969482422,180.9405975341797,317.5617370605469,130.851318359375,142.0800018310547,43.665000915527344,46.54397964477539,88.68916320800781,18.489999771118164,193.8300018310547,357.139404296875,125.06600189208984,222.11000061035156
2023-11-09,33.72999954223633,180.46571350097656,318.3263854980469,129.26332092285156,140.60000610351562,43.51499938964844,46.91973114013672,88.71348571777344,18.270000457763672,190.75999450683594,354.6713562011719,123.9520034790039,209.97999572753906
2023-11-10,34.678001403808594,184.65611267089844,326.4893493652344,131.59568786621094,143.55999755859375,44.7239990234375,48.3038330078125,93.20475006103516,19.670000076293945,196.30999755859375,363.5014953613281,126.9520034790039,214.64999389648438
2023-11-13,34.65999984741211,183.0710906982422,326.9064636230469,131.0994415283203,142.58999633789062,44.46200180053711,48.58864974975586,92.17391967773438,19.709999084472656,200.9600067138672,360.5613708496094,127.68199920654297,223.7100067138672
2023-11-14,35.43899917602539,185.68638610839844,333.9770812988281,132.6179656982422,145.8000030517578,44.8650016784668,49.623985290527344,94.7076644897461,19.940000534057617,207.97000122070312,364.0914306640625,130.83399963378906,237.41000366210938
2023-11-15,35.4900016784668,186.2510528564453,330.40203857421875,133.61048889160156,143.1999969482422,46.194000244140625,48.856483459472656,94.9451904296875,19.950000762939453,204.2899932861328,364.2392272949219,130.17999267578125,242.83999633789062
2023-11-16,35.45000076293945,187.93516540527344,331.8717956542969,135.9031524658203,142.8300018310547,46.69499969482422,49.44810485839844,93.40234375,19.770000457763672,204.27000427246094,370.64373779296875,130.45599365234375,233.58999633789062
2023-11-17,35.47999954223633,187.91531372070312,332.71588134765625,134.2952880859375,145.17999267578125,46.590999603271484,49.26622009277344,95.17198181152344,20.489999771118164,207.08999633789062,364.4166259765625,130.8719940185547,234.3000030517578
2023-11-20,36.099998474121094,189.6588592529297,337.6116638183594,135.22825622558594,146.1300048828125,47.446998596191406,50.37650680541992,96.92215728759766,21.34000015258789,207.72999572753906,371.8951110839844,133.38400268554688,235.60000610351562
2023-11-21,35.86000061035156,188.85646057128906,334.6424255371094,135.94284057617188,143.89999389648438,47.494998931884766,49.911800384521484,95.5097427368164,19.799999237060547,208.97999572753906,367.5893249511719,133.67999267578125,241.1999969482422
2023-11-22,35.9900016784668,189.5201873779297,339.1211242675781,137.4514617919922,146.7100067138672,47.79999923706055,48.68458938598633,94.6142349243164,19.690000534057617,209.61000061035156,372.299072265625,133.9320068359375,234.2100067138672
2023-11-24,35.86000061035156,188.19271850585938,335.88372802734375,135.6649627685547,146.74000549316406,47.95600128173828,47.745201110839844,95.28295135498047,19.200000762939453,210.66000366210938,371.8852233886719,134.77999877929688,235.4499969482422
2023-11-27,35.790000915527344,188.014404296875,332.37823486328125,135.38705444335938,147.72999572753906,47.91699981689453,48.21089553833008,92.4961166381836,19.079999923706055,210.07000732421875,373.0478820800781,134.11000061035156,236.0800018310547
2023-11-28,35.970001220703125,188.61868286132812,336.63848876953125,136.17112731933594,147.02999877929688,47.900001525878906,47.7901725769043,92.11746215820312,19.709999084472656,212.35000610351562,377.0778503417969,133.04800415039062,246.72000122070312
2023-11-29,35.83000183105469,187.5983428955078,329.8955993652344,133.97769165039062,146.32000732421875,47.71900177001953,48.10896682739258,91.58014678955078,19.84000015258789,234.44000244140625,373.284423828125,135.78599548339844,244.13999938964844
2023-11-30,35.720001220703125,188.17291259765625,324.88055419921875,131.53614807128906,146.08999633789062,47.39699935913086,46.739845275878906,90.11031341552734,20.049999237060547,236.99000549316406,373.343505859375,137.1479949951172,240.0800018310547
2023-12-01,35.54999923706055,189.4508514404297,322.5668029785156,130.87118530273438,147.02999877929688,46.57400131225586,46.7348518371582,90.52595520019531,20.270000457763672,235.02999877929688,369.0081787109375,138.1580047607422,238.8300018310547
2023-12-04,35.119998931884766,187.6577606201172,317.800048828125,128.30059814453125,144.83999633789062,45.38999938964844,45.48065948486328,89.93900299072266,18.399999618530273,237.38999938964844,363.717041015625,137.5240020751953,235.5800018310547
2023-12-05,35.36000061035156,191.61044311523438,316.08209228515625,130.00770568847656,146.8800048828125,45.51499938964844,46.54008102416992,88.88285827636719,18.299999237060547,238.97000122070312,367.0473327636719,137.6439971923828,238.72000122070312
2023-12-06,34.9900016784668,190.52073669433594,315.24786376953125,129.0449676513672,144.52000427246094,44.67300033569336,45.477657318115234,87.96009063720703,17.1299991607666,239.4199981689453,363.38201904296875,137.24600219726562,239.3699951171875
2023-12-07,35.70000076293945,192.45248413085938,324.3244934082031,135.9031524658203,146.8800048828125,45.20000076293945,46.57005310058594,89.7725601196289,17.219999313354492,240.1699981689453,365.5004577636719,137.53599548339844,242.63999938964844
2023-12-08,36.040000915527344,193.8790283203125,330.4417724609375,133.97769165039062,147.4199981689453,45.375999450683594,47.47954559326172,91.91791534423828,17.770000457763672,242.5500030517578,368.7322692871094,139.8159942626953,243.83999633789062
2023-12-11,36.119998931884766,191.3726806640625,323.0235900878906,132.29042053222656,145.88999938964844,45.98899841308594,46.601036071777344,100.18595123291016,17.770000457763672,246.97000122070312,365.8453063964844,141.0240020751953,239.74000549316406
2023-12-12,36.4900016784668,192.8883819580078,331.9015808105469,131.52621459960938,147.47999572753906,46.29999923706055,47.63046646118164,104.37545013427734,17.5,248.5500030517578,368.88006591796875,143.29600524902344,237.00999450683594
2023-12-13,37.040000915527344,196.10797119140625,332.41790771484375,131.57586669921875,148.83999633789062,47.99800109863281,48.06122970581055,106.07014465332031,17.8700008392334,252.0399932861328,368.87017822265625,143.1280059814453,239.2899932861328
2023-12-14,36.9900016784668,196.25656127929688,330.8588562011719,130.95059204101562,147.4199981689453,46.983001708984375,48.32307815551758,107.7054443359375,18.209999084472656,252.67999267578125,360.55419921875,136.0780029296875,251.0500030517578
2023-12-15,37.279998779296875,195.7216033935547,332.5966796875,131.6056365966797,149.97000122070312,47.20600128173828,48.86277389526367,109.9686050415039,18.200000762939453,260.0799865722656,365.2836608886719,139.6479949951172,253.5
2023-12-18,37.86000061035156,194.05734252929688,342.2294006347656,134.78163146972656,154.07000732421875,48.61199951171875,50.04911804199219,111.648681640625,17.84000015258789,259.79998779296875,367.1754455566406,140.74400329589844,252.0800018310547
2023-12-19,38.060001373291016,195.0975341796875,347.9295654296875,135.625244140625,153.7899932861328,49.50199890136719,49.576377868652344,111.4365005493164,17.950000762939453,258.3299865722656,367.7764892578125,141.54200744628906,257.2200012207031
2023-12-20,37.439998626708984,193.0072479248047,346.8570556640625,137.3025665283203,152.1199951171875,48.926998138427734,48.08420944213867,108.58110046386719,17.25,253.9499969482422,365.17529296875,138.75999450683594,247.13999938964844
2023-12-21,37.91999816894531,192.85865783691406,351.63372802734375,139.36697387695312,153.83999633789062,49.1609992980957,48.96271896362305,110.23467254638672,17.59000015258789,257.32000732421875,368.0523986816406,140.15199279785156,254.5
2023-12-22,37.869998931884766,191.78875732421875,350.9385986328125,140.42897033691406,153.4199981689453,48.67599868774414,48.80281066894531,109.7154312133789,17.40999984741211,255.6300048828125,369.07708740234375,139.50999450683594,252.5399932861328
2023-12-26,38.06999969482422,191.243896484375,352.3685607910156,140.458740234375,153.41000366210938,49.11899948120117,49.251556396484375,110.68450927734375,17.68000030517578,257.8699951171875,369.15594482421875,140.24600219726562,256.6099853515625
2023-12-27,38.11000061035156,191.3429718017578,355.34771728515625,139.31736755371094,153.33999633789062,49.17900085449219,49.389488220214844,110.12516021728516,17.469999313354492,257.32000732421875,368.5746154785156,140.7519989013672,261.44000244140625
2023-12-28,38.02000045776367,191.7689666748047,355.8343811035156,139.1783905029297,153.3800048828125,49.05099868774414,49.49443054199219,109.75747680664062,17.559999465942383,256.1300048828125,369.76678466796875,140.49200439453125,253.17999267578125
2023-12-29,37.7400016784668,190.728759765625,351.50457763671875,138.6424560546875,151.94000244140625,48.6879997253418,49.49443054199219,109.15511322021484,17.170000076293945,255.32000732421875,370.5156555175781,141.29800415039062,248.47999572753906
2024-01-02,36.79999923706055,183.90322875976562,343.8878479003906,137.1338348388672,149.92999267578125,46.849998474121094,48.14117431640625,106.13641357421875,16.579999923706055,246.88999938964844,365.421630859375,137.50399780273438,248.4199981689453
2024-01-03,36.400001525878906,182.52621459960938,342.0804748535156,137.87823486328125,148.47000122070312,47.0260009765625,47.542510986328125,103.51570129394531,16.09000015258789,244.36000061035156,365.15557861328125,135.05999755859375,238.4499969482422
2024-01-04,36.22999954223633,180.20811462402344,344.71209716796875,135.36720275878906,144.57000732421875,47.46699905395508,47.97127914428711,102.57987976074219,16.25,245.64999389648438,362.53466796875,134.37399291992188,237.92999267578125
2024-01-05,36.529998779296875,179.48497009277344,349.5085754394531,134.71214294433594,145.24000549316406,47.40599822998047,49.06966018676758,102.60629272460938,15.979999542236328,247.4600067138672,362.347412109375,135.23199462890625,237.49000549316406
2024-01-08,37.400001525878906,183.82395935058594,356.1719970703125,137.798828125,149.10000610351562,48.50299835205078,52.22390365600586,105.1067123413086,16.670000076293945,261.2799987792969,369.1855163574219,139.2519989013672,240.4499969482422
2024-01-09,37.56999969482422,183.40789794921875,354.9505310058594,139.89300537109375,151.3699951171875,48.20899963378906,53.11041259765625,105.85381317138672,16.389999389648438,273.7699890136719,370.26934814453125,139.73399353027344,234.9600067138672
2024-01-10,38.0099983215332,184.4480438232422,367.9001159667969,141.21302795410156,153.72999572753906,47.83300018310547,54.31973648071289,105.66605377197266,16.790000915527344,282.0400085449219,377.1467590332031,142.86000061035156,233.94000244140625
2024-01-11,38.119998931884766,183.8536834716797,367.1056823730469,141.01455688476562,155.17999267578125,49.222999572753906,54.791473388671875,107.5641098022461,16.68000030517578,284.5199890136719,378.9794616699219,145.29200744628906,227.22000122070312
2024-01-12,37.88999938964844,184.18060302734375,371.8922119140625,141.5802459716797,154.6199951171875,49.215999603271484,54.67953109741211,108.31707763671875,16.760000228881836,283.3500061035156,382.7630310058594,145.83599853515625,218.88999938964844
2024-01-16,37.790000915527344,181.9120330810547,364.91094970703125,141.4214630126953,153.16000366210938,48.124000549316406,56.350608825683594,109.02896881103516,16.530000686645508,286.2900085449219,384.5365905761719,145.51199340820312,219.91000366210938
2024-01-17,37.65999984741211,180.97091674804688,365.814697265625,140.40911865234375,151.7100067138672,48.03300094604492,56.021785736083984,107.92494201660156,16.389999389648438,276.2699890136719,383.7484130859375,145.50799560546875,215.5500030517578
2024-01-18,38.099998474121094,186.8652801513672,373.5208435058594,142.40403747558594,153.5,48.53099822998047,57.0752067565918,111.85990142822266,16.399999618530273,283.1099853515625,388.083740234375,149.19200134277344,211.8800048828125
2024-01-19,38.970001220703125,189.7678680419922,380.79010009765625,145.28231811523438,155.33999633789062,48.29499816894531,59.4578742980957,118.44002532958984,16.780000686645508,290.5400085449219,392.813232421875,149.82200622558594,212.19000244140625
2024-01-22,39.130001068115234,192.07603454589844,379.13165283203125,144.8952178955078,154.77999877929688,48.57099914550781,59.620784759521484,119.34944915771484,17.600000381469727,298.6600036621094,390.6849670410156,150.49000549316406,208.8000030517578
2024-01-23,39.400001525878906,193.3539581298828,382.5279235839844,145.93731689453125,156.02000427246094,49.21900177001953,59.839664459228516,119.9175796508789,17.329999923706055,297.2699890136719,393.039794921875,150.6840057373047,209.13999938964844
2024-01-24,40.06999969482422,192.68035888671875,387.98980712890625,147.58489990234375,156.8699951171875,54.48699951171875,61.32783126831055,122.61260223388672,16.75,300.2799987792969,396.64605712890625,152.6840057373047,207.8300018310547
2024-01-25,40.06999969482422,192.35342407226562,390.4525146484375,150.73110961914062,157.75,56.20000076293945,61.58269119262695,120.2784194946289,16.459999084472656,293.4599914550781,398.922119140625,153.33799743652344,182.6300048828125
2024-01-26,39.810001373291016,190.6197967529297,391.4059143066406,151.04872131347656,159.1199951171875,57.04199981689453,60.99701690673828,117.8219985961914,16.350000381469727,290.30999755859375,397.99591064453125,153.88800048828125,183.25
2024-01-29,40.59000015258789,189.93626403808594,398.2381896972656,152.3588104248047,161.25999450683594,57.57899856567383,62.43021774291992,119.08247375488281,17.09000015258789,300.6700134277344,403.7008361816406,157.447998046875,190.92999267578125
2024-01-30,40.189998626708984,186.28076171875,397.28485107421875,150.32420349121094,159.0,56.28499984741211,62.739044189453125,118.14273071289062,16.739999771118164,301.3500061035156,402.5874328613281,157.14599609375,191.58999633789062
2024-01-31,39.099998474121094,182.67481994628906,387.43365478515625,139.0493927001953,155.1999969482422,56.4109992980957,61.49274444580078,115.38904571533203,16.09000015258789,292.5,391.7392578125,153.0800018310547,187.2899932861328
2024-02-01,39.709999084472656,185.11183166503906,392.0414733886719,140.10145568847656,159.27999877929688,56.750999450683594,62.991905212402344,117.34577178955078,16.329999923706055,299.3699951171875,397.84814453125,154.1999969482422,188.86000061035156
2024-02-02,41.56999969482422,184.1112823486328,471.695068359375,141.31228637695312,171.80999755859375,56.4640007019043,66.12316131591797,119.7249526977539,17.020000457763672,303.57000732421875,405.1788330078125,156.25999450683594,187.91000366210938
2024-02-05,41.54999923706055,185.92413330078125,456.2231140136719,142.60255432128906,170.30999755859375,56.20600128173828,69.29340362548828,121.5594253540039,16.719999313354492,302.489990234375,399.6907043457031,156.96800231933594,181.05999755859375
2024-02-06,41.2599983215332,187.5290069580078,451.565673828125,143.01937866210938,169.14999389648438,55.5880012512207,68.18501281738281,119.5596694946289,21.8700008392334,302.1099853515625,399.5329895019531,155.49000549316406,185.10000610351562
2024-02-07,42.029998779296875,187.63795471191406,466.3324890136719,144.44857788085938,170.52999877929688,55.93000030517578,70.0599594116211,122.92454528808594,23.600000381469727,317.7799987792969,407.96728515625,158.0780029296875,187.5800018310547
2024-02-08,42.189998626708984,186.55816650390625,466.73968505859375,144.81582641601562,169.83999633789062,55.85300064086914,69.60221099853516,124.65538787841797,24.510000228881836,323.0400085449219,408.0263366699219,159.8820037841797,189.55999755859375
2024-02-09,42.849998474121094,187.32191467285156,464.8627624511719,147.88262939453125,174.4499969482422,56.13199996948242,72.09284973144531,125.50415802001953,24.3799991607666,329.3399963378906,414.3717956542969,162.58799743652344,193.57000732421875
2024-02-12,42.61000061035156,185.63568115234375,465.6473388671875,146.4236602783203,172.33999633789062,55.78499984741211,72.20777130126953,123.70098114013672,25.049999237060547,321.2900085449219,409.1595153808594,157.47000122070312,188.1300048828125
2024-02-13,41.939998626708984,183.5427703857422,456.9281921386719,144.05157470703125,168.63999938964844,55.45199966430664,72.08784484863281,122.39552307128906,24.010000228881836,322.44000244140625,400.3508605957031,154.7519989013672,184.02000427246094
2024-02-14,42.65999984741211,182.65994262695312,469.9969177246094,144.8455810546875,170.97999572753906,57.93299865722656,73.85887145996094,123.42912292480469,25.190000534057617,334.54998779296875,404.2203369140625,158.39999389648438,188.7100067138672
2024-02-15,42.880001068115234,182.37228393554688,480.67236328125,141.69937133789062,169.8000030517578,59.34600067138672,72.6175308227539,123.70783233642578,25.40999984741211,331.3800048828125,401.3280944824219,156.0,200.4499969482422
2024-02-16,42.43000030517578,180.8348388671875,470.03662109375,139.4662322998047,169.50999450683594,58.39500045776367,72.57255554199219,121.79215240478516,24.440000534057617,329.239990234375,398.86029052734375,153.0,199.9499969482422
2024-02-20,41.58000183105469,180.09091186523438,468.4775390625,140.06173706054688,167.0800018310547,57.51300048828125,69.41332244873047,119.94104766845703,23.399999618530273,323.7099914550781,397.6065979003906,150.5679931640625,193.75999450683594
2024-02-21,41.40999984741211,180.8447723388672,465.2764892578125,141.48101806640625,168.58999633789062,57.334999084472656,67.43443298339844,120.02906036376953,22.739999771118164,292.3599853515625,397.00445556640625,149.58799743652344,194.77000427246094
2024-02-22,43.470001220703125,182.87815856933594,483.2699890136719,143.00946044921875,174.5800018310547,58.84700012207031,78.49427795410156,127.60269165039062,23.59000015258789,310.9100036621094,406.35260009765625,153.8419952392578,197.41000366210938
2024-02-23,43.36000061035156,181.04315185546875,481.1823425292969,142.8804473876953,174.99000549316406,58.35599899291992,78.77310943603516,126.76856231689453,22.969999313354492,311.489990234375,405.0594482421875,154.19400024414062,191.97000122070312
2024-02-26,43.36000061035156,179.6941375732422,478.90582275390625,136.53834533691406,174.72999572753906,58.76499938964844,79.04795837402344,128.01632690429688,23.559999465942383,321.0299987792969,402.29547119140625,155.9320068359375,199.39999389648438
2024-02-27,43.43000030517578,181.15223693847656,484.1845703125,137.8385467529297,173.5399932861328,60.16699981689453,78.65717315673828,126.75487518310547,24.530000686645508,321.2099914550781,402.23626708984375,153.42799377441406,199.72999572753906
2024-02-28,43.150001525878906,179.95204162597656,481.1723937988281,135.35728454589844,173.16000366210938,59.64799880981445,77.61975860595703,126.08894348144531,24.420000076293945,320.94000244140625,402.4731750488281,151.95799255371094,202.0399932861328
2024-02-29,42.7599983215332,179.28749084472656,487.2464599609375,137.4216766357422,176.75999450683594,60.29199981689453,79.06794738769531,127.17145538330078,25.079999923706055,324.1499938964844,408.3170166015625,154.26800537109375,201.8800048828125
2024-03-01,43.72999954223633,178.20628356933594,499.3448181152344,136.111572265625,178.22000122070312,61.933998107910156,82.23318481445312,136.82110595703125,24.93000030517578,314.6000061035156,410.1530456542969,154.7259979248047,202.63999938964844
2024-03-04,43.27000045776367,173.6831817626953,495.2590637207031,132.3500213623047,177.5800018310547,61.58300018310547,85.18952941894531,137.12327575683594,24.040000915527344,313.80999755859375,409.5805358886719,155.21800231933594,188.13999938964844
2024-03-05,42.209999084472656,168.7434539794922,487.3359680175781,131.67510986328125,174.1199951171875,59.849998474121094,85.920166015625,131.30392456054688,23.809999465942383,297.55999755859375,397.4683837890625,148.02999877929688,180.74000549316406
2024-03-06,42.40999984741211,167.7515869140625,493.17138671875,130.41461181640625,173.50999450683594,59.76900100708008,88.6547622680664,132.01290893554688,26.15999984741211,329.57000732421875,396.91558837890625,148.21200561523438,176.5399932861328
2024-03-07,43.40999984741211,167.63253784179688,509.1766662597656,133.37228393554688,176.82000732421875,60.85100173950195,92.62174224853516,137.5877227783203,26.459999084472656,329.67999267578125,403.87493896484375,153.61599731445312,178.64999389648438
2024-03-08,42.459999084472656,169.3485565185547,502.9733581542969,134.39456176757812,175.35000610351562,60.481998443603516,87.4833755493164,127.97622680664062,26.040000915527344,322.8500061035156,400.992431640625,151.53599548339844,175.33999633789062
2024-03-11,42.08000183105469,171.35220336914062,480.74493408203125,136.6376190185547,171.9600067138672,60.09299850463867,85.73026275634766,126.45074462890625,25.350000381469727,317.3699951171875,399.3143310546875,151.34800720214844,177.77000427246094
2024-03-12,42.90999984741211,171.8282928466797,496.80987548828125,137.4613800048828,175.38999938964844,61.108001708984375,91.86614227294922,126.32950592041016,24.700000762939453,329.2699890136719,409.9358825683594,157.91200256347656,177.5399932861328
2024-03-13,42.63999938964844,169.7453155517578,492.6544494628906,138.74169921875,176.55999755859375,60.94499969482422,90.8416519165039,123.00374603271484,25.0,332.1700134277344,409.7582092285156,155.37600708007812,169.47999572753906
2024-03-14,42.4900016784668,171.60015869140625,488.9364318847656,142.02687072753906,178.75,61.30099868774414,87.89915466308594,123.43401336669922,24.43000030517578,328.5899963378906,419.7479553222656,155.8979949951172,162.5
2024-03-15,41.9900016784668,171.22323608398438,481.251953125,140.12127685546875,174.4199981689453,60.5880012512207,87.7922134399414,120.81625366210938,23.489999771118164,315.6499938964844,411.06121826171875,148.78199768066406,163.57000732421875
2024-03-18,42.70000076293945,172.31434631347656,494.0561828613281,146.572509765625,174.47999572753906,61.8390007019043,88.4098892211914,120.98639678955078,24.0,321.05999755859375,411.9496154785156,151.16000366210938,173.8000030517578
2024-03-19,42.77000045776367,174.6552734375,493.3205261230469,145.9274139404297,175.89999389648438,62.07400131225586,89.35242462158203,121.06169128417969,23.799999237060547,320.8599853515625,415.98699951171875,151.38800048828125,171.32000732421875
2024-03-20,43.61000061035156,177.22430419921875,502.5458984375,147.62460327148438,178.14999389648438,62.76900100708008,90.32592010498047,125.30802154541016,24.56999969482422,326.8699951171875,419.7578125,153.51199340820312,175.66000366210938
2024-03-21,43.529998779296875,169.9833526611328,504.77276611328125,146.49314880371094,178.14999389648438,62.270999908447266,91.38836669921875,132.37872314453125,24.489999771118164,329.4599914550781,423.84454345703125,154.63600158691406,172.82000732421875
2024-03-22,43.599998474121094,170.885986328125,506.5820007324219,149.63938903808594,178.8699951171875,62.80099868774414,94.24092102050781,132.91586303710938,24.18000030517578,327.5799865722656,423.22265625,154.8300018310547,170.8300018310547
2024-03-25,43.86000061035156,169.46755981445312,500.06060791015625,148.94461059570312,179.7100067138672,62.74599838256836,94.95355224609375,132.73025512695312,24.510000228881836,324.760009765625,417.4183349609375,154.92799377441406,172.6300048828125
2024-03-26,43.540000915527344,168.33680725097656,492.97259521484375,149.5401153564453,178.3000030517578,62.92399978637695,92.51380157470703,130.7573699951172,24.889999389648438,330.010009765625,416.2239074707031,155.71400451660156,177.6699981689453
2024-03-27,43.369998931884766,171.9076385498047,490.9544982910156,149.73858642578125,179.8300018310547,61.35300064086914,90.2039794921875,129.5042724609375,24.510000228881836,322.25,416.0067138671875,151.8000030517578,179.8300018310547
2024-03-28,43.29999923706055,170.0924530029297,482.7232360839844,149.7981719970703,180.3800048828125,60.733001708984375,90.30992126464844,130.1602783203125,23.010000228881836,320.5899963378906,415.3058776855469,152.47999572753906,175.7899932861328
2024-04-01,43.619998931884766,168.65420532226562,488.45928955078125,154.32395935058594,180.97000122070312,61.430999755859375,90.3169174194336,132.6006622314453,22.860000610351562,319.5899963378906,419.1063232421875,153.6739959716797,175.22000122070312
2024-04-02,43.2599983215332,167.47381591796875,494.4438781738281,153.40093994140625,180.69000244140625,61.42100143432617,89.40638732910156,131.47129821777344,22.719999313354492,319.54998779296875,416.0166015625,151.39999389648438,166.6300048828125
2024-04-03,43.40999984741211,168.2772674560547,503.7587585449219,153.7582550048828,182.41000366210938,63.007999420166016,88.91864013671875,133.8723602294922,22.700000762939453,320.0400085449219,415.03936767578125,151.83200073242188,168.3800048828125
2024-04-04,42.72999954223633,167.45401000976562,507.9141845703125,149.40118408203125,180.0,61.7140007019043,85.8611831665039,129.3834991455078,22.479999542236328,309.19000244140625,412.5024108886719,151.50999450683594,171.11000061035156
2024-04-05,43.279998779296875,168.20782470703125,524.237548828125,151.3563995361328,185.07000732421875,63.61800003051758,87.96311950683594,131.53707885742188,22.959999084472656,315.5,420.0440673828125,156.6999969482422,164.89999389648438
2024-04-08,43.55500030517578,167.0869903564453,516.1951293945312,153.68878173828125,185.19000244140625,62.840999603271484,87.08856201171875,131.2100830078125,23.0,313.7300109863281,419.12603759765625,157.1199951171875,172.97999572753906
2024-04-09,43.59000015258789,168.297119140625,513.8589477539062,155.4256591796875,185.6699981689453,61.81999969482422,85.31045532226562,131.01171875,22.809999465942383,310.7699890136719,420.7943420410156,156.44400024414062,176.8800048828125
2024-04-10,43.40999984741211,166.42239379882812,516.7718505859375,154.9691162109375,185.9499969482422,61.858001708984375,86.99461364746094,129.86172485351562,22.420000076293945,312.5299987792969,417.8132019042969,153.83799743652344,171.75999450683594
2024-04-11,44.619998931884766,173.6236572265625,520.0822143554688,158.21458435058594,189.0500030517578,62.87799835205078,90.56978607177734,135.76280212402344,22.84000015258789,317.79998779296875,422.4230651855469,154.26800537109375,174.60000610351562
2024-04-12,43.84000015258789,175.12144470214844,508.8883972167969,156.54718017578125,186.1300048828125,62.28300094604492,88.14102935791016,131.9927520751953,22.670000076293945,309.04998779296875,416.47064208984375,153.74200439453125,171.0500030517578
2024-04-15,42.71099853515625,171.2926788330078,497.28704833984375,153.69869995117188,183.6199951171875,60.71500015258789,85.95713806152344,128.7147216796875,21.899999618530273,299.5,408.3170166015625,147.16200256347656,161.47999572753906
2024-04-16,42.560001373291016,168.0094757080078,496.8197937011719,153.2421417236328,183.32000732421875,61.75199890136719,87.37042999267578,130.51873779296875,21.8799991607666,299.1499938964844,409.2448425292969,148.95599365234375,157.11000061035156
2024-04-17,42.209999084472656,166.64064025878906,491.2626953125,154.30413818359375,181.27999877929688,61.36899948120117,83.99214172363281,125.95912170410156,21.309999465942383,293.69000244140625,406.5401306152344,147.2899932861328,155.4499969482422
2024-04-18,41.84000015258789,165.68838500976562,498.8478088378906,154.84005737304688,179.22000122070312,61.055999755859375,84.62782287597656,123.63758850097656,21.1299991607666,294.1000061035156,399.0675048828125,146.27200317382812,149.92999267578125
2024-04-19,40.130001068115234,163.6649169921875,478.2397766113281,152.9344482421875,174.6300048828125,55.50400161743164,76.16114807128906,118.30708312988281,20.469999313354492,282.6400146484375,393.9837951660156,142.78199768066406,147.0500030517578
2024-04-22,40.59000015258789,164.4981231689453,478.8958740234375,155.1080322265625,177.22999572753906,55.459999084472656,79.47744750976562,120.24659729003906,20.969999313354492,289.1499938964844,395.8001708984375,144.38999938964844,142.0500030517578
2024-04-23,41.400001525878906,165.54953002929688,493.1813659667969,157.07318115234375,179.5399932861328,57.775001525878906,82.38097381591797,122.67517852783203,21.639999389648438,299.6499938964844,402.32513427734375,148.19000244140625,144.67999267578125
2024-04-24,41.68000030517578,167.65235900878906,490.5966491699219,157.93667602539062,176.58999633789062,55.512001037597656,79.6363754272461,123.42447662353516,21.59000015258789,297.6199951171875,403.7958984375,149.25799560546875,162.1300048828125
2024-04-25,41.61000061035156,168.51535034179688,438.7832946777344,154.8301544189453,173.6699981689453,56.47999954223633,82.5898666381836,127.11693572998047,21.709999084472656,298.0199890136719,393.90484619140625,143.25,170.17999267578125
2024-04-26,42.709999084472656,167.9300994873047,440.6820373535156,170.66053771972656,179.6199951171875,56.12300109863281,87.69026947021484,131.9927520751953,22.520000457763672,304.07000732421875,401.0911865234375,144.7100067138672,168.2899932861328
2024-04-29,43.119998931884766,172.09613037109375,430.0748291015625,164.9040069580078,180.9600067138672,55.94900131225586,87.7122573852539,131.45755004882812,22.829999923706055,304.0400085449219,397.07354736328125,144.23199462890625,194.0500030517578
2024-04-30,42.099998474121094,168.9517822265625,427.6392822265625,161.55931091308594,175.0,55.06399917602539,86.35794067382812,127.69142150878906,21.969999313354492,292.5400085449219,384.31982421875,138.66600036621094,183.27999877929688
2024-05-01,41.83000183105469,167.9300994873047,436.6061706542969,162.63121032714844,179.0,55.17100143432617,82.99864196777344,122.05355072021484,22.1200008392334,295.44000244140625,389.85760498046875,137.1219940185547,179.99000549316406
2024-05-02,42.63999938964844,171.62994384765625,439.0815124511719,165.3704833984375,184.72000122070312,56.51499938964844,85.77323913574219,121.63226318359375,22.549999237060547,303.5400085449219,392.7203063964844,139.1439971923828,180.00999450683594
2024-05-03,43.42499923706055,181.8961944580078,449.301025390625,165.98587036132812,186.2100067138672,57.933998107910156,88.74372100830078,125.5152359008789,23.329999923706055,310.2099914550781,401.4267883300781,143.3300018310547,181.19000244140625
2024-05-06,44.369998931884766,180.2397003173828,462.9403381347656,166.8394012451172,188.6999969482422,59.696998596191406,92.093017578125,128.67739868164062,25.209999084472656,317.80999755859375,408.21826171875,145.31199645996094,184.75999450683594
2024-05-07,44.18000030517578,180.9241180419922,465.4852294921875,169.96575927734375,188.75999450683594,60.599998474121094,90.50782775878906,127.9703140258789,21.399999618530273,312.54998779296875,404.0722961425781,142.66600036621094,177.80999755859375
2024-05-08,43.86000061035156,181.26136779785156,469.81964111328125,168.10980224609375,188.0,60.946998596191406,90.36590576171875,130.15635681152344,21.559999465942383,313.760009765625,405.25689697265625,144.20599365234375,174.72000122070312
2024-05-09,43.720001220703125,183.07655334472656,472.623046875,168.68545532226562,189.5,61.20899963378906,88.7017593383789,128.22174072265625,21.139999389648438,317.94000244140625,407.013916015625,144.58799743652344,171.97000122070312
2024-05-10,43.970001220703125,181.81512451171875,473.3984375,167.38528442382812,187.47999572753906,61.08700180053711,89.83216094970703,130.88600158691406,20.600000381469727,320.760009765625,409.4028625488281,145.95799255371094,168.47000122070312
2024-05-13,44.11000061035156,185.02333068847656,465.2566223144531,167.87159729003906,186.57000732421875,61.659000396728516,90.35291290283203,131.34854125976562,20.940000534057617,319.17999267578125,408.3959045410156,146.0240020751953,171.88999938964844
2024-05-14,44.560001373291016,186.16558837890625,469.0740051269531,169.06260681152344,187.07000732421875,61.36600112915039,91.3094253540039,135.52418518066406,21.440000534057617,329.54998779296875,411.1993713378906,144.32400512695312,177.5500030517578
2024-05-15,45.290000915527344,188.4401397705078,478.70697021484375,171.21632385253906,185.99000549316406,61.35200119018555,94.58174896240234,141.037353515625,21.670000076293945,343.1199951171875,418.3887939453125,152.11399841308594,173.99000549316406
2024-05-16,44.9900016784668,188.55931091308594,470.4459228515625,172.8738250732422,183.6300048828125,61.051998138427734,94.31088256835938,138.67652893066406,21.649999618530273,339.05999755859375,416.3219299316406,151.6020050048828,174.83999633789062
2024-05-17,44.95000076293945,188.58912658691406,469.1336669921875,174.7397003173828,184.6999969482422,62.11000061035156,92.43184661865234,137.0227508544922,21.760000228881836,345.92999267578125,415.5506286621094,153.00999450683594,177.4600067138672
2024-05-20,45.18000030517578,189.75120544433594,466.08172607421875,175.59327697753906,183.5399932861328,64.08200073242188,94.73167419433594,138.8631134033203,21.6200008392334,348.75,420.62371826171875,154.83599853515625,174.9499969482422
2024-05-21,45.83000183105469,191.05239868164062,461.8965148925781,176.51629638671875,183.14999389648438,65.06099700927734,95.33736419677734,137.40672302246094,21.239999771118164,349.32000732421875,424.28271484375,155.41000366210938,186.60000610351562
2024-05-22,45.40999984741211,189.61215209960938,465.0279846191406,175.05731201171875,183.1300048828125,64.0469970703125,94.90158081054688,136.72323608398438,21.170000076293945,345.4200134277344,425.74627685546875,154.16600036621094,180.11000061035156
2024-05-23,45.11000061035156,185.61929321289062,463.0396728515625,172.24855041503906,181.0500030517578,63.56700134277344,103.74607849121094,136.8263397216797,20.719999313354492,342.3500061035156,422.2653503417969,151.6300048828125,173.74000549316406
2024-05-24,45.790000915527344,188.6983642578125,475.40655517578125,173.67774963378906,180.75,64.67500305175781,106.41470336914062,138.2552032470703,21.010000228881836,351.4700012207031,425.39031982421875,147.70199584960938,179.24000549316406
2024-05-28,46.0099983215332,188.7082977294922,477.0965270996094,175.07716369628906,182.14999389648438,64.9000015258789,113.8429183959961,138.7079315185547,21.049999237060547,346.82000732421875,425.5484924316406,145.77200317382812,176.75
2024-05-29,45.93000030517578,189.00628662109375,471.5692443847656,174.5808868408203,182.02000427246094,65.46199798583984,114.76644134521484,136.5690460205078,20.940000534057617,349.5199890136719,424.41131591796875,146.2239990234375,176.19000244140625
2024-05-30,45.040000915527344,189.99952697753906,464.30218505859375,170.81935119628906,179.32000732421875,64.76599884033203,110.44364929199219,133.9578094482422,21.729999542236328,315.9200134277344,410.0720520019531,128.6580047607422,178.7899932861328
2024-05-31,44.65999984741211,190.9530487060547,464.08349609375,171.20643615722656,176.44000244140625,64.16200256347656,109.57709503173828,130.46864318847656,21.68000030517578,313.6700134277344,410.5269775390625,131.38600158691406,178.0800018310547
2024-06-03,45.02000045776367,192.72103881835938,474.6808166503906,171.8713836669922,178.33999633789062,63.37900161743164,114.94136047363281,129.81556701660156,21.31999969482422,308.69000244140625,408.9347839355469,132.02200317382812,176.2899932861328
2024-06-04,45.2400016784668,193.03890991210938,474.18377685546875,172.4867401123047,179.33999633789062,63.1619987487793,116.37763214111328,130.69154357910156,22.100000381469727,305.5799865722656,411.45654296875,134.39999389648438,174.77000427246094
2024-06-05,46.25,194.5486297607422,492.1474304199219,174.0946044921875,181.27999877929688,65.0270004272461,122.3775634765625,138.77078247070312,22.959999084472656,342.17999267578125,419.3084716796875,140.82200622558594,175.0
2024-06-06,46.279998779296875,193.16798400878906,490.85516357421875,175.40469360351562,185.0,64.85199737548828,120.9363021850586,137.61000061035156,23.790000915527344,340.489990234375,419.81280517578125,140.6320037841797,177.94000244140625
2024-06-07,45.98500061035156,195.561767578125,490.059814453125,173.15171813964844,184.3000030517578,64.14700317382812,120.82635498046875,138.13735961914062,23.309999465942383,349.1199951171875,419.1502990722656,139.76199340820312,177.47999572753906
2024-06-10,46.08000183105469,191.81716918945312,499.6430969238281,173.8969268798828,187.05999755859375,64.44999694824219,121.72789764404297,141.4595947265625,23.1299991607666,374.57000732421875,423.12567138671875,141.8300018310547,173.7899932861328
2024-06-11,46.56999969482422,205.7525177001953,504.48443603515625,175.49668884277344,187.22999572753906,64.8550033569336,120.8582763671875,143.47865295410156,23.850000381469727,384.6300048828125,427.8823547363281,142.4080047607422,170.66000366210938
2024-06-12,47.52000045776367,211.6326141357422,505.84637451171875,176.65924072265625,186.88999938964844,65.00599670410156,125.14643096923828,146.86471557617188,23.770000457763672,387.3699951171875,436.16943359375,144.3000030517578,177.2899932861328
2024-06-13,48.220001220703125,212.79470825195312,501.13427734375,174.04600524902344,183.8300018310547,65.32599639892578,129.55455017089844,164.88316345214844,23.270000457763672,382.80999755859375,436.6836242675781,141.95199584960938,182.47000122070312
2024-06-14,48.439998626708984,211.0565185546875,501.6915588378906,175.66558837890625,183.66000366210938,66.93800354003906,131.82359313964844,170.38748168945312,23.56999969482422,385.43499755859375,437.6626892089844,145.71600341796875,178.00999450683594
2024-06-17,49.47999954223633,215.2083282470703,504.1494445800781,176.11276245117188,184.05999755859375,67.58300018310547,130.92396545410156,179.60194396972656,25.020000457763672,390.42999267578125,443.39837646484375,145.10000610351562,187.44000244140625
2024-06-18,49.22999954223633,212.8443603515625,497.04437255859375,173.9764404296875,182.80999755859375,68.56700134277344,135.52200317382812,177.0142822265625,25.81999969482422,389.510009765625,441.3908996582031,146.03399658203125,184.86000061035156
2024-06-20,48.540000915527344,208.2654571533203,499.24359130859375,175.17874145507812,186.10000610351562,67.90299987792969,130.72406005859375,170.34036254882812,25.559999465942383,382.1400146484375,440.7580261230469,146.86199951171875,181.57000732421875
2024-06-21,48.25,206.09027099609375,492.35748291015625,178.487548828125,189.0800018310547,68.61199951171875,126.51585388183594,162.88372802734375,23.84000015258789,380.6300048828125,444.792724609375,149.86599731445312,183.00999450683594
2024-06-24,47.65999984741211,206.73587036132812,496.4672546386719,178.0801544189453,185.57000732421875,66.9020004272461,118.05946350097656,156.85751342773438,24.15999984741211,377.92999267578125,442.7061462402344,147.91799926757812,182.5800018310547
2024-06-25,48.34000015258789,207.65960693359375,508.1000061035156,182.85955810546875,186.33999633789062,67.24099731445312,126.03604125976562,155.7324676513672,24.559999465942383,386.760009765625,445.94976806640625,150.96200561523438,187.35000610351562
2024-06-26,49.040000915527344,211.81138610839844,510.6076354980469,182.7105255126953,193.61000061035156,67.76899719238281,126.34593200683594,156.83685302734375,24.100000381469727,380.3699951171875,447.1463623046875,150.78199768066406,196.3699951171875
2024-06-27,49.47999954223633,212.65565490722656,517.0161743164062,184.23080444335938,197.85000610351562,68.43399810791016,123.93695831298828,156.310791015625,25.219999313354492,387.2900085449219,447.82867431640625,154.8260040283203,197.4199981689453
2024-06-28,49.130001068115234,209.19912719726562,501.75128173828125,180.9915313720703,193.25,67.48799896240234,123.48714447021484,158.1697540283203,25.329999923706055,383.19000244140625,441.9941101074219,157.33399963378906,197.8800048828125
2024-07-01,50.119998931884766,215.28778076171875,502.208984375,181.82620239257812,197.1999969482422,67.36100006103516,124.246826171875,161.64442443847656,25.8799991607666,392.1499938964844,451.66571044921875,157.79200744628906,209.86000061035156
2024-07-02,50.83000183105469,218.7840118408203,507.00537109375,184.0618896484375,200.0,67.95800018310547,122.61751556396484,163.2876434326172,25.829999923706055,385.04998779296875,454.1874084472656,158.82200622558594,231.25999450683594
2024-07-03,51.88999938964844,220.05540466308594,507.4631042480469,184.63819885253906,197.58999633789062,68.2509994506836,128.22511291503906,170.35516357421875,25.850000381469727,387.17999267578125,455.6608581542969,157.1840057373047,246.38999938964844
2024-07-05,52.630001068115234,224.81307983398438,537.2665405273438,189.38780212402344,200.0,69.06500244140625,125.77616882324219,167.80259704589844,27.229999542236328,389.67999267578125,462.3755798339844,161.29400634765625,251.52000427246094
2024-07-08,52.310001373291016,226.28309631347656,526.7283325195312,187.8277587890625,199.2899932861328,68.5739974975586,128.1451416015625,171.9944305419922,27.700000762939453,390.7099914550781,461.0702209472656,153.24000549316406,252.94000244140625
2024-07-09,52.720001220703125,227.13729858398438,527.405029296875,187.77810668945312,199.33999633789062,68.5739974975586,131.3238067626953,170.75807189941406,27.389999389648438,385.8800048828125,454.44451904296875,148.802001953125,262.3299865722656
2024-07-10,53.13999938964844,231.4082794189453,532.0720825195312,189.96409606933594,199.7899932861328,67.76499938964844,134.85227966308594,171.87918090820312,28.420000076293945,374.45001220703125,461.08013916015625,148.6300048828125,263.260009765625
2024-07-11,51.15999984741211,226.03480529785156,510.18975830078125,184.38978576660156,195.0500030517578,65.2750015258789,127.34550476074219,168.06271362304688,27.639999389648438,370.42999267578125,449.658203125,149.8280029296875,241.02999877929688
2024-07-12,51.18000030517578,228.9847412109375,496.427490234375,183.89295959472656,194.49000549316406,64.76000213623047,129.18470764160156,167.5425262451172,28.06999969482422,371.32000732421875,448.5209045410156,151.697998046875,248.22999572753906
2024-07-15,51.29999923706055,232.81871032714844,493.730712890625,185.34365844726562,192.72000122070312,65.6449966430664,128.3850555419922,168.87545776367188,28.670000076293945,377.3699951171875,448.9263610839844,153.57000732421875,252.63999938964844
2024-07-16,51.06999969482422,233.2358856201172,487.3918762207031,182.75027465820312,193.02000427246094,65.63200378417969,126.3059310913086,166.86572265625,28.670000076293945,369.04998779296875,444.53564453125,152.1580047607422,256.55999755859375
2024-07-17,49.63999938964844,227.33595275878906,459.7279968261719,179.8687286376953,187.92999267578125,64.74600219726562,117.93951416015625,153.66464233398438,28.219999313354492,354.94000244140625,438.6021423339844,147.21400451660156,248.5
2024-07-18,49.209999084472656,222.6676483154297,473.5201721191406,176.55990600585938,183.75,64.30400085449219,121.03820037841797,158.13723754882812,28.639999389648438,343.04998779296875,435.4870910644531,147.75399780273438,249.22999572753906
2024-07-19,48.619998931884766,222.79676818847656,474.4555358886719,176.5300750732422,183.1300048828125,63.33399963378906,117.87954711914062,155.0143280029297,28.579999923706055,304.9599914550781,432.2632141113281,150.24000549316406,239.1999969482422
2024-07-22,49.65999984741211,222.4491424560547,485.0135803222656,180.5145721435547,182.5500030517578,64.75,123.48714447021484,158.66925048828125,28.459999084472656,263.9100036621094,438.028564453125,151.3000030517578,251.50999450683594
2024-07-23,50.040000915527344,223.49205017089844,486.2972717285156,180.63381958007812,186.41000366210938,64.2760009765625,122.53755187988281,161.33901977539062,28.809999465942383,268.8800048828125,439.9173889160156,153.10400390625,246.3800048828125
2024-07-24,47.040000915527344,217.06570434570312,459.011474609375,171.53207397460938,180.8300018310547,63.5989990234375,114.20111846923828,149.09352111816406,26.600000381469727,258.1400146484375,424.1442565917969,146.1739959716797,215.99000549316406
2024-07-25,47.02000045776367,216.02279663085938,451.1900634765625,166.2161102294922,179.85000610351562,63.409000396728516,112.2319564819336,147.04440307617188,26.6299991607666,254.14999389648438,413.76068115234375,165.75799560546875,220.25
2024-07-26,47.20000076293945,216.4896240234375,463.4198303222656,165.93788146972656,182.5,63.137001037597656,113.0116195678711,149.37924194335938,27.18000030517578,256.1600036621094,420.55450439453125,165.52200317382812,219.8000030517578
2024-07-29,47.560001373291016,216.7677459716797,463.4297790527344,168.4517822265625,183.1999969482422,62.69599914550781,111.54225158691406,147.99017333984375,27.079999923706055,258.80999755859375,421.9983215332031,159.81199645996094,232.10000610351562
2024-07-30,46.650001525878906,217.323974609375,460.92218017578125,169.2069549560547,181.7100067138672,62.257999420166016,103.68561553955078,141.3896026611328,26.3700008392334,233.64999389648438,418.2305908203125,159.75999450683594,222.6199951171875
2024-07-31,48.40999984741211,220.5818328857422,472.505126953125,170.44900512695312,186.97999572753906,62.834999084472656,116.96992492675781,158.2948760986328,26.889999389648438,231.9600067138672,413.71124267578125,162.8780059814453,232.07000732421875
2024-08-01,47.08000183105469,216.8869171142578,495.302978515625,169.67398071289062,184.07000732421875,62.48500061035156,109.16327667236328,144.83766174316406,26.079999923706055,224.22000122070312,412.4850158691406,162.2760009765625,216.86000061035156
2024-08-02,45.7400016784668,218.37680053710938,485.75,165.6000518798828,167.89999389648438,61.36399841308594,107.2240982055664,141.68515014648438,24.739999771118164,217.88999938964844,403.9605407714844,158.1280059814453,207.6699981689453
2024-08-05,43.68000030517578,207.85826110839844,473.4007568359375,158.23716735839844,161.02000427246094,59.85499954223633,100.40702056884766,139.97097778320312,24.09000015258789,222.0500030517578,390.7684631347656,156.25399780273438,198.8800048828125
2024-08-06,44.4900016784668,205.8319854736328,491.67083740234375,157.28326416015625,161.92999267578125,60.957000732421875,104.20540618896484,141.78367614746094,26.59000015258789,231.69000244140625,395.1790466308594,158.58999633789062,200.63999938964844
2024-08-07,43.83000183105469,208.40451049804688,486.5261535644531,157.9291534423828,162.77000427246094,61.14799880981445,98.86769104003906,134.24722290039062,26.31999969482422,230.6699981689453,394.0120849609375,155.25599670410156,191.75999450683594
2024-08-08,45.5099983215332,211.87098693847656,507.1347961425781,160.99949645996094,165.8000030517578,63.03499984741211,104.92508697509766,143.57666015625,29.280000686645508,240.52000427246094,398.224853515625,159.22799682617188,198.83999633789062
2024-08-09,45.970001220703125,214.78123474121094,515.2349853515625,162.62905883789062,166.94000244140625,63.39400100708008,104.70519256591797,146.05923461914062,30.010000228881836,240.89999389648438,401.5179748535156,162.21600341796875,200.0
2024-08-12,45.880001068115234,216.31259155273438,513.4238891601562,161.25782775878906,166.8000030517578,63.31399917602539,108.97335815429688,146.4138946533203,29.3799991607666,239.33999633789062,402.2991943359375,161.32400512695312,197.49000549316406
2024-08-13,47.45000076293945,220.03167724609375,525.9521484375,163.11593627929688,170.22999572753906,64.802001953125,116.0903091430664,153.8419647216797,30.389999389648438,248.11000061035156,409.41937255859375,163.75999450683594,207.8300018310547
2024-08-14,47.22999954223633,220.47914123535156,524.180908203125,159.35003662109375,170.10000610351562,66.16799926757812,118.02948760986328,155.34925842285156,31.0,256.2200012207031,412.2377624511719,163.8040008544922,201.3800048828125
2024-08-15,48.58000183105469,223.46237182617188,534.6991577148438,160.2741241455078,177.58999633789062,66.3219985961914,122.80744171142578,163.6639862060547,31.219999313354492,260.489990234375,417.11199951171875,166.4219970703125,214.13999938964844
2024-08-16,48.61000061035156,224.78494262695312,524.8375854492188,161.92356872558594,177.05999755859375,67.40699768066406,124.52669525146484,163.26007080078125,32.08000183105469,262.5400085449219,414.5758056640625,165.51199340820312,216.1199951171875
2024-08-19,49.470001220703125,224.6258087158203,526.6885986328125,165.60997009277344,178.22000122070312,68.85299682617188,129.94439697265625,165.2205352783203,32.5,266.7799987792969,417.6073303222656,166.5760040283203,222.72000122070312
2024-08-20,49.540000915527344,225.2423553466797,524.1510620117188,166.1167449951172,178.8800048828125,69.85399627685547,127.195556640625,163.4866485595703,32.31999969482422,266.5299987792969,420.846923828125,167.6439971923828,221.10000610351562
2024-08-21,49.5,225.1329803466797,532.5397338867188,164.79518127441406,180.11000061035156,69.71199798583984,128.4450225830078,163.31918334960938,32.540000915527344,273.2099914550781,420.19305419921875,167.83599853515625,223.27000427246094
2024-08-22,48.11000061035156,223.2734375,529.3255004882812,162.7582244873047,176.1300048828125,68.89600372314453,123.68705749511719,159.9302215576172,31.920000076293945,267.6400146484375,411.6829833984375,164.18600463867188,210.66000366210938
2024-08-23,48.54999923706055,225.57049560546875,525.414794921875,164.56666564941406,177.0399932861328,68.6729965209961,129.31463623046875,163.89056396484375,31.780000686645508,271.5400085449219,412.91143798828125,165.6540069580078,220.32000732421875
2024-08-26,48.099998474121094,225.90859985351562,518.5684814453125,165.1032257080078,175.5,68.84400177001953,126.40589141845703,157.2506103515625,30.850000381469727,265.8699951171875,409.64215087890625,165.57200622558594,213.2100067138672
2024-08-27,47.91999816894531,226.75384521484375,516.558349609375,163.6326446533203,173.1199951171875,69.5719985961914,128.2451171875,158.9943389892578,30.84000015258789,269.8299865722656,409.9888916015625,166.34800720214844,209.2100067138672
2024-08-28,47.209999084472656,225.2224578857422,514.2498168945312,161.81430053710938,170.8000030517578,68.38400268554688,125.55626678466797,155.8319854736328,30.360000610351562,264.20001220703125,406.779052734375,162.82200622558594,205.75
2024-08-29,47.279998779296875,228.50399780273438,515.6827392578125,160.75108337402344,172.1199951171875,69.24800109863281,117.53968811035156,154.60055541992188,31.0,271.6700134277344,409.27557373046875,166.25399780273438,206.27999877929688
2024-08-30,47.91999816894531,227.71841430664062,518.757568359375,162.34091186523438,178.5,70.13500213623047,119.31893157958984,160.4031219482422,31.479999542236328,277.2799987792969,413.2581787109375,171.0,214.11000061035156
2024-09-03,46.16999816894531,221.52328491210938,509.25433349609375,156.35919189453125,176.25,67.53199768066406,107.95378875732422,150.52200317382812,30.510000228881836,266.6000061035156,405.6298522949219,167.1719970703125,210.60000610351562
2024-09-04,46.38999938964844,219.61404418945312,510.2294921875,155.45498657226562,173.3300018310547,67.96800231933594,106.16455841064453,151.83224487304688,30.59000015258789,259.32000732421875,405.0948486328125,166.96600341796875,219.41000366210938
2024-09-05,47.099998474121094,221.13548278808594,514.3294067382812,156.2399444580078,177.88999938964844,68.36199951171875,107.16413116455078,150.5515594482422,30.15999984741211,256.42999267578125,404.5896301269531,167.0800018310547,230.1699981689453
2024-09-06,44.970001220703125,219.58419799804688,497.8205871582031,149.96014404296875,171.38999938964844,66.5770034790039,102.78600311279297,134.9663848876953,30.329999923706055,246.38999938964844,397.96185302734375,165.00799560546875,210.72999572753906
2024-09-09,45.79999923706055,219.67369079589844,502.3184814453125,147.96029663085938,175.39999389648438,67.54199981689453,106.42444610595703,138.72967529296875,34.599998474121094,246.5800018310547,401.9444580078125,171.11599731445312,216.27000427246094
2024-09-10,46.47999954223633,218.878173828125,502.3184814453125,147.91053771972656,179.5500030517578,67.36199951171875,108.05374908447266,146.00999450683594,34.7599983215332,247.74000549316406,410.3455810546875,172.02999877929688,226.1699981689453
2024-09-11,47.70000076293945,221.41390991210938,509.3239440917969,150.39793395996094,184.52000427246094,68.14700317382812,116.85997772216797,155.92066955566406,34.849998474121094,253.52999877929688,419.1033020019531,175.19200134277344,228.1300048828125
2024-09-12,48.31999969482422,221.52328491210938,523.0264892578125,153.91014099121094,187.0,68.68000030517578,119.09921264648438,162.11729431152344,34.90999984741211,257.1000061035156,423.02642822265625,177.2259979248047,229.80999755859375
2024-09-13,48.56999969482422,221.25477600097656,522.0513305664062,156.66616821289062,186.49000549316406,69.70600128173828,119.0592269897461,165.2008056640625,35.59000015258789,259.1300048828125,426.5830383300781,175.7899932861328,230.2899932861328
2024-09-16,48.13999938964844,215.10939025878906,531.1751708984375,157.2631378173828,184.88999938964844,69.6500015258789,116.74002075195312,161.58529663085938,36.310001373291016,267.80999755859375,427.3260498046875,178.49200439453125,226.77999877929688
2024-09-17,48.29999923706055,215.57672119140625,534.2031860351562,158.5167999267578,186.8800048828125,70.69100189208984,115.55043029785156,160.0583038330078,36.45000076293945,268.7200012207031,431.1005859375,177.16600036621094,227.8699951171875
2024-09-18,48.09000015258789,219.45494079589844,535.826904296875,159.00433349609375,186.42999267578125,69.0469970703125,113.33119201660156,159.2701873779297,36.380001068115234,267.1199951171875,426.8009948730469,178.0780029296875,227.1999969482422
2024-09-19,49.779998779296875,227.58914184570312,556.8932495117188,161.3225860595703,189.8699951171875,70.43199920654297,117.82965087890625,165.477294921875,36.83000183105469,277.3800048828125,434.607666015625,183.85000610351562,243.9199981689453
2024-09-20,49.4900016784668,226.9228973388672,559.1343994140625,162.76527404785156,191.60000610351562,70.10299682617188,115.96028900146484,169.11460876464844,37.20000076293945,299.8500061035156,431.219482421875,187.4720001220703,238.25
2024-09-23,49.4900016784668,225.2025909423828,562.1823120117188,161.03404235839844,193.8800048828125,70.53700256347656,116.22020721435547,170.93325805664062,37.95000076293945,293.1400146484375,429.4758605957031,185.11000061035156,250.0
2024-09-24,49.68000030517578,226.09751892089844,561.106689453125,161.47181701660156,193.9600067138672,72.22599792480469,120.82862091064453,172.8112030029297,36.900001525878906,288.5400085449219,425.17626953125,184.72000122070312,254.27000427246094
2024-09-25,49.56999969482422,225.10311889648438,566.0669555664062,160.6758575439453,192.52999877929688,72.15599822998047,123.46772003173828,173.4833221435547,37.119998931884766,286.4700012207031,428.0888671875,178.00599670410156,257.0199890136719
2024-09-26,49.5,226.2467041015625,565.5988159179688,161.9095916748047,191.16000366210938,71.14299774169922,123.9975357055664,176.02349853515625,37.099998474121094,281.4800109863281,427.29632568359375,176.9720001220703,254.22000122070312
2024-09-27,49.0099983215332,226.5151824951172,565.1207275390625,163.1234588623047,187.97000122070312,70.73500061035156,121.35844421386719,170.6861572265625,36.84000015258789,285.8599853515625,424.0368957519531,176.35800170898438,260.4599914550781
2024-09-30,49.40999984741211,231.69602966308594,570.1806640625,165.01388549804688,186.3300018310547,70.927001953125,121.39842224121094,170.4983673095703,37.20000076293945,280.4700012207031,426.29571533203125,178.8780059814453,261.6300048828125
2024-10-01,48.380001068115234,224.94403076171875,574.1947021484375,166.14813232421875,185.1300048828125,70.61299896240234,116.95994567871094,165.5267333984375,36.459999084472656,275.1499938964844,416.775146484375,173.43600463867188,258.0199890136719
2024-10-02,48.810001373291016,225.51083374023438,570.5491333007812,165.02381896972656,184.75999450683594,71.10900115966797,118.80931854248047,168.67971801757812,37.4900016784668,280.239990234375,413.248291015625,176.08200073242188,249.02000427246094
2024-10-03,49.060001373291016,224.40704345703125,580.469970703125,165.02381896972656,181.9600067138672,70.68000030517578,122.80794525146484,169.8954315185547,39.2400016784668,283.75,412.6637878417969,178.1280059814453,240.66000366210938
2024-10-04,49.93000030517578,225.5307159423828,593.587890625,166.21778869628906,186.50999450683594,71.97000122070312,124.87723541259766,174.59033203125,40.0099983215332,292.239990234375,412.1882629394531,183.53599548339844,250.0800018310547
2024-10-07,49.189998626708984,220.44932556152344,582.4720458984375,162.15834045410156,180.8000030517578,70.19200134277344,127.67628479003906,173.04843139648438,38.88999938964844,286.9700012207031,405.7289123535156,181.18800354003906,240.8300018310547
2024-10-08,50.36000061035156,224.50650024414062,590.5499877929688,163.55130004882812,182.72000122070312,72.1760025024414,132.84449768066406,178.6328582763672,41.45000076293945,293.010009765625,410.8507995605469,184.39999389648438,244.5
2024-10-09,50.63999938964844,228.25538635253906,588.1793212890625,161.0439910888672,185.1699981689453,72.74299621582031,132.60458374023438,183.79229736328125,43.130001068115234,298.3399963378906,413.5751953125,187.72999572753906,241.0500030517578
2024-10-10,51.02000045776367,227.75819396972656,581.5256958007812,161.2628936767578,186.64999389648438,73.02899932861328,134.76385498046875,183.53530883789062,43.52000045776367,314.9200134277344,411.9703063964844,188.92599487304688,238.77000427246094
2024-10-11,51.08000183105469,226.2765350341797,587.6216430664062,162.41702270507812,188.82000732421875,72.27899932861328,134.7538604736328,179.37417602539062,43.5099983215332,320.2099914550781,412.44580078125,187.71800231933594,217.8000030517578
2024-10-14,51.290000915527344,230.0055694580078,588.0897216796875,164.1283721923828,187.5399932861328,71.30000305175781,138.0227508544922,180.1945343017578,43.400001525878906,310.5199890136719,415.2396240234375,188.93800354003906,219.16000366210938
2024-10-15,50.29999923706055,232.541259765625,583.9560546875,164.62583923339844,187.69000244140625,70.5979995727539,131.55496215820312,173.93795776367188,42.43000030517578,302.30999755859375,414.8432922363281,185.5919952392578,219.57000732421875
2024-10-16,50.40999984741211,230.48284912109375,574.513427734375,164.32736206054688,186.88999938964844,70.19999694824219,135.67352294921875,174.7682342529297,41.93000030517578,306.239990234375,412.2476806640625,183.7740020751953,221.3300018310547
2024-10-17,50.56999969482422,230.8507843017578,574.6529541015625,162.10858154296875,187.52999877929688,68.76499938964844,136.8831329345703,179.42356872558594,42.0,310.3399963378906,412.84210205078125,183.4239959716797,220.88999938964844
2024-10-18,51.36000061035156,233.68484497070312,574.1947021484375,162.59613037109375,188.99000549316406,76.38899993896484,137.9527587890625,177.80262756347656,42.970001220703125,310.1499938964844,414.2686767578125,184.35000610351562,220.6999969482422
2024-10-21,51.47999954223633,235.1565399169922,572.889892578125,163.2428741455078,189.07000732421875,77.20700073242188,143.6608123779297,177.9014434814453,42.70000076293945,309.54998779296875,414.8829040527344,183.66799926757812,218.85000610351562
2024-10-22,51.66999816894531,234.54002380371094,579.7129516601562,164.3074493408203,189.6999969482422,76.42400360107422,143.5408477783203,177.2985382080078,42.939998626708984,308.510009765625,423.5317077636719,183.58999633789062,217.97000122070312
2024-10-23,50.45000076293945,229.4685516357422,561.4652099609375,161.9593505859375,184.7100067138672,74.92900085449219,139.51222229003906,171.49661254882812,42.59000015258789,299.29998779296875,420.6488037109375,181.53599548339844,213.64999389648438
2024-10-24,50.95000076293945,229.27964782714844,565.5390014648438,161.89964294433594,186.3800048828125,75.45500183105469,140.3619384765625,169.36170959472656,43.560001373291016,304.4700012207031,420.777587890625,191.3159942626953,260.4800109863281
2024-10-25,51.08000183105469,230.1149444580078,570.9874267578125,164.43679809570312,187.8300018310547,75.46800231933594,141.49154663085938,170.99258422851562,44.86000061035156,300.6199951171875,424.16571044921875,190.1699981689453,269.19000244140625
2024-10-28,51.08000183105469,232.0937957763672,575.8780517578125,165.8794708251953,188.38999938964844,74.91200256347656,140.47190856933594,170.02395629882812,44.970001220703125,301.32000732421875,422.6202392578125,189.0,262.510009765625
2024-10-29,52.04999923706055,232.36228942871094,590.9384765625,168.82455444335938,190.8300018310547,75.94400024414062,141.20164489746094,177.16014099121094,44.93000030517578,310.94000244140625,427.9303894042969,190.61599731445312,259.5199890136719
2024-10-30,51.90999984741211,228.81228637695312,589.4642333984375,173.58045959472656,192.72999572753906,75.3740005493164,139.29229736328125,174.59033203125,43.689998626708984,307.45001220703125,428.5049743652344,190.0,257.54998779296875
2024-10-31,50.2400016784668,224.64572143554688,565.33984375,170.2473602294922,186.39999389648438,75.60299682617188,132.7145538330078,167.800048828125,41.560001373291016,296.8699951171875,402.568603515625,186.59800720214844,249.85000610351562
2024-11-01,50.77000045776367,221.66249084472656,564.9214477539062,170.4264373779297,197.92999267578125,75.61000061035156,135.35365295410156,166.9599151611328,41.91999816894531,303.1300048828125,406.5511779785156,188.6820068359375,248.97999572753906
2024-11-04,50.52000045776367,220.76751708984375,558.4671020507812,168.3867950439453,195.77999877929688,75.5510025024414,136.00343322753906,166.59420776367188,41.40999984741211,298.8800048828125,404.6589660644531,190.91799926757812,242.83999633789062
2024-11-05,51.40999984741211,222.19947814941406,570.170654296875,168.88427734375,199.5,76.39099884033203,139.8621063232422,171.88209533691406,51.130001068115234,307.5799865722656,407.6310119628906,194.20799255371094,251.44000244140625
2024-11-06,52.88999938964844,221.4735565185547,569.7921142578125,175.62013244628906,207.08999633789062,78.02100372314453,145.56016540527344,177.466552734375,55.529998779296875,320.0,416.2698669433594,198.89599609375,288.5299987792969
2024-11-07,53.959999084472656,226.20692443847656,589.3646850585938,179.83876037597656,210.0500030517578,79.65399932861328,148.8290557861328,181.67710876464844,55.880001068115234,330.7799987792969,421.47100830078125,203.05599975585938,296.9100036621094
2024-11-08,53.81999969482422,225.93814086914062,587.013916015625,177.4508514404297,208.17999267578125,79.50399780273438,147.57945251464844,181.5091094970703,58.38999938964844,330.0299987792969,418.6079406738281,201.61599731445312,321.2200012207031
2024-11-11,53.7599983215332,223.22042846679688,580.8682250976562,179.44078063964844,206.83999633789062,80.54399871826172,145.21026611328125,176.833984375,60.2400016784668,342.4200134277344,414.1200866699219,207.20199584960938,350.0
2024-11-12,54.13999938964844,223.22042846679688,582.5117797851562,180.704345703125,208.91000366210938,81.94999694824219,148.2392120361328,174.17520141601562,59.849998474121094,343.5,419.0933532714844,209.6580047607422,328.489990234375
2024-11-13,54.189998626708984,224.10641479492188,577.7107543945312,177.9781951904297,214.10000610351562,83.0469970703125,146.2199249267578,171.5658416748047,60.70000076293945,347.8800048828125,421.2431640625,209.11000061035156,330.239990234375
2024-11-14,53.95000076293945,227.1924591064453,574.8820190429688,174.69480895996094,211.47999572753906,83.72599792480469,146.7097625732422,168.40296936035156,59.18000030517578,344.3599853515625,422.91748046875,207.9600067138672,311.17999267578125
2024-11-15,52.470001220703125,223.98695373535156,551.8931274414062,171.62039184570312,202.61000061035156,82.39600372314453,141.93138122558594,162.92726135253906,65.7699966430664,336.75,411.13812255859375,202.2779998779297,320.7200012207031
2024-11-18,52.790000915527344,226.9933624267578,552.2119140625,174.41622924804688,201.6999969482422,84.70500183105469,140.1020050048828,163.7476043701172,61.2599983215332,342.9700012207031,411.8910217285156,201.0679931640625,338.739990234375
2024-11-19,53.90999984741211,227.252197265625,558.8754272460938,177.22203063964844,204.61000061035156,87.13200378417969,146.9596710205078,163.43133544921875,62.97999954223633,353.2900085449219,413.9021301269531,204.4199981689453,346.0
2024-11-20,53.68000030517578,227.9689483642578,563.2879028320312,175.09278869628906,202.8800048828125,88.38500213623047,145.84005737304688,161.35569763183594,62.119998931884766,350.1499938964844,411.62353515625,204.5959930419922,342.0299987792969
2024-11-21,53.529998779296875,227.4911346435547,560.8676147460938,166.784912109375,198.3800048828125,89.74800109863281,146.6197967529297,162.0376739501953,61.36000061035156,357.54998779296875,409.8466491699219,209.41000366210938,339.6400146484375
2024-11-22,53.70000076293945,228.8350372314453,556.9331665039062,163.92935180664062,197.1199951171875,89.77899932861328,141.90139770507812,162.32432556152344,64.3499984741211,372.260009765625,413.9464111328125,212.1199951171875,352.55999755859375
2024-11-25,53.15999984741211,231.82151794433594,562.8795166015625,166.80479431152344,201.4499969482422,86.55899810791016,135.9734344482422,162.90750122070312,64.6500015258789,363.67999267578125,415.7232971191406,210.54200744628906,338.5899963378906
2024-11-26,54.029998779296875,234.0016632080078,571.2763061523438,168.2673797607422,207.86000061035156,87.26000213623047,136.87313842773438,162.8284149169922,65.73999786376953,364.29998779296875,424.8559265136719,214.01400756835938,338.2300109863281
2024-11-27,53.209999084472656,233.8722381591797,566.9534912109375,168.3768310546875,205.74000549316406,87.73400115966797,135.2936553955078,157.81723022460938,66.05000305175781,347.5899963378906,419.89251708984375,208.27999877929688,332.8900146484375
2024-11-29,53.779998779296875,236.26144409179688,572.05322265625,168.09823608398438,207.88999938964844,88.68099975585938,138.2026824951172,160.1992645263672,67.08000183105469,345.9700012207031,420.3591003417969,209.88800048828125,345.1600036621094
2024-12-02,54.439998626708984,238.51126098632812,590.490234375,170.62545776367188,210.7100067138672,89.77400207519531,138.58255004882812,164.57786560058594,66.38999938964844,346.79998779296875,427.8240661621094,209.68600463867188,357.0899963378906
2024-12-03,55.11000061035156,241.55747985839844,611.2279663085938,170.47618103027344,213.44000244140625,90.21700286865234,140.2119903564453,166.19882202148438,70.95999908447266,349.95001220703125,428.04241943359375,211.46400451660156,351.4200134277344
2024-12-04,56.22999954223633,241.91587829589844,611.3574829101562,173.4909210205078,218.16000366210938,91.10600280761719,145.09033203125,168.58087158203125,69.8499984741211,364.1600036621094,434.2168884277344,224.62600708007812,357.92999267578125
2024-12-05,56.459999084472656,241.94570922851562,606.5266723632812,171.76963806152344,220.5500030517578,91.78700256347656,145.0203399658203,168.49192810058594,71.87000274658203,364.8399963378906,439.3787841796875,224.74400329589844,369.489990234375
2024-12-06,57.0099983215332,241.7466278076172,621.30810546875,173.82920837402344,227.02999877929688,93.4739990234375,142.40106201171875,177.44677734375,76.33999633789062,365.6499938964844,440.32183837890625,224.8679962158203,389.2200012207031
2024-12-09,56.66999816894531,245.63902282714844,611.1483154296875,174.6858673095703,226.08999633789062,91.36900329589844,138.77203369140625,176.8636474609375,72.45999908447266,353.6000061035156,442.75384521484375,224.0959930419922,389.7900085449219
2024-12-10,56.5,246.65444946289062,616.8756713867188,184.44761657714844,225.0399932861328,91.33499908447266,135.03306579589844,169.8163604736328,70.88999938964844,346.7749938964844,440.0835876464844,225.5679931640625,400.989990234375
2024-12-11,58.20000076293945,245.38021850585938,630.182861328125,194.63771057128906,230.25999450683594,93.65599822998047,139.2718963623047,181.07418823242188,72.51000213623047,362.9700012207031,445.7021484375,229.43600463867188,424.7699890136719
2024-12-12,57.90999984741211,246.84359741210938,628.3003540039062,191.2111358642578,228.97000122070312,92.55500030517578,137.30242919921875,178.56369018554688,73.19999694824219,365.5,446.2679748535156,229.6840057373047,418.1000061035156
2024-12-13,58.93000030517578,247.0128173828125,617.9015502929688,189.07949829101562,227.4600067138672,91.88700103759766,134.21328735351562,222.1914825439453,76.06999969482422,368.0199890136719,443.9947204589844,224.22000122070312,436.2300109863281
2024-12-16,60.599998474121094,249.90972900390625,622.2777099609375,195.89279174804688,232.92999267578125,92.10800170898438,131.96389770507812,247.0990753173828,75.75,388.20001220703125,448.2830810546875,225.98599243164062,463.0199890136719
2024-12-17,59.560001373291016,252.33872985839844,617.4927978515625,194.65762329101562,231.14999389648438,91.91300201416016,130.35433959960938,237.44244384765625,74.38999938964844,376.4200134277344,451.1320495605469,222.94400024414062,479.8599853515625
2024-12-18,56.900001525878906,246.9331817626953,595.312744140625,187.66500854492188,220.52000427246094,88.95500183105469,128.874755859375,221.0251922607422,71.51000213623047,349.17999267578125,434.1871337890625,212.197998046875,440.1300048828125
2024-12-19,57.66999816894531,248.66534423828125,593.6979370117188,187.7745819091797,223.2899932861328,90.2040023803711,130.6442413330078,215.78668212890625,74.20999908447266,351.0299987792969,433.8297119140625,214.9739990234375,436.1700134277344
2024-12-20,58.20000076293945,253.3441925048828,583.4103393554688,190.6632843017578,224.9199981689453,90.90499877929688,134.6631622314453,218.22799682617188,80.55000305175781,362.2900085449219,433.40289306640625,218.25,421.05999755859375
2024-12-23,59.119998931884766,254.1206817626953,597.9644165039062,193.8707275390625,225.05999755859375,91.1449966430664,139.63180541992188,230.2692108154297,80.69000244140625,361.5,432.0627746582031,217.65199279785156,430.6000061035156
2024-12-24,59.97999954223633,257.0374755859375,605.8395385742188,195.34494018554688,229.0500030517578,93.21199798583984,140.18167114257812,237.53353881835938,82.37999725341797,365.7900085449219,436.11285400390625,221.11199951171875,462.2799987792969
2024-12-26,60.0,257.853759765625,601.4534301757812,194.83694458007812,227.0500030517578,92.41400146484375,139.89173889160156,243.16268920898438,82.13999938964844,365.0799865722656,434.9018249511719,219.82200622558594,454.1300048828125
2024-12-27,58.36000061035156,254.43922424316406,597.9244995117188,192.00799560546875,223.75,90.75499725341797,136.9725341796875,239.5850372314453,79.08000183105469,354.989990234375,427.3773193359375,216.29200744628906,431.6600036621094
2024-12-30,58.2400016784668,251.06448364257812,589.3814086914062,190.49395751953125,221.3000030517578,90.04299926757812,137.452392578125,233.47027587890625,77.18000030517578,349.30999755859375,421.71905517578125,213.5399932861328,417.4100036621094
2024-12-31,57.36000061035156,249.29251098632812,583.6695556640625,188.56150817871094,219.38999938964844,89.13200378417969,134.25328063964844,229.76377868652344,75.62999725341797,342.1600036621094,418.4134216308594,212.0240020751953,403.8399963378906
2025-01-02,57.06999969482422,242.75209045410156,597.3563842773438,188.69100952148438,220.22000122070312,88.6729965209961,138.2721710205078,229.90249633789062,75.19000244140625,347.3399963378906,415.51483154296875,210.8679962158203,379.2799987792969
2025-01-03,58.06999969482422,242.26429748535156,602.7294311523438,191.0417938232422,224.19000244140625,88.1050033569336,144.4304962158203,230.46742248535156,79.88999938964844,359.0199890136719,420.2499084472656,214.75399780273438,410.44000244140625
2025-01-06,59.22999954223633,243.89691162109375,628.2190551757812,196.1019744873047,227.61000061035156,88.17900085449219,149.38912963867188,234.2928466796875,75.91999816894531,366.3599853515625,424.7169494628906,215.41000366210938,411.04998779296875
2025-01-07,57.95000076293945,241.11949157714844,615.94775390625,194.7273712158203,222.11000061035156,87.91899871826172,140.10166931152344,226.59242248535156,69.98999786376953,359.92999267578125,419.2770690917969,210.8300018310547,394.3599853515625
2025-01-08,57.79999923706055,241.60728454589844,608.8002319335938,193.193359375,222.1300048828125,87.5,140.07168579101562,227.2564239501953,68.2300033569336,358.7200012207031,421.4510498046875,209.8159942626953,394.94000244140625
2025-01-10,56.900001525878906,235.7836151123047,613.9240112304688,191.2908172607422,218.94000244140625,83.76899719238281,135.8728485107422,222.30120849609375,67.26000213623047,348.8399963378906,415.8821105957031,204.91400146484375,394.739990234375
2025-01-13,56.439998626708984,233.34463500976562,606.4178466796875,190.2648468017578,218.4600067138672,84.02899932861328,133.19357299804688,223.27243041992188,64.9800033569336,341.4599914550781,414.135009765625,203.1479949951172,403.30999755859375
2025-01-14,56.11000061035156,232.2296905517578,592.3819580078125,188.92010498046875,217.75999450683594,82.83999633789062,131.7239532470703,222.6876983642578,65.91000366210938,348.0400085449219,412.62615966796875,206.25799560546875,396.3599853515625
2025-01-15,57.06999969482422,236.79901123046875,615.1801147460938,194.78713989257812,223.35000610351562,84.82599639892578,136.2027587890625,225.95816040039062,68.13999938964844,362.0199890136719,423.188232421875,210.8260040283203,428.2200012207031
2025-01-16,57.0099983215332,227.23228454589844,609.37841796875,192.15744018554688,220.66000366210938,84.23699951171875,133.53347778320312,227.35552978515625,69.23999786376953,363.3800048828125,421.4708557128906,211.4320068359375,413.82000732421875
2025-01-17,57.970001220703125,228.94451904296875,610.8438110351562,195.23538208007812,225.94000244140625,85.80999755859375,137.67234802246094,235.31362915039062,71.7699966430664,357.0,425.8883361816406,214.29600524902344,426.5
2025-01-21,58.380001068115234,221.63758850097656,614.522216796875,197.27737426757812,230.7100067138672,86.96800231933594,140.79148864746094,238.1579132080078,73.06999969482422,366.4100036621094,425.3622131347656,219.3699951171875,424.07000732421875
2025-01-22,60.060001373291016,222.8222198486328,621.5400390625,197.5961151123047,235.00999450683594,95.39900207519531,147.02981567382812,238.75253295898438,76.87000274658203,377.9800109863281,442.9326171875,225.03399658203125,415.1099853515625
2025-01-23,60.470001220703125,222.6529998779297,634.4494018554688,197.20765686035156,235.4199981689453,98.48600006103516,147.17974853515625,238.12818908691406,78.9800033569336,377.70001220703125,443.4388122558594,226.83999633789062,412.3800048828125
2025-01-24,60.06999969482422,221.77696228027344,645.4546508789062,199.42897033691406,234.85000610351562,97.75900268554688,142.58099365234375,242.50860595703125,78.9800033569336,374.9200134277344,440.8082580566406,224.99600219726562,406.5799865722656
2025-01-27,58.04999923706055,228.82508850097656,657.8057250976562,191.0617218017578,235.4199981689453,97.18900299072266,118.38761901855469,200.31985473632812,75.44000244140625,373.75,431.3778076171875,228.12399291992188,397.1499938964844
2025-01-28,60.18000030517578,237.187255859375,672.2103881835938,194.53810119628906,238.14999389648438,97.18299865722656,128.95472717285156,205.5030059814453,80.2300033569336,408.67999267578125,443.9252624511719,234.0780029296875,398.0899963378906
2025-01-29,59.7599983215332,238.2823028564453,674.3634643554688,194.64767456054688,237.07000732421875,97.81500244140625,123.66617584228516,204.50205993652344,79.76000213623047,397.07000732421875,439.09088134765625,228.7259979248047,389.1000061035156
2025-01-30,58.84000015258789,236.520263671875,684.8404541015625,200.0863800048828,234.63999938964844,97.3239974975586,124.61592864990234,213.72866821289062,81.22000122070312,396.8699951171875,411.95111083984375,202.5500030517578,400.2799987792969
2025-01-31,58.79999923706055,234.93743896484375,687.013671875,203.22410583496094,237.67999267578125,97.6760025024414,120.03717041015625,219.2884521484375,82.48999786376953,398.07000732421875,412.0206298828125,203.67599487304688,404.6000061035156
2025-02-03,58.65999984741211,226.98341369628906,695.2675170898438,200.44496154785156,237.4199981689453,97.89399719238281,116.62810516357422,215.78012084960938,83.73999786376953,397.57000732421875,407.9109191894531,204.18800354003906,383.67999267578125
2025-02-04,59.529998779296875,231.75184631347656,701.9765014648438,205.57489013671875,242.05999755859375,99.48699951171875,118.6175537109375,220.4380340576172,103.83000183105469,407.5199890136719,409.3503112792969,202.0260009765625,392.2099914550781
2025-02-05,59.52000045776367,231.42333984375,702.654296875,190.5835723876953,236.1699981689453,101.11100006103516,124.79586029052734,229.92233276367188,101.36000061035156,417.2200012207031,410.26361083984375,205.41200256347656,378.1700134277344
2025-02-06,60.189998626708984,232.16995239257812,709.7518920898438,190.8525390625,238.8300018310547,101.56800079345703,128.64479064941406,229.28807067871094,111.27999877929688,420.510009765625,412.7750549316406,204.66000366210938,374.32000732421875
2025-02-07,59.470001220703125,226.60513305664062,712.2739868164062,184.61695861816406,229.14999389648438,101.39299774169922,129.8044891357422,222.85618591308594,110.8499984741211,421.5899963378906,406.7494812011719,201.6580047607422,361.6199951171875
2025-02-10,60.150001525878906,226.8741912841797,715.1448974609375,185.7425537109375,233.13999938964844,102.76000213623047,133.53347778320312,232.93511962890625,116.6500015258789,428.9200134277344,409.201416015625,204.36199951171875,350.7300109863281
2025-02-11,60.27000045776367,231.8272705078125,717.537353515625,184.59703063964844,232.75999450683594,100.80799865722656,132.76370239257812,232.93511962890625,112.62000274658203,431.6400146484375,408.4270935058594,201.80999755859375,328.5
2025-02-12,60.16999816894531,236.06277465820312,723.099853515625,182.89370727539062,228.92999267578125,102.73100280761719,131.10414123535156,234.2333984375,117.38999938964844,434.6300048828125,406.0447082519531,196.47999572753906,336.510009765625
2025-02-13,61.040000915527344,240.7069091796875,726.2698974609375,185.41383361816406,230.3699951171875,104.36900329589844,135.2530059814453,233.6883087158203,117.91000366210938,453.7699890136719,407.5337219238281,197.89599609375,355.94000244140625
2025-02-14,61.33000183105469,243.7664337158203,734.354248046875,184.50738525390625,228.67999267578125,105.86000061035156,138.81204223632812,230.9530029296875,119.16000366210938,451.739990234375,405.43914794921875,197.3260040283203,355.8399963378906
2025-02-18,60.970001220703125,243.6368865966797,714.1181640625,183.05308532714844,226.64999389648438,103.58499908447266,139.3618927001953,226.4833984375,124.62000274658203,455.3599853515625,406.64031982421875,199.49600219726562,354.1099853515625
2025-02-19,60.63999938964844,244.03550720214844,701.5578002929688,184.54722595214844,226.6300048828125,104.33300018310547,139.19192504882812,226.68162536621094,112.05999755859375,450.1400146484375,411.7327575683594,197.42799377441406,360.55999755859375
2025-02-20,60.06999969482422,244.99224853515625,692.6558227539062,183.83999633789062,222.8800048828125,102.4540023803711,140.07168579101562,224.70945739746094,106.2699966430664,436.1400146484375,413.91107177734375,193.5959930419922,354.3999938964844
2025-02-21,57.75,244.71319580078125,681.4013671875,178.95912170410156,216.5800018310547,100.31500244140625,134.3932342529297,216.70179748535156,101.3499984741211,406.67999267578125,406.03326416015625,187.6820068359375,337.79998779296875
2025-02-24,56.56999969482422,246.25791931152344,666.02978515625,178.55072021484375,212.7100067138672,98.84700012207031,130.244384765625,206.06790161132812,90.68000030517578,391.7200012207031,401.8457336425781,185.51600646972656,330.5299987792969
2025-02-25,55.68000030517578,246.1981201171875,655.4332275390625,174.73565673828125,212.8000030517578,97.7239990234375,126.59537506103516,200.7261505126953,87.83999633789062,379.75,395.77825927734375,184.45799255371094,302.79998779296875
2025-02-26,56.70000076293945,239.54087829589844,671.5823364257812,172.05612182617188,214.35000610351562,99.00599670410156,131.24411010742188,211.03305053710938,89.30999755859375,394.55999755859375,397.5985412597656,188.39199829101562,290.79998779296875
2025-02-27,54.65999984741211,236.49131774902344,656.1708374023438,167.8426513671875,208.74000549316406,96.30699920654297,120.11714935302734,196.0286102294922,84.7699966430664,380.239990234375,390.4368896484375,184.19200134277344,281.95001220703125
2025-02-28,55.529998779296875,241.01583862304688,666.099609375,169.61570739746094,212.27999877929688,98.05599975585938,124.8858413696289,197.64401245117188,84.91999816894531,389.6600036621094,394.87310791015625,185.95199584960938,292.9800109863281
2025-03-03,54.04999923706055,237.21881103515625,652.990966796875,166.3584442138672,205.02000427246094,97.37000274658203,114.02880859375,185.6920166015625,83.41999816894531,382.7300109863281,386.4184265136719,182.06199645996094,284.6499938964844
2025-03-04,53.959999084472656,235.1259765625,637.9881591796875,170.25320434570312,203.8000030517578,97.25800323486328,115.95828247070312,185.80104064941406,84.4000015258789,390.1600036621094,386.53778076171875,181.21800231933594,272.0400085449219
2025-03-05,54.68000030517578,234.93663024902344,654.4064331054688,172.34503173828125,208.36000061035156,99.09200286865234,117.2679214477539,189.8643341064453,90.12999725341797,365.44000244140625,398.8816223144531,183.1580047607422,279.1000061035156
2025-03-06,52.220001220703125,234.5280303955078,625.9561157226562,171.67764282226562,200.6999969482422,90.63600158691406,110.53976440429688,177.8429412841797,80.45999908447266,347.7300109863281,394.773681640625,173.41799926757812,263.45001220703125
2025-03-07,52.2400016784668,238.2552947998047,623.6932983398438,173.18173217773438,199.25,89.11100006103516,112.65918731689453,193.21405029296875,84.91000366210938,333.5,391.2127380371094,170.12600708007812,262.6700134277344
2025-03-10,49.779998779296875,226.70477294921875,596.1102294921875,165.41319274902344,194.5399932861328,86.66799926757812,106.95075225830078,182.79815673828125,76.37999725341797,308.8599853515625,378.1328430175781,156.76600646972656,222.14999389648438
2025-03-11,50.81999969482422,220.08741760253906,603.8060302734375,163.58822631835938,196.58999633789062,89.51000213623047,108.73026275634766,188.38766479492188,78.05000305175781,329.75,378.4213562011719,161.67999267578125,230.5800018310547
2025-03-12,51.84000015258789,216.2405548095703,617.6124877929688,166.6497802734375,198.88999938964844,91.96800231933594,115.71900177001953,192.49058532714844,83.6500015258789,346.760009765625,381.2262878417969,168.6280059814453,248.08999633789062
2025-03-13,50.529998779296875,208.96543884277344,588.7833862304688,162.31175231933594,193.88999938964844,89.01699829101562,115.55902862548828,189.64627075195312,79.62000274658203,332.5299987792969,376.750244140625,162.32400512695312,240.67999267578125
2025-03-14,52.099998474121094,212.76246643066406,606.2288818359375,165.03424072265625,197.9499969482422,91.80000305175781,121.64791870117188,193.78883361816406,86.23999786376953,353.7349853515625,386.4880676269531,168.86599731445312,249.97999572753906
2025-03-17,52.18000030517578,213.27072143554688,603.5350341796875,163.83753967285156,195.74000549316406,95.00199890136719,119.50830841064453,192.75816345214844,87.3499984741211,364.8299865722656,386.6273193359375,168.58599853515625,238.00999450683594
2025-03-18,51.060001373291016,211.96517944335938,581.0458374023438,160.22752380371094,192.82000732421875,92.99800109863281,115.40904998779297,186.98037719726562,83.88999938964844,363.1499938964844,381.4749450683594,166.0,225.30999755859375
2025-03-19,52.150001525878906,214.50648498535156,582.7420654296875,163.4386444091797,195.5399932861328,95.9489974975586,117.49866485595703,193.818603515625,86.0999984741211,375.04998779296875,385.75201416015625,168.82400512695312,235.86000061035156
2025-03-20,51.7400016784668,213.37039184570312,584.6776123046875,162.35165405273438,194.9499969482422,95.08399963378906,118.50848388671875,189.40504455566406,87.38999938964844,369.0299987792969,384.7772521972656,164.82400512695312,236.25999450683594
2025-03-21,51.90999984741211,217.5261688232422,594.904541015625,163.5383758544922,196.2100067138672,96.02899932861328,117.67863464355469,190.5183563232422,90.95999908447266,362.239990234375,389.1736755371094,165.5500030517578,248.7100067138672
2025-03-24,53.36000061035156,219.977783203125,617.4534912109375,167.21820068359375,203.25999450683594,97.1989974975586,121.38796997070312,190.1107940673828,96.75,372.6400146484375,390.98394775390625,169.9459991455078,278.3900146484375
2025-03-25,53.72999954223633,222.9875030517578,624.896728515625,170.0902862548828,205.7100067138672,99.72799682617188,120.66809844970703,187.13861083984375,96.5,384.95001220703125,393.0528869628906,172.2760009765625,288.1400146484375
2025-03-26,52.43000030517578,220.77503967285156,609.6012573242188,164.60543823242188,201.1300048828125,97.06500244140625,113.7393569946289,178.20216369628906,92.27999877929688,371.4100036621094,387.89056396484375,167.7100067138672,272.05999755859375
2025-03-27,51.91999816894531,223.08714294433594,601.22021484375,161.793212890625,201.36000061035156,97.6719970703125,111.40977478027344,170.9655303955078,90.08999633789062,366.55999755859375,388.4972839355469,165.54800415039062,273.1300048828125
2025-03-28,49.9900016784668,217.1574249267578,575.4385375976562,153.90496826171875,192.72000122070312,93.38500213623047,109.65009307861328,168.11260986328125,85.8499984741211,357.1099853515625,376.78009033203125,159.552001953125,263.54998779296875
2025-03-31,49.81999969482422,221.37301635742188,575.0594482421875,154.21412658691406,190.25999450683594,93.25299835205078,108.3603286743164,166.43267822265625,84.4000015258789,352.5799865722656,373.3883056640625,159.22799682617188,259.1600036621094
2025-04-01,50.369998931884766,222.4293975830078,584.6776123046875,156.637451171875,192.1699981689453,92.83799743652344,110.13001251220703,167.5161895751953,84.68000030517578,362.3800048828125,380.1520080566406,162.31199645996094,268.4599914550781
2025-04-02,50.86000061035156,223.12701416015625,582.6123046875,156.6074981689453,196.00999450683594,93.552001953125,110.39995574951172,171.06492614746094,87.44999694824219,371.489990234375,380.1023254394531,164.80599975585938,282.760009765625
2025-04-03,47.56999969482422,202.49755859375,530.4203491210938,150.30491638183594,178.41000366210938,91.70500183105469,101.78153228759766,153.09262084960938,83.5999984741211,347.3900146484375,371.12042236328125,154.81399536132812,267.2799987792969
2025-04-04,44.90999984741211,187.738037109375,503.591064453125,145.1990203857422,171.0,85.58599853515625,94.29288482666016,145.41860961914062,74.01000213623047,321.6300048828125,357.92120361328125,144.3300018310547,239.42999267578125
2025-04-07,45.709999084472656,180.84161376953125,515.0850219726562,146.34585571289062,175.25999450683594,86.78299713134766,97.62227630615234,153.2218475341797,77.83999633789062,324.3599853515625,355.9517822265625,147.10000610351562,233.2899932861328
2025-04-08,45.040000915527344,171.83241271972656,509.29815673828125,144.30149841308594,170.66000366210938,87.04000091552734,96.28252410888672,155.1005859375,77.31999969482422,325.0400085449219,352.66937255859375,145.52000427246094,221.86000061035156
2025-04-09,50.81999969482422,198.17234802246094,584.4481811523438,158.27293395996094,191.10000610351562,94.5469970703125,114.30924987792969,184.04713439941406,92.01000213623047,378.010009765625,388.40777587890625,165.19000244140625,272.20001220703125
2025-04-10,48.970001220703125,189.77108764648438,545.0573120117188,152.39913940429688,181.22000122070312,92.11699676513672,107.55047607421875,171.273681640625,88.58999633789062,368.6099853515625,379.3165283203125,156.697998046875,252.39999389648438
2025-04-11,49.880001068115234,197.47471618652344,542.3434448242188,156.7072296142578,184.8699951171875,91.8290023803711,110.90986633300781,180.85626220703125,88.55000305175781,377.8999938964844,386.378662109375,157.13400268554688,252.30999755859375
2025-04-14,50.040000915527344,201.82984924316406,530.2806396484375,158.63192749023438,182.1199951171875,93.12799835205078,110.68990325927734,177.29759216308594,92.62000274658203,378.6600036621094,385.7420654296875,159.96400451660156,252.35000610351562
2025-04-15,50.400001525878906,201.45114135742188,520.3432006835938,155.87953186035156,179.58999633789062,97.62799835205078,112.17963409423828,177.88406372070312,98.4000015258789,392.79998779296875,383.6731872558594,163.3000030517578,254.11000061035156
2025-04-16,48.70000076293945,193.6079559326172,501.176513671875,152.90774536132812,174.3300018310547,96.16300201416016,104.47103881835938,173.56993103027344,92.70999908447266,379.8399963378906,369.6284484863281,159.33200073242188,241.5500030517578
2025-04-17,48.09000015258789,196.3087158203125,500.348388671875,150.74371337890625,172.61000061035156,97.3030014038086,101.4715805053711,169.97149658203125,93.77999877929688,375.6199951171875,365.8188781738281,154.4320068359375,241.3699951171875
2025-04-21,47.029998779296875,192.50172424316406,483.56634521484375,147.2633056640625,167.32000732421875,98.79100036621094,96.89241790771484,165.219970703125,90.80000305175781,362.69000244140625,357.2050476074219,151.197998046875,227.5
2025-04-22,48.349998474121094,199.059326171875,499.1510925292969,151.05287170410156,173.17999267578125,104.03399658203125,98.87205505371094,168.56988525390625,93.98999786376953,368.45001220703125,364.864013671875,153.36599731445312,237.97000122070312
2025-04-23,49.93000030517578,203.90277099609375,519.0960083007812,154.92218017578125,180.60000610351562,104.95899963378906,102.69136047363281,175.85623168945312,100.81999969482422,385.75,372.3936462402344,162.5399932861328,250.74000549316406
2025-04-24,52.439998626708984,207.65989685058594,531.9469604492188,158.8413543701172,186.5399932861328,109.68699645996094,106.41067504882812,187.0292510986328,107.77999877929688,414.04998779296875,385.2347717285156,187.71400451660156,259.510009765625
2025-04-25,53.849998474121094,208.56680297851562,546.0350952148438,161.51397705078125,188.99000549316406,110.15299987792969,110.98986053466797,191.16448974609375,112.77999877929688,424.8800048828125,389.7605285644531,189.052001953125,284.95001220703125
2025-04-28,53.290000915527344,209.4238739013672,548.49951171875,160.16769409179688,187.6999969482422,111.03800201416016,108.71026611328125,191.32354736328125,114.6500015258789,423.0799865722656,389.07421875,187.48199462890625,285.8800048828125
2025-04-29,53.77000045776367,210.49021911621094,553.1889038085938,159.71893310546875,187.38999938964844,112.56400299072266,109.00021362304688,190.03128051757812,116.08000183105469,430.989990234375,391.9388732910156,188.57200622558594,292.0299987792969
2025-04-30,53.27000045776367,211.7758331298828,547.7611694335938,158.3626708984375,184.4199981689453,113.1719970703125,108.90023040771484,191.32354736328125,118.44000244140625,428.8699951171875,393.15234375,191.0019989013672,282.1600036621094
2025-05-01,55.09000015258789,212.59304809570312,570.9187622070312,160.8557891845703,190.1999969482422,113.34700012207031,111.5897445678711,196.15460205078125,116.19999694824219,431.8800048828125,423.1316223144531,191.58999633789062,280.5199890136719
2025-05-02,55.72999954223633,204.65020751953125,595.6728515625,163.57826232910156,189.97999572753906,115.64900207519531,114.4792251586914,202.427001953125,124.27999877929688,440.5799865722656,432.9589538574219,195.4720001220703,287.2099914550781
2025-05-05,55.540000915527344,198.21221923828125,597.917724609375,163.75778198242188,186.35000610351562,113.40599822998047,113.79934692382812,199.52439880371094,123.7699966430664,443.4700012207031,433.8442077636719,195.61000061035156,280.260009765625
2025-05-06,55.04999923706055,197.83349609375,585.9847412109375,162.7804718017578,185.00999450683594,113.76899719238281,113.51940155029297,198.8981475830078,108.86000061035156,443.2099914550781,430.99945068359375,193.052001953125,275.3500061035156
2025-05-07,55.040000915527344,195.58120727539062,595.4632568359375,150.96311950683594,188.7100067138672,115.54100036621094,117.03875732421875,203.5900421142578,110.4800033569336,422.5199890136719,431.03924560546875,196.6580047607422,276.2200012207031
2025-05-08,55.47999954223633,196.81698608398438,596.6605834960938,153.85511779785156,192.0800018310547,114.44300079345703,117.34870910644531,206.5323944091797,119.1500015258789,428.6300048828125,435.83355712890625,194.8979949951172,284.82000732421875
2025-05-09,54.900001525878906,197.8534393310547,591.153076171875,152.32933044433594,193.05999755859375,114.02200317382812,116.62882995605469,206.9598388671875,117.30000305175781,410.57000732421875,436.3905334472656,196.01199340820312,298.260009765625
2025-05-12,57.75,210.34713745117188,637.987060546875,158.02362060546875,208.63999938964844,111.0,122.9776840209961,220.26014709472656,118.45999908447266,429.44000244140625,446.8644104003906,203.1199951171875,318.3800048828125
2025-05-13,58.90999984741211,212.48263549804688,654.5496826171875,159.09066772460938,211.3699951171875,113.84400177001953,129.9064178466797,231.0355682373047,128.10000610351562,440.20001220703125,446.74505615234375,207.343994140625,334.07000732421875
2025-05-14,59.150001525878906,211.88389587402344,657.8720703125,164.91458129882812,210.25,115.0989990234375,135.3154296875,230.7373504638672,130.17999267578125,435.94000244140625,450.5247802734375,205.36399841308594,347.67999267578125
2025-05-15,58.72999954223633,211.00575256347656,642.4270629882812,163.5084686279297,205.1699981689453,117.7979965209961,134.80552673339844,231.25425720214844,128.1199951171875,431.8399963378906,451.54119873046875,207.03599548339844,342.82000732421875
2025-05-16,59.220001220703125,210.81614685058594,638.8950805664062,165.73231506347656,205.58999633789062,119.15299987792969,135.37542724609375,227.24826049804688,129.52000427246094,439.260009765625,452.6772155761719,208.03599548339844,349.9800109863281
2025-05-19,59.15999984741211,208.3413543701172,638.98486328125,166.0813446044922,206.16000366210938,119.16400146484375,135.54539489746094,229.25624084472656,126.33000183105469,444.3500061035156,457.26104736328125,205.14999389648438,342.0899963378906
2025-05-20,58.849998474121094,206.42539978027344,635.662353515625,163.5283966064453,204.07000732421875,119.2020034790039,134.35562133789062,230.29998779296875,125.58999633789062,442.25,456.56353759765625,204.3679962158203,343.82000732421875
2025-05-21,58.5099983215332,201.6654052734375,634.0659790039062,168.09579467773438,201.1199951171875,119.46299743652344,131.7760772705078,228.36158752441406,120.58000183105469,434.739990234375,450.983154296875,202.95199584960938,334.6199951171875
2025-05-22,58.900001525878906,200.9369354248047,635.133544921875,170.3994140625,203.10000610351562,118.7969970703125,132.80589294433594,229.15682983398438,122.29000091552734,444.07000732421875,453.26513671875,203.1540069580078,341.0400085449219
2025-05-23,58.540000915527344,194.85975646972656,625.64501953125,168.00604248046875,200.99000549316406,118.53900146484375,131.26617431640625,227.35760498046875,123.30999755859375,455.5899963378906,448.6015625,200.87399291992188,339.3399963378906
2025-05-27,60.15999984741211,199.78936767578125,640.8705444335938,172.42384338378906,206.02000427246094,121.15699768066406,135.47540283203125,234.24632263183594,123.38999938964844,472.2200012207031,459.0746765136719,205.47799682617188,362.8900146484375
2025-05-28,60.08000183105469,199.99891662597656,642.1277465820312,171.8853302001953,204.72000122070312,120.8550033569336,134.78553771972656,238.00381469726562,123.76000213623047,468.8299865722656,455.7563781738281,204.25999450683594,356.8999938964844
2025-05-29,59.959999084472656,199.5299072265625,643.5944213867188,171.38670349121094,205.6999969482422,118.48600006103516,139.1647491455078,240.5286865234375,122.31999969482422,458.80999755859375,457.0717468261719,203.04600524902344,358.42999267578125
2025-05-30,59.77000045776367,200.4280242919922,646.0288696289062,171.26702880859375,205.00999450683594,120.7229995727539,135.10548400878906,240.62811279296875,131.77999877929688,471.3699951171875,458.7458190917969,202.21800231933594,346.4599914550781
2025-06-02,60.439998626708984,201.27622985839844,669.3861083984375,168.56448364257812,206.64999389648438,121.89800262451172,137.35507202148438,247.22854614257812,132.0399932861328,479.1700134277344,460.3502197265625,202.4219970703125,342.69000244140625
2025-06-03,60.959999084472656,202.84292602539062,665.3451538085938,165.7223358154297,205.7100067138672,121.79399871826172,141.19436645507812,255.320068359375,133.1699981689453,488.760009765625,461.3467102050781,202.17599487304688,344.2699890136719
2025-06-04,61.09000015258789,202.39389038085938,686.3975830078125,167.5872039794922,207.22999572753906,123.96600341796875,141.8942413330078,259.52484130859375,130.00999450683594,460.55999755859375,462.2435302734375,202.54800415039062,332.04998779296875
2025-06-05,61.130001068115234,200.20849609375,683.0750732421875,167.7467498779297,207.91000366210938,125.052001953125,139.964599609375,258.3817138671875,119.91000366210938,462.94000244140625,466.0401611328125,203.52000427246094,284.70001220703125
2025-06-06,61.7599983215332,203.49156188964844,696.1356201171875,173.20169067382812,213.57000732421875,124.14700317382812,141.69427490234375,245.45913696289062,127.72000122070312,468.4100036621094,468.730712890625,206.04200744628906,295.1400146484375
2025-06-09,61.720001220703125,201.02676391601562,692.4938354492188,175.81764221191406,216.97999572753906,122.44599914550781,142.6041259765625,242.82493591308594,132.05999755859375,464.3900146484375,471.0924072265625,205.3719940185547,308.5799865722656
2025-06-10,61.61000061035156,202.2441864013672,700.8150024414062,178.3237762451172,217.61000061035156,120.36199951171875,143.9338836669922,243.1728515625,132.80999755859375,467.6499938964844,469.2688293457031,201.95799255371094,326.0899963378906
2025-06-11,61.86000061035156,198.36236572265625,692.5736694335938,177.07569885253906,213.1999969482422,121.98799896240234,142.81399536132812,251.40353393554688,136.38999938964844,476.9800109863281,470.9628601074219,200.86599731445312,326.42999267578125
2025-06-12,62.099998474121094,198.78147888183594,691.79541015625,175.42825317382812,213.24000549316406,121.50299835205078,144.98374938964844,254.54469299316406,135.19000244140625,481.7300109863281,477.1909484863281,201.4739990234375,319.1099853515625
2025-06-13,61.02000045776367,196.03726196289062,681.3291015625,174.39984130859375,212.10000610351562,121.21499633789062,141.95408630371094,247.21859741210938,137.39999389648438,480.6199951171875,473.2946472167969,197.73199462890625,325.30999755859375
2025-06-16,61.72999954223633,198.0031280517578,701.0746459960938,176.49659729003906,216.10000610351562,122.53500366210938,144.6737823486328,250.5983428955078,141.41000366210938,479.3900146484375,477.46002197265625,201.0260009765625,329.1300048828125
2025-06-17,61.59000015258789,195.2289581298828,696.19189453125,175.6778564453125,214.82000732421875,122.06700134277344,144.1038360595703,247.8845977783203,138.1999969482422,492.0299987792969,476.3638610839844,200.98199462890625,316.3500061035156
2025-06-18,61.689998626708984,196.16697692871094,694.734130859375,173.05194091796875,212.52000427246094,122.22899627685547,145.46368408203125,249.76333618164062,139.9600067138672,485.1600036621094,478.5561218261719,196.41600036621094,322.04998779296875
2025-06-20,60.97999954223633,200.57769775390625,681.3340454101562,166.38226318359375,209.69000244140625,123.14099884033203,143.83387756347656,249.0858154296875,137.3000030517578,476.29998779296875,475.7261047363281,194.28199768066406,322.1600036621094
2025-06-23,61.31999969482422,201.07666015625,697.4900512695312,164.93450927734375,208.47000122070312,125.35399627685547,144.15383911132812,252.85214233398438,139.9199981689453,491.80999755859375,484.2959289550781,196.0800018310547,348.67999267578125
2025-06-24,62.279998779296875,199.87918090820312,711.1396484375,166.51206970214844,212.77000427246094,127.91100311279297,147.88340759277344,262.81597900390625,143.22999572753906,485.3800048828125,488.3915100097656,199.26400756835938,340.4700012207031
2025-06-25,62.83000183105469,201.13653564453125,707.6248779296875,170.416015625,211.99000549316406,127.5250015258789,154.29270935058594,263.69281005859375,142.89999389648438,494.0899963378906,490.5439453125,201.03199768066406,327.54998779296875
2025-06-26,64.45999908447266,200.57769775390625,725.0089721679688,173.27157592773438,217.1199951171875,130.66700744628906,155.00262451171875,269.1928405761719,144.25,505.2200012207031,495.705810546875,202.28799438476562,325.7799987792969
2025-06-27,64.62000274658203,200.65753173828125,732.5377197265625,178.25387573242188,223.3000030517578,132.31199645996094,157.73231506347656,268.3758239746094,130.74000549316406,499.3299865722656,494.20111083984375,204.48399353027344,323.6300048828125
2025-06-30,65.1500015258789,204.7389373779297,736.9911499023438,175.95742797851562,219.38999938964844,133.91299438476562,157.97230529785156,274.6529846191406,136.32000732421875,509.30999755859375,495.66595458984375,205.61599731445312,317.6600036621094
2025-07-01,64.16999816894531,207.3833770751953,718.149169921875,175.56802368164062,220.4600067138672,129.36000061035156,153.2828369140625,263.7824401855469,130.67999267578125,492.07000732421875,490.3247375488281,202.3780059814453,300.7099914550781
2025-07-02,64.6500015258789,211.99366760253906,712.507568359375,178.3636932373047,219.9199981689453,128.48599243164062,157.2323760986328,268.9237976074219,132.1199951171875,496.1000061035156,489.36810302734375,201.95199584960938,315.6499938964844
2025-07-03,65.54000091552734,213.10134887695312,717.9395141601562,179.2523193359375,223.41000366210938,129.71800231933594,159.3221435546875,274.1846923828125,134.36000061035156,514.0999755859375,497.0909423828125,208.93800354003906,315.3500061035156
2025-07-07,64.9000015258789,209.50889587402344,717.2804565429688,176.5165557861328,223.47000122070312,128.96200561523438,158.22227478027344,273.18829345703125,139.1199951171875,505.4599914550781,495.974853515625,207.0019989013672,293.94000244140625
2025-07-08,64.6500015258789,209.5687713623047,719.5969848632812,174.09031677246094,219.36000061035156,127.53099822998047,159.98207092285156,270.8169250488281,139.7100067138672,507.7099914550781,494.8786926269531,204.5959930419922,297.80999755859375
2025-07-09,65.45999908447266,210.69639587402344,731.6890258789062,176.34681701660156,222.5399932861328,128.8280029296875,162.86175537109375,276.8948669433594,143.1300048828125,513.510009765625,501.74456787109375,202.74200439453125,295.8800048828125
2025-07-10,64.56999969482422,211.96372985839844,726.1572265625,177.34527587890625,222.25999450683594,125.05899810791016,164.0816192626953,274.4039001464844,142.5,487.1099853515625,499.7216796875,193.6179962158203,309.8699951171875
2025-07-11,64.47000122070312,210.7163543701172,716.4417724609375,179.91131591796875,225.02000427246094,124.51100158691406,164.90151977539062,273.3876037597656,142.10000610351562,478.45001220703125,501.55523681640625,187.75599670410156,313.510009765625
2025-07-14,64.48999786376953,208.1816864013672,719.8466186523438,181.2791748046875,225.69000244140625,126.19499969482422,164.05162048339844,274.6031799316406,149.14999389648438,476.17999267578125,501.2562561035156,192.3560028076172,316.8999938964844
2025-07-15,64.86000061035156,208.67066955566406,709.3323974609375,181.718505859375,226.35000610351562,126.0270004272461,170.6808624267578,279.9238586425781,148.5800018310547,473.2799987792969,504.04644775390625,191.38400268554688,310.7799987792969
2025-07-16,64.63999938964844,209.71847534179688,701.8634033203125,182.68701171875,223.19000244140625,125.03099822998047,171.35079956054688,279.7943420410156,150.91000366210938,470.45001220703125,503.8471374511719,193.3939971923828,321.6700134277344
2025-07-17,64.83999633789062,209.57875061035156,700.3656616210938,183.29605102539062,223.8800048828125,127.41699981689453,172.98062133789062,285.4139404296875,153.99000549316406,469.8299865722656,509.9058532714844,191.8300018310547,319.4100036621094
2025-07-18,64.98999786376953,210.73631286621094,703.2314453125,184.7737579345703,226.1300048828125,120.92400360107422,172.39068603515625,282.315185546875,153.52000427246094,475.9599914550781,508.2616271972656,192.67999267578125,329.6499938964844
2025-07-21,65.8499984741211,212.0335693359375,711.908447265625,189.80596923828125,229.3000030517578,123.3270034790039,171.36080932617188,287.1675720214844,151.7899932861328,481.5799865722656,508.2715759277344,191.98199462890625,328.489990234375
2025-07-22,64.76000213623047,213.94955444335938,703.7606201171875,191.04405212402344,227.47000122070312,119.00800323486328,167.01129150390625,277.5823669433594,149.07000732421875,471.2300109863281,503.4983825683594,192.4739990234375,332.1099853515625
2025-07-23,64.80000305175781,213.7000732421875,712.517578125,189.93577575683594,228.2899932861328,117.6780014038086,170.7608642578125,282.6639099121094,154.6300048828125,461.5199890136719,504.0962829589844,191.28599548339844,332.55999755859375
2025-07-24,65.73999786376953,213.31088256835938,713.7357788085938,191.87277221679688,232.22999572753906,118.07599639892578,173.7205352783203,287.665771484375,154.86000061035156,462.0299987792969,509.0887145996094,199.23599243164062,305.29998779296875
2025-07-25,65.73999786376953,213.43064880371094,711.618896484375,192.88121032714844,231.44000244140625,118.04900360107422,173.48056030273438,289.13043212890625,158.8000030517578,467.9200134277344,511.9088439941406,193.75799560546875,316.05999755859375
2025-07-28,66.2300033569336,213.6002960205078,716.5615844726562,192.28213500976562,232.7899932861328,117.45999908447266,176.73019409179688,293.23553466796875,157.8800048828125,472.17999267578125,510.7030334472656,197.14999389648438,325.5899963378906
2025-07-29,66.05000305175781,210.8261260986328,698.957763671875,195.44723510742188,231.00999450683594,116.8740005493164,175.49032592773438,296.3442687988281,156.24000549316406,465.510009765625,510.7727966308594,198.63999938964844,321.20001220703125
2025-07-30,66.19000244140625,208.6107940673828,694.1749267578125,196.2260284423828,230.19000244140625,118.41999816894531,179.2499237060547,301.52545166015625,158.61000061035156,463.1499938964844,511.4404296875,195.49600219726562,319.0400085449219
2025-07-31,66.4000015258789,207.1339111328125,772.2884521484375,191.60317993164062,234.11000061035156,115.94000244140625,177.85006713867188,292.6377258300781,158.35000610351562,454.57000732421875,531.62939453125,188.62399291992188,308.2699890136719
2025-08-01,64.26000213623047,201.95481872558594,748.8933715820312,188.8374786376953,214.75,115.86000061035156,173.70053100585938,287.5960388183594,154.27000427246094,446.6600036621094,522.2723388671875,182.87399291992188,302.6300048828125
2025-08-04,65.4800033569336,202.9227752685547,775.214111328125,194.7383270263672,211.64999389648438,117.0989990234375,179.97982788085938,296.6431884765625,160.66000366210938,454.8599853515625,533.7619018554688,184.60000610351562,309.260009765625
2025-08-05,64.5199966430664,202.49366760253906,762.3233032226562,194.36891174316406,213.75,114.78700256347656,178.24002075195312,291.8705139160156,173.27000427246094,441.75,525.8995361328125,181.0240020751953,308.7200012207031
2025-08-06,65.68000030517578,212.80197143554688,770.8406372070312,195.7866973876953,222.30999755859375,117.8479995727539,179.39988708496094,300.57891845703125,179.5399932861328,451.69000244140625,523.0994262695312,182.46200561523438,319.9100036621094
2025-08-07,65.37999725341797,219.56771850585938,760.6957397460938,196.21604919433594,223.1300048828125,118.03700256347656,180.749755859375,302.6613464355469,182.1999969482422,425.0,519.0138549804688,174.82400512695312,322.2699890136719
2025-08-08,66.0999984741211,228.86814880371094,768.1546630859375,201.10845947265625,222.69000244140625,121.16400146484375,182.6795196533203,303.8669738769531,186.9600067138672,424.489990234375,520.2095947265625,174.5019989013672,329.6499938964844
2025-08-11,66.0999984741211,226.95997619628906,764.729736328125,200.68911743164062,221.3000030517578,121.83100128173828,182.0395965576172,302.80084228515625,182.67999267578125,426.42999267578125,519.9405517578125,171.2740020751953,339.0299987792969
2025-08-12,66.80000305175781,229.42758178710938,788.8237915039062,203.02549743652344,221.47000122070312,122.52799987792969,183.1394805908203,311.6985168457031,186.97000122070312,435.79998779296875,527.3843383789062,170.68600463867188,340.8399963378906
2025-08-13,66.47000122070312,233.10403442382812,778.9186401367188,201.64764404296875,224.55999755859375,120.44400024414062,181.5696563720703,307.9720764160156,184.3699951171875,432.1199951171875,518.7547607421875,172.66000366210938,339.3800048828125
2025-08-14,66.95999908447266,232.5545654296875,780.9655151367188,202.62611389160156,230.97999572753906,123.05599975585938,181.99960327148438,310.1043395996094,181.02000427246094,424.8599853515625,520.6480102539062,170.1719970703125,335.5799865722656
2025-08-15,66.91000366210938,231.36570739746094,784.0609130859375,203.58462524414062,231.02999877929688,123.8949966430664,180.42977905273438,305.23199462890625,177.1699981689453,427.8999938964844,518.3461303710938,173.447998046875,330.55999755859375
2025-08-18,66.87999725341797,230.66639709472656,766.2274780273438,203.1852569580078,231.49000549316406,124.50900268554688,181.98959350585938,304.65411376953125,174.02999877929688,426.3399963378906,515.286865234375,178.41000366210938,335.1600036621094
2025-08-19,65.79000091552734,230.3367156982422,750.3611450195312,201.25823974609375,228.00999450683594,121.41500091552734,175.6203155517578,293.8433532714844,157.75,418.6000061035156,507.98260498046875,177.3560028076172,329.30999755859375
2025-08-20,64.9800033569336,225.79110717773438,746.6067504882812,199.01171875,223.80999755859375,121.38600158691406,175.38034057617188,290.11688232421875,156.00999450683594,419.1700134277344,503.9468078613281,178.0500030517578,323.8999938964844
2025-08-21,64.56999969482422,224.68218994140625,737.9995727539062,199.4410400390625,221.9499969482422,120.62100219726562,174.96038818359375,288.55255126953125,156.17999267578125,414.05999755859375,503.2980041503906,175.3939971923828,320.1099853515625
2025-08-22,65.75,227.53941345214844,753.6661987304688,205.771240234375,228.83999633789062,120.46499633789062,177.97006225585938,292.9366455078125,158.74000549316406,420.54998779296875,506.2824401855469,177.35000610351562,340.010009765625
2025-08-25,65.77999877929688,226.94000244140625,752.1784057617188,208.1675262451172,227.94000244140625,121.80699920654297,179.78985595703125,293.16583251953125,157.1699981689453,418.8299865722656,503.3179931640625,175.98800659179688,346.6000061035156
2025-08-26,65.73999786376953,229.08792114257812,752.9772338867188,206.81961059570312,228.7100067138672,122.60900115966797,181.7496337890625,296.93212890625,160.8699951171875,417.6000061035156,501.1021423339844,172.9320068359375,351.6700134277344
2025-08-27,66.19000244140625,230.26678466796875,746.2672729492188,207.15908813476562,229.1199951171875,122.3499984741211,181.57965087890625,299.1640319824219,156.72000122070312,422.6099853515625,505.7933349609375,177.5959930419922,349.6000061035156
2025-08-28,67.05999755859375,232.33477783203125,749.99169921875,211.31265258789062,231.60000610351562,123.1449966430664,180.14981079101562,307.53363037109375,158.1199951171875,442.0,508.68792724609375,185.72000122070312,345.9800109863281
2025-08-29,66.02999877929688,231.91517639160156,737.6002197265625,212.5806884765625,229.0,120.82499694824219,174.1604766845703,296.31439208984375,156.7100067138672,423.70001220703125,505.7434387207031,183.49200439453125,333.8699951171875
2025-09-02,65.3499984741211,229.49752807617188,734.0155029296875,211.0231170654297,225.33999633789062,121.41100311279297,170.7608642578125,297.16131591796875,157.08999633789062,413.5,504.1763610839844,182.28399658203125,329.3599853515625
2025-09-03,66.66000366210938,238.2390594482422,735.95263671875,230.30323791503906,225.99000549316406,122.61799621582031,170.60089111328125,301.2962951660156,154.89999389648438,413.20001220703125,504.40594482421875,183.87600708007812,334.0899963378906
2025-09-04,67.18000030517578,239.5477752685547,747.535400390625,231.94070434570312,235.67999267578125,125.74800109863281,171.64077758789062,304.9928894042969,156.13999938964844,412.4599914550781,507.02105712890625,179.71200561523438,338.5299987792969
2025-09-05,68.08999633789062,239.45787048339844,751.3297119140625,234.63653564453125,232.3300018310547,124.38200378417969,167.0012969970703,333.6787414550781,153.11000061035156,417.6300048828125,494.0752868652344,182.75999450683594,350.8399963378906
2025-09-08,68.80000305175781,237.64962768554688,751.1798706054688,233.8870086669922,235.83999633789062,124.47599792480469,168.2911376953125,344.3998107910156,156.10000610351562,428.05999755859375,497.2693176269531,187.86599731445312,346.3999938964844
2025-09-09,68.94999694824219,234.123046875,764.5599975585938,239.47335815429688,238.24000549316406,126.32499694824219,170.74085998535156,335.45233154296875,162.36000061035156,423.510009765625,497.4789123535156,186.73399353027344,346.9700012207031
2025-09-10,69.43000030517578,226.5703582763672,750.8604125976562,239.01365661621094,230.3300018310547,124.77100372314453,177.3101348876953,368.2333068847656,166.74000549316406,424.8699951171875,499.43524169921875,184.71400451660156,347.7900085449219
2025-09-11,69.30999755859375,229.80722045898438,749.7820434570312,240.21287536621094,229.9499969482422,120.3499984741211,177.16014099121094,358.3292541503906,164.36000061035156,433.3800048828125,500.0740661621094,187.656005859375,368.80999755859375
2025-09-12,69.27999877929688,233.84332275390625,754.4650268554688,240.64259338378906,228.14999389648438,118.84400177001953,177.8101043701172,358.5683898925781,171.42999267578125,436.1000061035156,508.94744873046875,185.79200744628906,395.94000244140625
2025-09-15,70.44999694824219,236.47076416015625,763.5614624023438,251.44552612304688,231.42999267578125,120.22599792480469,177.74009704589844,362.77313232421875,171.2100067138672,444.7699890136719,514.397216796875,189.48399353027344,410.0400085449219
2025-09-16,70.31999969482422,237.9193572998047,777.8401489257812,250.99581909179688,234.0500030517578,120.0510025024414,174.87026977539062,358.69793701171875,170.25999450683594,444.9800109863281,508.08905029296875,186.40199279785156,421.6199951171875
2025-09-17,69.79000091552734,238.75856018066406,774.5650634765625,249.36688232421875,231.6199951171875,122.8499984741211,170.280517578125,344.9179382324219,168.3300018310547,445.5,509.06719970703125,190.07400512695312,425.8599853515625
2025-09-18,70.75,237.64962768554688,779.0883178710938,251.86524963378906,231.22999572753906,120.77799987792969,176.23019409179688,344.1009216308594,176.97000122070312,502.6300048828125,507.5001525878906,189.54800415039062,416.8500061035156
2025-09-19,71.18000030517578,245.26223754882812,777.2210693359375,254.55349731445312,231.47999572753906,122.6969985961914,176.66015625,343.6923828125,182.38999938964844,502.54998779296875,516.96240234375,192.22999572753906,426.07000732421875
2025-09-22,71.22000122070312,255.8319854736328,764.5364379882812,252.36492919921875,227.6300048828125,122.73699951171875,183.5997772216797,338.14300537109375,179.3300018310547,493.1400146484375,513.4889526367188,189.55599975585938,434.2099914550781
2025-09-23,70.30000305175781,254.18359375,754.784423828125,251.49549865722656,220.7100067138672,121.84700012207031,178.42005920410156,338.292724609375,182.5500030517578,484.1000061035156,508.2787170410156,185.53399658203125,425.8500061035156
2025-09-24,69.76000213623047,252.06564331054688,760.0401000976562,246.97845458984375,220.2100067138672,120.3949966430664,176.96014404296875,338.6620178222656,179.55999755859375,476.3299865722656,509.19696044921875,186.6739959716797,442.7900085449219
2025-09-25,69.68000030517578,256.6212158203125,748.2996826171875,245.6293182373047,218.14999389648438,120.8239974975586,177.68011474609375,335.4581298828125,179.1199951171875,473.0899963378906,506.0827941894531,183.7220001220703,423.3900146484375
2025-09-26,69.80999755859375,255.2126007080078,743.1439208984375,246.3788299560547,219.77999877929688,121.06099700927734,178.18008422851562,333.8911437988281,177.57000732421875,481.4200134277344,510.5045166015625,187.1999969482422,440.3999938964844
2025-09-29,70.12000274658203,254.18359375,742.794189453125,243.89047241210938,222.1699981689453,120.64099884033203,181.8398895263672,327.2738037109375,178.86000061035156,488.45001220703125,513.6386108398438,188.1699981689453,443.2099914550781
2025-09-30,69.9800033569336,254.38340759277344,733.7815551757812,242.94110107421875,219.57000732421875,119.89199829101562,186.56961059570312,329.27996826171875,182.4199981689453,490.3800048828125,516.982421875,184.05599975585938,444.7200012207031
2025-10-01,69.70999908447266,255.20260620117188,716.7554321289062,244.7399139404297,220.6300048828125,117.08999633789062,187.22958374023438,332.7533264160156,184.9499969482422,499.9599914550781,518.7391357421875,182.48599243164062,459.4599914550781
2025-10-02,69.8499984741211,256.8809814453125,726.45751953125,245.52940368652344,222.41000366210938,116.25299835205078,188.87948608398438,337.5341491699219,187.0500030517578,496.79998779296875,514.7765502929688,182.02000427246094,436.0
2025-10-03,69.45999908447266,257.7701110839844,709.98095703125,245.1896209716797,219.50999450683594,115.33200073242188,187.6095428466797,337.7237854003906,173.07000732421875,489.8800048828125,516.3834838867188,182.4720001220703,429.8299865722656
2025-10-06,69.68000030517578,256.44140625,715.0767822265625,250.26629638671875,220.89999389648438,116.33100128173828,185.5296630859375,334.84930419921875,179.52999877929688,495.95001220703125,527.5825805664062,182.5679931640625,453.25
2025-10-07,69.5199966430664,256.23162841796875,712.4989013671875,245.59934997558594,221.77999877929688,119.10600280761719,185.02969360351562,335.7675476074219,182.1699981689453,484.6199951171875,523.0010986328125,180.84800720214844,433.0899963378906
2025-10-08,70.58000183105469,257.8100891113281,717.2550659179688,244.46009826660156,225.22000122070312,121.42500305175781,189.09947204589844,344.8401794433594,183.55999755859375,509.95001220703125,523.8695068359375,182.86399841308594,438.69000244140625
2025-10-09,71.01000213623047,253.79396057128906,732.9122314453125,241.3721160888672,227.74000549316406,123.10700225830078,192.5592803955078,344.361083984375,185.47000122070312,509.1300048828125,521.4241333007812,183.58999633789062,435.5400085449219
2025-10-10,68.4000015258789,245.032470703125,704.7252197265625,236.4153594970703,216.3699951171875,122.00800323486328,183.14981079101562,324.0100402832031,175.44000244140625,493.6600036621094,510.0054626464844,177.74200439453125,413.489990234375
2025-10-13,70.69000244140625,247.42015075683594,715.1167602539062,243.9904022216797,220.07000732421875,121.90299987792969,188.3095245361328,356.018798828125,177.2100067138672,508.6099853515625,513.0896606445312,184.74000549316406,435.8999938964844
2025-10-14,69.1500015258789,247.53004455566406,708.072509765625,245.28955078125,216.38999938964844,121.53500366210938,180.0199737548828,343.4728088378906,179.74000549316406,488.94000244140625,512.610595703125,182.2519989013672,429.239990234375
2025-10-15,69.37000274658203,249.09852600097656,716.9652709960938,250.86590576171875,215.57000732421875,120.3290023803711,179.8199920654297,350.6590270996094,179.6199951171875,489.0199890136719,512.4708251953125,180.61000061035156,435.1499938964844
2025-10-16,69.01000213623047,247.21035766601562,711.48974609375,251.29562377929688,214.47000122070312,118.35900115966797,181.7998809814453,353.4736633300781,178.1199951171875,482.2300109863281,510.65423583984375,178.8979949951172,428.75
2025-10-17,69.38999938964844,252.045654296875,716.3357543945312,253.13442993164062,213.0399932861328,119.93599700927734,183.20980834960938,348.6628723144531,178.14999389648438,484.6499938964844,512.62060546875,180.72000122070312,439.30999755859375
2025-10-20,70.69999694824219,261.98602294921875,731.5733032226562,256.3822937011719,216.47999572753906,123.85600280761719,182.6298370361328,348.5730285644531,181.58999633789062,503.6099853515625,515.8245239257812,183.50999450683594,447.42999267578125
2025-10-21,70.91000366210938,262.5155029296875,732.6724853515625,250.29627990722656,222.02999877929688,124.13500213623047,181.14991760253906,342.005615234375,181.50999450683594,503.95001220703125,516.6929321289062,188.3000030517578,442.6000061035156
2025-10-22,69.93000030517578,258.19970703125,732.8123168945312,251.52548217773438,217.9499969482422,111.63700103759766,180.26995849609375,339.6501159667969,175.49000549316406,500.1099853515625,519.5675659179688,187.1300048828125,438.9700012207031
2025-10-23,70.3499984741211,259.3285827636719,733.40185546875,252.91456604003906,221.08999633789062,111.35900115966797,182.1498565673828,343.63250732421875,180.47999572753906,521.97998046875,519.5875244140625,187.83399963378906,448.9800109863281
2025-10-24,71.12000274658203,262.56549072265625,737.75830078125,259.7501220703125,224.2100067138672,109.46900177001953,186.24961853027344,353.4537048339844,184.6300048828125,527.3200073242188,522.6318359375,186.03399658203125,433.7200012207031
2025-10-27,72.52999877929688,268.5496520996094,750.2081298828125,269.0939636230469,226.97000122070312,109.45600128173828,191.47933959960938,361.35858154296875,189.17999267578125,529.7000122070312,530.527099609375,189.25799560546875,452.4200134277344
2025-10-28,73.36000061035156,268.7394714355469,750.82763671875,267.295166015625,229.25,110.25,201.01881408691406,372.2577209472656,189.60000610351562,546.9400024414062,541.057373046875,187.58200073242188,460.54998779296875
2025-10-29,73.87999725341797,269.4388122558594,751.0574340820312,274.3905334472656,230.3000030517578,110.04100036621094,207.02847290039062,385.2428894042969,198.80999755859375,545.5,540.538330078125,182.33999633789062,461.510009765625
2025-10-30,72.5999984741211,271.13714599609375,665.9268798828125,281.2960205078125,222.86000061035156,108.9000015258789,202.8787078857422,375.75103759765625,194.5500030517578,538.6799926757812,524.77783203125,186.93600463867188,440.1000061035156
2025-10-31,73.01000213623047,270.108154296875,647.8216552734375,281.0061950683594,244.22000122070312,111.88600158691406,202.47872924804688,368.9241027832031,200.47000122070312,543.010009765625,516.8426513671875,183.8560028076172,456.55999755859375
2025-11-03,73.08000183105469,268.7894287109375,637.1903686523438,283.5345458984375,254.0,110.00900268554688,206.8684844970703,361.85760498046875,207.17999267578125,551.9199829101562,516.0641479492188,182.76800537109375,468.3699951171875
2025-11-04,71.61000061035156,269.7784729003906,626.8087768554688,277.35858154296875,249.32000732421875,109.2959976196289,198.67893981933594,351.26788330078125,190.74000549316406,533.9199829101562,513.3692016601562,177.51400756835938,444.260009765625
2025-11-05,71.79000091552734,269.8783874511719,635.4317626953125,284.1241455078125,250.1999969482422,109.84600067138672,195.1991424560547,358.2944641113281,187.89999389648438,534.1400146484375,506.2125549316406,175.92599487304688,462.07000732421875
2025-11-06,70.81999969482422,269.50872802734375,618.4356079101562,284.5638732910156,243.0399932861328,109.7020034790039,188.0695343017578,354.9109191894531,175.0500030517578,532.52001953125,496.1713562011719,171.75399780273438,445.9100036621094
2025-11-07,70.6500015258789,268.2099914550781,621.203369140625,278.647705078125,244.41000366210938,110.36599731445312,188.1395263671875,348.7626647949219,177.92999267578125,539.8099975585938,495.8918762207031,172.37399291992188,429.5199890136719
2025-11-10,72.56999969482422,269.42999267578125,631.2451782226562,289.9103698730469,248.39999389648438,112.00700378417969,199.03892517089844,357.7055969238281,193.61000061035156,557.530029296875,505.0547180175781,173.25999450683594,445.2300109863281
2025-11-11,72.44999694824219,275.25,626.5690307617188,291.11956787109375,249.10000610351562,113.64399719238281,193.1492462158203,351.287841796875,190.9600067138672,556.72998046875,507.7297058105469,172.13400268554688,439.6199951171875
2025-11-12,72.0,273.4700012207031,608.5137329101562,286.5225830078125,244.1999969482422,115.75,193.78921508789062,354.5416259765625,184.1699981689453,545.8599853515625,510.1851501464844,172.80799865722656,430.6000061035156
2025-11-13,70.38999938964844,272.95001220703125,609.3930053710938,278.3879089355469,237.5800018310547,115.4229965209961,186.84959411621094,339.33074951171875,172.13999938964844,529.780029296875,502.34979248046875,169.93800354003906,401.989990234375
2025-11-14,70.38999938964844,272.4100036621094,608.96337890625,276.22930908203125,234.69000244140625,111.21700286865234,190.15940856933594,341.80596923828125,174.00999450683594,537.5499877929688,509.2268981933594,170.08599853515625,404.3500061035156
2025-11-17,70.05000305175781,267.4599914550781,601.5194091796875,284.83367919921875,232.8699951171875,110.29000091552734,186.58961486816406,341.9956359863281,171.25,529.780029296875,506.54193115234375,167.1580047607422,408.9200134277344
2025-11-18,68.91999816894531,267.44000244140625,597.2029418945312,284.09417724609375,222.5500030517578,114.08999633789062,181.3498992919922,339.8497314453125,167.3300018310547,513.6699829101562,492.8675537109375,163.593994140625,401.25
2025-11-19,69.55000305175781,268.55999755859375,589.8389282226562,292.61859130859375,222.69000244140625,110.0,186.50961303710938,353.7431640625,165.4199981689453,520.5900268554688,486.2099914550781,163.2899932861328,403.989990234375
2025-11-20,68.05999755859375,266.25,588.669921875,289.26080322265625,217.13999938964844,105.66999816894531,180.62994384765625,346.1576843261719,155.7449951171875,501.30999755859375,478.42999267578125,160.0919952392578,395.2300109863281
2025-11-21,68.4000015258789,271.489990234375,593.7657470703125,299.464111328125,220.69000244140625,104.30999755859375,178.8700408935547,339.5503234863281,154.85000610351562,490.6700134277344,472.1199951171875,162.68600463867188,391.0899963378906
2025-11-24,70.5,275.9200134277344,612.5504150390625,318.3717346191406,226.27999877929688,106.97000122070312,182.5398406982422,377.2381896972656,162.25,506.82000732421875,474.0,163.16799926757812,417.7799987792969
2025-11-25,71.0,276.9700012207031,635.7014770507812,323.22857666015625,229.6699981689453,104.4000015258789,177.8101043701172,384.2947082519531,163.5500030517578,512.3400268554688,476.989990234375,165.06199645996094,419.3999938964844
2025-11-26,71.25,277.54998779296875,633.0936279296875,319.7408752441406,229.16000366210938,106.13999938964844,180.2499542236328,396.8107604980469,165.77000427246094,501.5400085449219,485.5,160.54400634765625,426.5799865722656
2025-11-28,71.69000244140625,278.8500061035156,647.4219970703125,319.970703125,233.22000122070312,107.58000183105469,176.99014282226562,402.1904602050781,168.4499969482422,509.1600036621094,492.010009765625,162.48199462890625,430.1700134277344
2025-12-01,71.51000213623047,283.1000061035156,640.3477172851562,314.6841735839844,233.8800048828125,109.12999725341797,179.9099884033203,385.3426818847656,167.49000549316406,504.1300048828125,486.739990234375,164.41400146484375,430.1400146484375
2025-12-02,71.81999969482422,286.19000244140625,646.5726318359375,315.6035461425781,234.4199981689453,109.3499984741211,181.4499053955078,380.84130859375,170.69000244140625,516.5499877929688,490.0,164.87600708007812,429.239990234375
2025-12-03,71.41999816894531,284.1499938964844,639.0787353515625,319.42108154296875,232.3800048828125,103.95999908447266,179.5800018310547,379.88311767578125,176.0800018310547,524.1699829101562,477.7300109863281,166.5800018310547,446.739990234375
2025-12-04,71.2300033569336,280.70001220703125,660.990966796875,317.4123840332031,229.11000061035156,103.22000122070312,183.3800048828125,380.3023376464844,177.9199981689453,513.1199951171875,480.8399963378906,167.7740020751953,454.5299987792969
2025-12-05,71.91999816894531,278.7799987792969,672.8712158203125,321.0599670410156,229.52999877929688,100.23999786376953,182.41000366210938,389.4947509765625,181.75999450683594,512.030029296875,483.1600036621094,170.8719940185547,455.0
2025-12-08,71.79000091552734,277.8900146484375,666.256591796875,313.7200012207031,226.88999938964844,96.79000091552734,185.5500030517578,400.3340148925781,181.49000549316406,515.1900024414062,491.0199890136719,170.70399475097656,439.5799865722656
2025-12-09,71.87999725341797,277.17999267578125,656.4246826171875,317.0799865722656,227.9199981689453,96.70999908447266,184.97000122070312,405.51409912109375,181.83999633789062,517.97998046875,492.0199890136719,170.98199462890625,445.1700134277344
2025-12-10,71.73999786376953,278.7799987792969,649.6002197265625,320.2099914550781,231.77999877929688,92.70999908447266,183.77999877929688,412.18133544921875,187.91000366210938,519.5399780273438,478.55999755859375,170.71200561523438,451.45001220703125
2025-12-11,71.5999984741211,278.0299987792969,652.1781005859375,312.42999267578125,230.27999877929688,94.08999633789062,180.92999267578125,405.59393310546875,187.5399932861328,517.6500244140625,483.4700012207031,173.4980010986328,446.8900146484375
2025-12-12,69.70999908447266,278.2799987792969,643.7050170898438,309.2900085449219,226.19000244140625,95.19000244140625,175.02000427246094,359.24261474609375,183.57000732421875,504.7799987792969,478.5299987792969,173.01199340820312,458.9599914550781
2025-12-15,67.80000305175781,274.1099853515625,647.510009765625,308.2200012207031,222.5399932861328,93.7699966430664,176.2899932861328,339.1610412597656,183.25,487.4700012207031,474.82000732421875,153.0399932861328,475.30999755859375
2025-12-16,68.08999633789062,274.6099853515625,657.1500244140625,306.57000732421875,222.55999755859375,94.56999969482422,177.72000122070312,340.648193359375,187.75,488.5299987792969,476.3900146484375,156.2239990234375,489.8800048828125
2025-12-17,66.83999633789062,271.8399963378906,649.5,296.7200012207031,221.27000427246094,94.79000091552734,170.94000244140625,325.3973693847656,177.2899932861328,470.0199890136719,476.1199951171875,156.47799682617188,467.260009765625
2025-12-18,67.52999877929688,272.19000244140625,664.4500122070312,302.4599914550781,226.75999450683594,94.0,174.13999938964844,329.2500305175781,185.69000244140625,477.260009765625,483.9800109863281,153.3800048828125,483.3699951171875
2025-12-19,68.38999938964844,273.6700134277344,658.77001953125,307.1600036621094,227.35000610351562,94.38999938964844,180.99000549316406,339.7099914550781,193.3800048828125,481.2799987792969,485.9200134277344,155.30999755859375,481.20001220703125
2025-12-22,68.47000122070312,270.9700012207031,661.5,309.7799987792969,228.42999267578125,93.2300033569336,183.69000244140625,341.45001220703125,193.97999572753906,483.1400146484375,484.9200134277344,156.67999267578125,488.7300109863281
2025-12-23,69.11000061035156,272.3599853515625,664.9400024414062,314.3500061035156,232.13999938964844,93.5,189.2100067138672,349.32000732421875,194.1300048828125,478.8399963378906,486.8500061035156,154.36000061035156,485.55999755859375
2025-12-24,69.19999694824219,273.80999755859375,667.5499877929688,314.0899963378906,232.3800048828125,93.63999938964844,188.61000061035156,350.2200012207031,194.1699981689453,477.1099853515625,488.0199890136719,152.58999633789062,485.3999938964844
2025-12-26,69.19999694824219,273.3999938964844,663.2899780273438,313.510009765625,232.52000427246094,94.47000122070312,190.52999877929688,352.1300048828125,188.7100067138672,481.19000244140625,487.7099914550781,153.88999938964844,475.19000244140625
2025-12-29,68.69000244140625,273.760009765625,658.6900024414062,313.55999755859375,232.07000732421875,94.1500015258789,188.22000122070312,349.3900146484375,184.17999267578125,475.9100036621094,487.1000061035156,154.5800018310547,459.6400146484375
2025-12-30,68.63999938964844,273.0799865722656,665.9500122070312,313.8500061035156,232.52999877929688,93.77999877929688,187.5399932861328,349.8500061035156,180.83999633789062,475.6300048828125,487.4800109863281,154.22999572753906,454.42999267578125
2025-12-31,68.05000305175781,271.8599853515625,660.0900268554688,313.0,230.82000732421875,93.76000213623047,186.5,346.1000061035156,177.75,468.760009765625,483.6199951171875,153.19000244140625,449.7200012207031
2026-01-02,67.0199966430664,271.010009765625,650.4099731445312,315.1499938964844,226.5,90.98999786376953,188.85000610351562,347.6199951171875,167.86000061035156,453.5799865722656,472.94000244140625,147.4499969482422,438.07000732421875
2026-01-05,67.45999908447266,267.260009765625,658.7899780273438,316.5400085449219,233.05999755859375,91.45999908447266,188.1199951171875,343.4200134277344,174.0399932861328,456.54998779296875,472.8500061035156,147.60000610351562,451.6700134277344
2026-01-06,67.75,262.3599853515625,660.6199951171875,314.3399963378906,240.92999267578125,90.6500015258789,187.24000549316406,343.7699890136719,179.7100067138672,458.32000732421875,478.510009765625,148.80999755859375,432.9599914550781
2026-01-07,68.33999633789062,260.3299865722656,648.6900024414062,321.9800109863281,241.55999755859375,90.7300033569336,189.11000061035156,343.5,181.67999267578125,478.9100036621094,483.4700012207031,150.89999389648438,431.4100036621094
2026-01-08,68.0,259.0400085449219,646.0599975585938,325.44000244140625,246.2899932861328,90.52999877929688,185.0399932861328,332.4800109863281,176.86000061035156,463.8699951171875,478.1099853515625,146.19000244140625,435.79998779296875
2026-01-09,68.56999969482422,259.3699951171875,653.0599975585938,328.57000732421875,247.3800048828125,89.45999908447266,184.86000061035156,344.9700012207031,177.49000549316406,470.6099853515625,479.2799987792969,141.8000030517578,445.010009765625
2026-01-12,68.37999725341797,260.25,641.969970703125,331.8599853515625,246.47000122070312,89.41000366210938,184.94000244140625,352.2099914550781,179.41000366210938,466.989990234375,477.17999267578125,142.63999938964844,448.9599914550781
2026-01-13,68.19000244140625,261.04998779296875,631.0900268554688,335.9700012207031,242.60000610351562,90.31999969482422,185.80999755859375,354.6099853515625,178.9600067138672,468.0199890136719,470.6700134277344,138.19000244140625,447.20001220703125
2026-01-14,67.01000213623047,259.9599914550781,615.52001953125,335.8399963378906,236.64999389648438,88.55000305175781,183.13999938964844,339.8900146484375,178.39999389648438,460.70001220703125,459.3800048828125,134.61000061035156,439.20001220703125
