Date,QQQ,NVDA,AAPL,MSFT,AMZN,TSLA,GOOGL,META,GOOG,AVGO,COST
2020-01-02,208.58023071289062,5.9710774421691895,72.46825408935547,152.5056915283203,94.90049743652344,28.68400001525879,67.92080688476562,208.3247833251953,67.85954284667969,27.735551834106445,266.49749755859375
2020-01-03,206.66961669921875,5.8755035400390625,71.76372528076172,150.6067657470703,93.74849700927734,29.534000396728516,67.56549835205078,207.22247314453125,67.52653503417969,27.03009796142578,266.7169189453125
2020-01-06,208.00128173828125,5.900144100189209,72.33556365966797,150.99600219726562,95.14399719238281,30.1026668548584,69.36639404296875,211.12521362304688,69.1915512084961,26.989665985107422,266.7901916503906
2020-01-07,207.97232055664062,5.971575736999512,71.9953384399414,149.61927795410156,95.34300231933594,31.270666122436523,69.2323989868164,211.58204650878906,69.14837646484375,26.896753311157227,266.3694763183594
2020-01-08,209.53549194335938,5.982775688171387,73.15348052978516,152.0024871826172,94.59850311279297,32.80933380126953,69.72518157958984,213.72705078125,69.69329833984375,26.561227798461914,269.423095703125
2020-01-09,211.3109893798828,6.048481464385986,74.70734405517578,153.90142822265625,95.05249786376953,32.089332580566406,70.45714569091797,216.78564453125,70.46302032470703,26.34787368774414,273.7475891113281
2020-01-10,210.7706298828125,6.080836772918701,74.87622833251953,153.1893310546875,94.15799713134766,31.876667022705078,70.9122085571289,216.54733276367188,70.95433807373047,25.742218017578125,271.75445556640625
2020-01-13,213.20228576660156,6.271486759185791,76.47589874267578,155.0312957763672,94.56500244140625,34.990665435791016,71.46156311035156,220.37063598632812,71.42579650878906,25.91083335876465,274.1590576171875
2020-01-14,212.36276245117188,6.154507637023926,75.4432373046875,153.93943786621094,93.47200012207031,35.861331939697266,70.99311065673828,217.5404052734375,71.01139831542969,26.5130558013916,274.04931640625
2020-01-15,212.44961547851562,6.111947536468506,75.11993408203125,154.9363555908203,93.10099792480469,34.56666564941406,71.42036437988281,219.6158905029297,71.42430114746094,26.079456329345703,275.0276184082031
2020-01-16,214.48562622070312,6.195575714111328,76.06090545654297,157.7753143310547,93.89700317382812,34.232666015625,71.96426391601562,220.23159790039062,72.04464721679688,26.415836334228516,277.048095703125
2020-01-17,215.5470428466797,6.204286098480225,76.9029769897461,158.65834045410156,93.23600006103516,34.03333282470703,73.42125701904297,220.5990447998047,73.46846771240234,26.565532684326172,278.55657958984375
2020-01-21,215.4505615234375,6.170935153961182,76.3818130493164,158.08863830566406,94.5999984741211,36.47999954223633,73.55672454833984,219.90391540527344,73.66748809814453,26.50358772277832,286.4009094238281
2020-01-22,216.0198516845703,6.2249436378479,76.65444946289062,157.3290557861328,94.37300109863281,37.97066879272461,73.63711547851562,219.7847442626953,73.74440002441406,26.925142288208008,285.1484375
2020-01-23,216.71461486816406,6.2933878898620605,77.02361297607422,158.2975311279297,94.22899627685547,38.14666748046875,73.67780303955078,218.23553466796875,73.77914428710938,27.499828338623047,286.0536193847656
2020-01-24,214.89088439941406,6.234152317047119,76.80162048339844,156.70240783691406,93.08200073242188,37.654666900634766,72.75875854492188,216.4281768798828,72.78956604003906,27.874061584472656,283.88677978515625
2020-01-27,210.45223999023438,5.978296756744385,74.54326629638672,154.08181762695312,91.41699981689453,37.201332092285156,71.04966735839844,213.3794708251953,71.16128540039062,26.586177825927734,282.9176330566406
2020-01-28,213.68467712402344,6.171680927276611,76.65204620361328,157.1011962890625,92.6624984741211,37.793331146240234,71.98113250732422,216.2792205810547,72.08733367919922,27.38454246520996,284.1976318359375
2020-01-29,214.0321044921875,6.111201763153076,78.25656127929688,159.55084228515625,92.9000015258789,38.732666015625,72.28880310058594,221.6814727783203,72.38858032226562,27.315715789794922,283.0364685058594
2020-01-30,214.79440307617188,6.117921352386475,78.14314270019531,164.0513916015625,93.53399658203125,42.72066879272461,72.16722869873047,208.07652282714844,72.25010681152344,27.116992950439453,282.9359130859375
2020-01-31,211.38818359375,5.884464740753174,74.67838287353516,161.6302032470703,100.43599700927734,43.371334075927734,71.10176849365234,200.50938415527344,71.17765808105469,26.253236770629883,279.32452392578125
2020-02-03,214.58212280273438,5.981531620025635,74.47328186035156,165.57054138183594,100.20999908447266,52.0,73.5740966796875,202.77357482910156,73.74390411376953,26.259260177612305,276.1064758300781
2020-02-04,219.49363708496094,6.150775909423828,76.93191528320312,171.02056884765625,102.4834976196289,59.137332916259766,71.72853088378906,208.37442016601562,71.81486511230469,26.807273864746094,278.75775146484375
2020-02-05,220.2173309326172,6.241121292114258,77.55926513671875,170.81167602539062,101.99349975585938,48.97999954223633,71.76029205322266,208.65249633789062,71.87244415283203,27.304536819458008,282.4606018066406
2020-02-06,222.1182403564453,6.3279829025268555,78.46646881103516,174.353271484375,102.5114974975586,49.930667877197266,73.24507904052734,209.38735961914062,73.26201629638672,27.503267288208008,284.57684326171875
2020-02-07,221.1629638671875,6.261777877807617,77.39989471435547,174.60011291503906,103.96399688720703,49.871334075927734,73.4009017944336,210.85708618164062,73.4109115600586,27.11957359313965,287.3436584472656
2020-02-10,223.83584594726562,6.545013427734375,77.76750946044922,179.16709899902344,106.69550323486328,51.41866683959961,74.86732482910156,211.58204650878906,74.87245178222656,27.03095817565918,287.4904479980469
2020-02-11,223.8744354248047,6.6674675941467285,77.2983169555664,175.1223907470703,107.54000091552734,51.62533187866211,74.9367904663086,205.7527313232422,74.8779067993164,27.543703079223633,284.6411437988281
2020-02-12,226.05516052246094,6.783199787139893,79.13397979736328,175.3787078857422,108.0,51.15266799926758,75.3620834350586,209.2979736328125,75.34837341308594,27.934282302856445,288.70892333984375
2020-02-13,225.76568603515625,6.739395618438721,78.5704574584961,174.4292449951172,107.49349975585938,53.599998474121094,75.10206604003906,211.66148376464844,75.16921997070312,27.871484756469727,291.53076171875
2020-02-14,226.41220092773438,7.212531089782715,78.58981323242188,175.98638916015625,106.74349975585938,53.33533477783203,75.36705017089844,212.69424438476562,75.47095489501953,27.338088989257812,291.6315002441406
2020-02-18,226.4990234375,7.381277561187744,77.15078735351562,177.77139282226562,107.78350067138672,57.22666549682617,75.40227508544922,216.2891387939453,75.41785430908203,26.734153747558594,295.05810546875
2020-02-19,228.67013549804688,7.832513332366943,78.26813507080078,178.30453491210938,108.51100158691406,61.16133117675781,75.6717529296875,215.9813232421875,75.76624298095703,27.15914535522461,295.94677734375
2020-02-20,226.54733276367188,7.68317985534668,77.4651870727539,175.58163452148438,107.65499877929688,59.96066665649414,75.28070068359375,213.09149169921875,75.3424072265625,26.604246139526367,296.91796875
2020-02-21,222.1954345703125,7.319056510925293,75.71175384521484,170.03099060058594,104.79850006103516,60.06666564941406,73.61676788330078,208.72201538085938,73.70272064208984,26.196460723876953,294.9665222167969
2020-02-24,213.62681579589844,6.801616191864014,72.11542510986328,162.7000274658203,100.4645004272461,55.58599853515625,70.46061706542969,199.32763671875,70.55036163330078,25.08665657043457,287.3347473144531
2020-02-25,207.8179473876953,6.522115707397461,69.67272186279297,160.01522827148438,98.63700103759766,53.32733154296875,68.79619598388672,195.40504455566406,68.90570068359375,24.319255828857422,279.3180236816406
2020-02-26,208.8889923095703,6.661493301391602,70.77798461914062,162.01458740234375,98.97949981689453,51.91999816894531,69.00213623046875,195.83203125,69.14043426513672,24.594562530517578,280.0692443847656
2020-02-27,198.42910766601562,6.290676593780518,66.1513671875,150.59915161132812,94.21499633789062,45.266666412353516,65.25446319580078,188.4337158203125,65.41388702392578,23.56821060180664,268.5618896484375
2020-02-28,198.58351135253906,6.72574520111084,66.1126480102539,154.24563598632812,94.1875,44.53266525268555,66.46034240722656,191.13487243652344,66.46797943115234,23.453784942626953,257.57684326171875
2020-03-02,208.83106994628906,6.884133338928223,72.26779174804688,164.50897216796875,97.69750213623047,49.574668884277344,68.79619598388672,195.0773162841797,68.93844604492188,24.51626968383789,283.2301025390625
2020-03-03,202.13442993164062,6.621647834777832,69.97261047363281,156.62579345703125,95.44950103759766,49.70066833496094,66.38440704345703,184.6005096435547,66.5702133178711,23.594017028808594,277.3572998046875
2020-03-04,210.56797790527344,7.085354804992676,73.2182846069336,162.37640380859375,98.79149627685547,49.96666717529297,68.56197357177734,190.42977905273438,68.80992126464844,24.55756187438965,293.85791015625
2020-03-05,204.17042541503906,6.805935382843018,70.84329986572266,158.30145263671875,96.20149993896484,48.30266571044922,65.24502563476562,183.885498046875,65.46102142333984,23.57594871520996,289.29534912109375
2020-03-06,200.72567749023438,6.625381946563721,69.90250396728516,153.82672119140625,95.05449676513672,46.89866638183594,64.30115509033203,179.8338165283203,64.43720245361328,23.18107032775879,285.2457580566406
2020-03-09,186.78237915039062,6.112366676330566,64.3737564086914,143.40150451660156,90.03050231933594,40.53333282470703,60.33363342285156,168.32418823242188,60.3255500793457,21.311614990234375,276.6701965332031
2020-03-10,196.9528045654297,6.50186014175415,69.01004791259766,153.2078399658203,94.59100341796875,43.02199935913086,63.280364990234375,176.95394897460938,63.54292297363281,22.617568969726562,283.46832275390625
2020-03-11,188.37452697753906,6.138017177581787,66.61329650878906,146.26724243164062,91.04299926757812,42.28200149536133,60.09096908569336,169.05905151367188,60.3181037902832,21.161060333251953,272.5014953613281
2020-03-12,171.1021728515625,5.386922836303711,60.03492736816406,132.39549255371094,83.83049774169922,37.369998931884766,55.16072463989258,153.39845275878906,55.33051300048828,18.821876525878906,256.3949890136719
2020-03-13,185.595458984375,5.997809886932373,67.22762298583984,151.21804809570312,89.25,36.44133377075195,60.258209228515625,169.09878540039062,60.53249740600586,20.150197982788086,276.9358825683594
2020-03-16,163.36338806152344,4.891088485717773,58.578975677490234,128.92994689941406,84.4574966430664,29.67133331298828,53.24767303466797,144.9971466064453,53.812896728515625,16.13770294189453,259.4458923339844
2020-03-17,175.7531280517578,5.410829544067383,61.154701232910156,139.5455780029297,90.39199829101562,28.68000030517578,55.48377990722656,148.38348388671875,55.57319259643555,17.1640567779541,281.26025390625
2020-03-18,170.40737915039062,5.050970554351807,59.65764236450195,133.6713104248047,91.5,24.08133316040039,54.150360107421875,145.9405517578125,54.43175506591797,14.442036628723145,281.7275390625
2020-03-19,171.43026733398438,5.303743362426758,59.200531005859375,135.87057495117188,94.04650115966797,28.50933265686035,55.16667556762695,152.06777954101562,55.34937286376953,16.728740692138672,279.6386413574219
2020-03-20,164.71429443359375,5.123939514160156,55.44215393066406,130.76742553710938,92.30449676513672,28.50200080871582,53.009971618652344,148.6913299560547,53.21686935424805,16.817981719970703,266.07916259765625
2020-03-23,164.83323669433594,5.296768665313721,54.26432418823242,129.46310424804688,95.1415023803711,28.952667236328125,52.311256408691406,147.0726776123047,52.43770980834961,16.927350997924805,261.59893798828125
2020-03-24,177.5974884033203,6.205505847930908,59.70842742919922,141.230712890625,97.00499725341797,33.66666793823242,56.07679748535156,159.86331176757812,56.30073547363281,18.61509895324707,261.05841064453125
2020-03-25,176.28240966796875,6.116849899291992,59.379512786865234,139.8787841796875,94.29199981689453,35.95000076293945,54.667945861816406,155.1263885498047,54.71413803100586,19.034189224243164,257.3202819824219
2020-03-26,185.56552124023438,6.406230449676514,62.50422286987305,148.62841796875,97.77449798583984,35.21066665649414,57.7099609375,162.20692443847656,57.65507888793945,21.275774002075195,267.80157470703125
2020-03-27,179.18338012695312,6.293915271759033,59.916419982910156,142.52560424804688,95.00499725341797,34.29066848754883,55.096710205078125,155.7023468017578,55.12207794189453,20.183849334716797,260.49951171875
2020-03-30,185.7008819580078,6.6141767501831055,61.626312255859375,152.55091857910156,98.19750213623047,33.47533416748047,56.88568878173828,164.79881286621094,56.91413497924805,21.008039474487305,266.7204284667969
2020-03-31,184.1150360107422,6.5646185874938965,61.500545501708984,150.15171813964844,97.48600006103516,34.93333435058594,57.66182327270508,165.6429443359375,57.70768356323242,20.74468421936035,261.232421875
2020-04-01,176.2920684814453,6.053343772888184,58.264556884765625,144.820068359375,95.38500213623047,32.104000091552734,54.6917610168457,158.49285888671875,54.869468688964844,19.566146850585938,262.7441711425781
2020-04-02,179.86996459960938,6.362151145935059,59.23681640625,147.8191375732422,95.94149780273438,30.29800033569336,55.43267059326172,157.0926513671875,55.62480545043945,20.74118995666504,267.0502014160156
2020-04-03,177.31707763671875,6.074263572692871,58.385498046875,146.4576416015625,95.32949829101562,32.000667572021484,54.225284576416016,153.11044311523438,54.4853515625,20.496204376220703,264.4574279785156
2020-04-06,189.99436950683594,6.68415641784668,63.478904724121094,157.34942626953125,99.87950134277344,34.41600036621094,58.715858459472656,164.401611328125,58.904212951660156,22.08683204650879,279.5470275878906
2020-04-07,189.9169921875,6.450807094573975,62.743656158447266,155.65469360351562,100.58000183105469,36.36333465576172,58.684593200683594,167.6588592529297,58.88386535644531,22.159456253051758,278.1819763183594
2020-04-08,193.9492950439453,6.648045063018799,64.34957122802734,157.2161407470703,102.1500015258789,36.589332580566406,59.89742660522461,173.071044921875,60.063514709472656,22.844528198242188,280.3257751464844
2020-04-09,194.22975158691406,6.548429489135742,64.81392669677734,157.22564697265625,102.13800048828125,38.20000076293945,59.8760871887207,173.9747314453125,60.121578216552734,22.24957275390625,274.86529541015625
2020-04-13,196.32810974121094,6.7202653884887695,66.08607482910156,157.57786560058594,108.44349670410156,43.39666748046875,60.066654205322266,173.57749938964844,60.424800872802734,22.741287231445312,274.5079345703125
2020-04-14,204.86668395996094,7.071408271789551,69.4236068725586,165.37535095214844,114.16600036621094,47.32600021362305,62.7870979309082,176.93408203125,62.989070892333984,23.415863037109375,287.81109619140625
2020-04-15,202.516845703125,6.993957996368408,68.78996276855469,163.64260864257812,115.38400268554688,48.65533447265625,62.39357376098633,175.7423858642578,62.653587341308594,22.524301528930664,284.265380859375
2020-04-16,206.21080017089844,7.3391242027282715,69.33656311035156,168.55532836914062,120.40950012207031,49.680667877197266,62.400020599365234,175.02737426757812,62.703216552734375,22.598674774169922,294.6092224121094
2020-04-17,208.18341064453125,7.279852390289307,68.395751953125,170.04054260253906,118.75,50.259334564208984,63.470436096191406,177.99664306640625,63.684852600097656,23.262744903564453,291.27423095703125
2020-04-20,205.71763610839844,7.1486101150512695,66.97606658935547,166.67019653320312,119.68049621582031,49.75733184814453,62.584625244140625,177.0035858154297,62.859046936035156,22.597795486450195,285.9236755371094
2020-04-21,198.12672424316406,6.711799144744873,64.90581512451172,159.7772216796875,116.40599822998047,45.781333923339844,60.15349578857422,169.6151885986328,60.364253997802734,21.667739868164062,276.07470703125
2020-04-22,204.00601196289062,7.126196384429932,66.77533721923828,165.20401000976562,118.17449951171875,48.807334899902344,62.44866180419922,181.0155487060547,62.690311431884766,22.74566078186035,283.48663330078125
2020-04-23,203.5708770751953,7.072902679443359,66.51656341552734,163.20469665527344,119.97250366210938,47.04199981689453,63.081871032714844,183.8457794189453,63.340431213378906,22.654666900634766,279.8035888671875
2020-04-24,206.78128051757812,7.211864471435547,68.4368667602539,166.18463134765625,120.51100158691406,48.34333419799805,63.35133743286133,188.7515106201172,63.489322662353516,23.169130325317383,284.5219421386719
2020-04-27,208.4445343017578,7.398394584655762,68.4852294921875,165.70860290527344,118.80000305175781,53.25,63.066490173339844,186.1993408203125,63.319091796875,23.487606048583984,282.9002380371094
2020-04-28,204.51852416992188,7.255946159362793,67.3751220703125,161.67178344726562,115.7040023803711,51.27466583251953,61.16733169555664,181.64117431640625,61.22430419921875,23.16213035583496,279.3912353515625
2020-04-29,211.77098083496094,7.432760715484619,69.58807373046875,168.92660522460938,118.635498046875,53.367332458496094,66.6057357788086,192.84291076660156,66.5746841430664,24.14992904663086,281.3519287109375
2020-04-30,211.68394470214844,7.2788567543029785,71.0561294555664,170.62127685546875,123.69999694824219,52.12533187866211,66.8300552368164,203.2899627685547,66.93099975585938,23.76495933532715,278.2389221191406
2020-05-01,205.71763610839844,7.042271614074707,69.91216278076172,166.20370483398438,114.302001953125,46.75466537475586,65.37206268310547,200.86688232421875,65.53894805908203,22.72203826904297,277.24725341796875
2020-05-04,208.11573791503906,7.2542009353637695,70.90135955810547,170.26902770996094,115.79949951171875,50.74599838256836,65.64897155761719,203.83612060546875,65.84613037109375,22.94602394104004,279.60711669921875
2020-05-05,210.47520446777344,7.315215587615967,71.96548461914062,172.0970458984375,115.88999938964844,51.2140007019043,66.94517517089844,205.6335906982422,67.0525894165039,23.174375534057617,282.75689697265625
2020-05-06,211.77098083496094,7.416077136993408,72.70796966552734,173.79171752929688,117.56300354003906,52.172000885009766,66.76702117919922,207.02386474609375,66.863525390625,23.114009857177734,283.6476745605469
2020-05-07,214.49789428710938,7.592393398284912,73.46012878417969,174.80091857910156,118.38050079345703,52.00266647338867,67.9505844116211,209.7945098876953,68.11710357666016,23.42636489868164,280.0754699707031
2020-05-08,217.4375,7.782409191131592,75.20860290527344,175.82916259765625,118.98049926757812,54.62799835205078,68.69793701171875,210.876953125,68.9017333984375,24.063310623168945,280.9387512207031
2020-05-11,219.3811798095703,8.03443431854248,76.39203643798828,177.79043579101562,120.44999694824219,54.08599853515625,69.65321350097656,211.70120239257812,69.64068603515625,24.09568214416504,284.969970703125
2020-05-12,214.78797912597656,7.7724480628967285,75.5190200805664,173.76316833496094,117.84750366210938,53.96066665649414,68.24337005615234,208.64256286621094,68.27493286132812,23.487606048583984,279.9285888671875
2020-05-13,212.09974670410156,7.750034809112549,74.607177734375,171.1354217529297,118.39600372314453,52.73066711425781,66.91093444824219,203.67724609375,66.96426391601562,23.02388572692871,277.44921875
2020-05-14,214.50753784179688,7.999570369720459,75.06550598144531,171.87808227539062,119.44249725341797,53.55533218383789,67.3342514038086,205.37538146972656,67.30172729492188,23.32574462890625,275.2453308105469
2020-05-15,215.9000244140625,8.458049774169922,74.62174224853516,174.38198852539062,120.48899841308594,53.27799987792969,68.1381607055664,209.4171600341797,68.14838409423828,22.784160614013672,274.7585754394531
2020-05-18,219.9226531982422,8.716546058654785,76.37991333007812,176.0481414794922,121.31300354003906,54.242000579833984,68.73963165283203,211.7111358642578,68.681884765625,23.932071685791016,278.0185852050781
2020-05-19,219.37147521972656,8.771584510803223,75.93854522705078,174.82948303222656,122.46649932861328,53.867332458496094,68.20468139648438,215.3755340576172,68.16300964355469,23.793827056884766,279.7357177734375
2020-05-20,223.7519989013672,8.935453414916992,77.4154052734375,177.2545166015625,124.89700317382812,54.37066650390625,69.92963409423828,228.37474060058594,69.81239318847656,24.382665634155273,279.9928283691406
2020-05-21,221.31517028808594,8.741450309753418,76.83824920654297,175.12539672851562,122.33699798583984,55.17333221435547,69.8100357055664,229.7848663330078,69.61785888671875,24.04319190979004,277.2931823730469
2020-05-22,222.0791015625,8.991482734680176,77.33296203613281,175.2018280029297,121.84400177001953,54.45866775512695,70.13211059570312,233.2804412841797,69.99601745605469,24.205047607421875,277.7154541015625
2020-05-26,221.47955322265625,8.684171676635742,76.80914306640625,173.3496551513672,121.09300231933594,54.591331481933594,70.53555297851562,230.58921813964844,70.32355499267578,24.67489242553711,279.8918762207031
2020-05-27,222.68826293945312,8.492415428161621,77.14379119873047,173.57879638671875,120.51950073242188,54.68199920654297,70.4814682006836,227.55047607421875,70.3642578125,25.1622314453125,281.0029296875
2020-05-28,222.39820861816406,8.454312324523926,77.17774963378906,173.1873779296875,120.05500030517578,53.72066879272461,70.3802261352539,223.89602661132812,70.30916595458984,24.77288246154785,284.2628479003906
2020-05-29,225.65695190429688,8.841314315795898,77.10256958007812,174.95361328125,122.11849975585938,55.66666793823242,71.13850402832031,223.52857971191406,70.91413879394531,25.484203338623047,283.261962890625
2020-06-01,226.33387756347656,8.772329330444336,78.05077362060547,174.55258178710938,123.552001953125,59.87333297729492,71.20549011230469,230.30126953125,71.05805969238281,25.37221336364746,283.0966796875
2020-06-02,227.85206604003906,8.791258811950684,78.41212463378906,176.5384521484375,123.62049865722656,58.770668029785156,71.57470703125,231.1056365966797,71.42529296875,26.078283309936523,281.9947204589844
2020-06-03,228.8769989013672,8.735724449157715,78.8437728881836,176.96807861328125,123.91999816894531,58.86399841308594,71.4228515625,228.56341552734375,71.28435516357422,27.08183479309082,281.58148193359375
2020-06-04,227.27183532714844,8.736721992492676,78.1647720336914,174.63851928710938,123.02999877929688,57.62533187866211,70.18470001220703,224.72024536132812,70.08335876464844,27.025836944580078,285.35565185546875
2020-06-05,231.77801513671875,8.88969898223877,80.39097595214844,178.72476196289062,124.1500015258789,59.04399871826172,71.4610595703125,229.16917419433594,71.38410186767578,27.742412567138672,286.5401916503906
2020-06-08,233.5766143798828,8.775087356567383,80.86629486083984,179.83226013183594,126.2030029296875,63.327999114990234,71.85905456542969,229.79483032226562,71.79205322265625,27.780906677246094,282.0865783691406
2020-06-09,235.26882934570312,9.01527214050293,83.41986846923828,181.20701599121094,130.04299926757812,62.711334228515625,72.05953979492188,237.014404296875,72.2659912109375,27.588420867919922,280.58056640625
2020-06-10,238.09246826171875,9.334930419921875,85.56605529785156,187.9283447265625,132.37249755859375,68.336669921875,72.68580627441406,235.0878143310547,72.74689483642578,27.563922882080078,282.2151184082031
2020-06-11,226.29518127441406,8.766368865966797,81.45799255371094,177.83688354492188,127.89800262451172,64.85600280761719,69.56935119628906,222.8731689453125,69.66947174072266,25.701187133789062,276.2463073730469
2020-06-12,228.0937957763672,8.902156829833984,82.16127014160156,179.24034118652344,127.2509994506836,62.35200119018555,70.11622619628906,226.99435424804688,70.13298034667969,26.2698974609375,274.290283203125
2020-06-15,230.8690185546875,9.142587661743164,83.17736053466797,180.38600158691406,128.63400268554688,66.05999755859375,70.50428771972656,230.88717651367188,70.46400451660156,26.605871200561523,272.8945007324219
2020-06-16,234.8336944580078,9.037694931030273,85.38175964355469,184.8063507080078,130.7635040283203,65.47533416748047,71.78114318847656,234.01531982421875,71.5989990234375,27.185951232910156,276.7329406738281
2020-06-17,235.57827758789062,9.204626083374023,85.26293182373047,185.446044921875,132.0489959716797,66.11933135986328,72.0823745727539,233.8961639404297,72.015869140625,27.423931121826172,275.1259765625
2020-06-18,236.21649169921875,9.186686515808105,85.29688262939453,187.43186950683594,132.69900512695312,66.9306640625,71.16825866699219,234.30331420898438,71.26350402832031,27.885026931762695,275.08929443359375
2020-06-19,236.17784118652344,9.229787826538086,84.80943298339844,186.31484985351562,133.75050354003906,66.72666931152344,70.69783020019531,237.13352966308594,71.05309295654297,26.763296127319336,275.3923645019531
2020-06-22,239.0102081298828,9.49438762664795,87.02837371826172,191.4894561767578,135.6909942626953,66.28800201416016,71.98907470703125,237.56057739257812,72.05260467529297,27.715307235717773,275.8973693847656
2020-06-23,241.04440307617188,9.41789722442627,88.88599395751953,192.76881408691406,138.2205047607422,66.78533172607422,72.65007781982422,240.5596160888672,72.6754150390625,27.517305374145508,276.6686706542969
2020-06-24,236.07510375976562,9.204127311706543,87.31694793701172,188.88307189941406,136.72000122070312,64.0566635131836,71.09780883789062,232.39662170410156,71.06549072265625,27.134552001953125,273.6659240722656
2020-06-25,238.3224334716797,9.457761764526367,88.47615814208984,191.26986694335938,137.72900390625,65.73200225830078,71.51465606689453,234.0451202392578,71.5300064086914,27.300731658935547,275.9708557128906
2020-06-26,232.69447326660156,9.123900413513184,85.75764465332031,187.44140625,134.64349365234375,63.982666015625,67.6161117553711,214.58108520507812,67.48883056640625,27.173442840576172,272.32525634765625
2020-06-29,235.2323760986328,9.168746948242188,87.73406982421875,189.4558868408203,134.0189971923828,67.29000091552734,69.33462524414062,219.10943603515625,69.22926330566406,27.382938385009766,276.94415283203125
2020-06-30,239.84327697753906,9.465484619140625,88.46644592285156,194.29635620117188,137.9409942626953,71.98733520507812,70.37079620361328,225.49485778808594,70.15433502197266,27.898284912109375,278.43182373046875
2020-07-01,242.64273071289062,9.497627258300781,88.2990951538086,195.4324493408203,143.93499755859375,74.64199829101562,71.55931091308594,235.90213012695312,71.36672973632812,27.64370346069336,279.8459777832031
2020-07-02,244.28945922851562,9.579599380493164,88.2990951538086,196.92181396484375,144.51499938964844,80.57733154296875,72.94534301757812,231.80081176757812,72.68982696533203,27.885910034179688,280.75506591796875
2020-07-06,250.29527282714844,9.805824279785156,90.6611099243164,201.16079711914062,152.8520050048828,91.43866729736328,74.4201889038086,238.61322021484375,74.22828674316406,28.179378509521484,286.03509521484375
2020-07-07,248.57098388671875,9.838215827941895,90.37979888916016,198.8217315673828,150.00599670410156,92.65733337402344,73.93734741210938,239.18922424316406,73.7061996459961,27.678178787231445,290.3878479003906
2020-07-08,251.84512329101562,10.181296348571777,92.4847640991211,203.1944122314453,154.0554962158203,91.05867004394531,74.61622619628906,241.8903350830078,74.2431640625,28.24832534790039,290.470458984375
2020-07-09,253.96644592285156,10.47330093383789,92.88251495361328,204.616943359375,159.13150024414062,92.9520034790039,75.36357116699219,242.803955078125,74.98707580566406,28.418928146362305,298.93695068359375
2020-07-10,255.70045471191406,10.443652153015137,93.04497528076172,203.99635314941406,160.0,102.97666931152344,76.37344360351562,243.3699951171875,76.51313781738281,28.236835479736328,299.570556640625
2020-07-13,250.44052124023438,10.018102645874023,92.61572265625,197.69517517089844,155.1999969482422,99.80400085449219,75.04448699951172,237.3420867919922,75.00445556640625,27.518184661865234,296.53106689453125
2020-07-14,252.2132110595703,10.341751098632812,94.14836883544922,198.917236328125,154.1999969482422,101.12000274658203,75.47274780273438,238.0670166015625,75.46300506591797,27.851430892944336,301.1959533691406
2020-07-15,252.72657775878906,10.192508697509766,94.79586791992188,198.62127685546875,150.44349670410156,103.06732940673828,75.2752456665039,238.61322021484375,75.11861419677734,27.736520767211914,300.0021667480469
2020-07-16,251.00233459472656,10.100325584411621,93.62940979003906,194.687744140625,149.9949951171875,100.04266357421875,75.17797088623047,239.25869750976562,75.33497619628906,27.520835876464844,299.6072998046875
2020-07-17,251.29293823242188,10.16684627532959,93.44026184082031,193.6948699951172,148.09849548339844,100.05599975585938,75.27376556396484,240.35107421875,75.21337890625,27.64194107055664,298.248291015625
2020-07-20,258.42242431640625,10.475045204162598,95.40939331054688,202.02012634277344,159.8419952392578,109.53333282470703,77.60563659667969,243.71755981445312,77.7032241821289,28.032644271850586,299.82769775390625
2020-07-21,255.72943115234375,10.293415069580078,94.09261322021484,199.29910278320312,156.9145050048828,104.55733489990234,77.21259307861328,240.07302856445312,77.34092712402344,27.78601837158203,300.95721435546875
2020-07-22,256.63037109375,10.403290748596191,94.35693359375,202.163330078125,154.99549865722656,106.15533447265625,77.65576171875,238.2060546875,77.8406753540039,27.7382869720459,301.4714050292969
2020-07-23,249.92715454101562,10.095338821411133,90.06214141845703,193.37022399902344,149.32749938964844,100.87133026123047,75.26878356933594,230.98648071289062,75.21984100341797,27.37321662902832,299.46038818359375
2020-07-24,247.5538787841797,10.159869194030762,89.83904266357422,192.18643188476562,150.44549560546875,94.46666717529297,74.8449935913086,229.10960388183594,75.03076171875,27.030242919921875,299.1573486328125
2020-07-27,251.97103881835938,10.386099815368652,91.9682388305664,194.62091064453125,152.760498046875,102.63999938964844,75.89803314208984,231.8802490234375,75.94043731689453,27.639284133911133,300.82867431640625
2020-07-28,248.76473999023438,10.18079662322998,90.45742797851562,192.87380981445312,150.01649475097656,98.43267059326172,74.61870574951172,228.523681640625,74.45854187011719,27.168142318725586,300.8010559082031
2020-07-29,251.63197326660156,10.429948806762695,92.19133758544922,194.82144165039062,151.67649841308594,99.94066619873047,75.604248046875,231.6717071533203,75.53447723388672,27.300731658935547,299.4879150390625
2020-07-30,252.94937133789062,10.577945709228516,93.30687713623047,194.66871643066406,152.593994140625,99.16600036621094,76.34169006347656,232.87330627441406,76.00247955322266,27.588014602661133,298.9174499511719
2020-07-31,257.4634704589844,10.578693389892578,103.07504272460938,195.7284393310547,158.23399353027344,95.38400268554688,73.83958435058594,251.91029357910156,73.59601593017578,27.999052047729492,299.57073974609375
2020-08-03,260.94091796875,10.972850799560547,105.67230224609375,206.7364044189453,155.59449768066406,99.0,73.58204650878906,250.2122039794922,73.17367553710938,28.395063400268555,303.05853271484375
2020-08-04,261.90960693359375,11.189608573913574,106.37799835205078,203.63357543945312,156.94149780273438,99.13333129882812,73.11257934570312,248.09698486328125,72.70321655273438,29.027971267700195,312.6936340332031
2020-08-05,262.5585632324219,11.248408317565918,106.76358032226562,203.29945373535156,160.25149536132812,99.00133514404297,73.39990234375,247.3918914794922,73.13199615478516,29.129619598388672,312.8592834472656
2020-08-06,266.0361633300781,11.296995162963867,110.48848724365234,206.55503845214844,161.25,99.30533599853516,74.68321990966797,263.4397888183594,74.4466323852539,29.096033096313477,315.9328918457031
2020-08-07,262.9654541015625,11.161454200744629,107.97644805908203,202.8601837158203,158.3730010986328,96.84733581542969,74.356689453125,266.577880859375,74.16822814941406,28.810516357421875,313.72430419921875
2020-08-10,261.8417663574219,11.12707233428955,109.5458755493164,198.8217315673828,157.4080047607422,94.57133483886719,74.27976989746094,261.17559814453125,74.24812316894531,28.936920166015625,312.8868713378906
2020-08-11,256.88226318359375,10.813142776489258,106.28797149658203,194.1722412109375,154.0334930419922,91.6259994506836,73.47187042236328,254.353271484375,73.46500396728516,28.642566680908203,305.92047119140625
2020-08-12,263.3432312011719,11.401388168334961,109.82038116455078,199.71917724609375,158.11199951171875,103.65066528320312,74.79686737060547,258.0871887207031,74.77021789550781,29.49203872680664,309.9052734375
2020-08-13,263.94378662109375,11.404129028320312,111.7639389038086,199.25135803222656,158.05099487304688,108.06666564941406,75.2638168334961,259.48736572265625,75.35730743408203,29.1190128326416,308.92974853515625
2020-08-14,263.6338806152344,11.524717330932617,111.66432189941406,199.4423065185547,157.4010009765625,110.04733276367188,74.6673355102539,259.4278259277344,74.8252944946289,28.977581024169922,309.4635009765625
2020-08-17,266.6948547363281,12.295090675354004,111.37279510498047,200.75985717773438,159.12049865722656,122.3759994506836,75.24347686767578,259.3484191894531,75.33397674560547,29.198572158813477,312.85003662109375
2020-08-18,269.2618713378906,12.219100952148438,112.30083465576172,201.9150848388672,165.62449645996094,125.80599975585938,77.20565032958984,260.5202331542969,77.34986877441406,29.05006217956543,313.5770568847656
2020-08-19,267.4504699707031,12.097267150878906,112.44175720214844,200.6900634765625,163.0240020751953,125.23533630371094,76.65133666992188,260.7684326171875,76.80048370361328,29.100452423095703,313.71514892578125
2020-08-20,271.16046142578125,12.099757194519043,114.93677520751953,205.36036682128906,164.86849975585938,133.45533752441406,78.22147369384766,267.1439514160156,78.49874114990234,29.066856384277344,313.6874694824219
2020-08-21,273.03961181640625,12.640413284301758,120.85974884033203,203.867431640625,164.23599243164062,136.6653289794922,78.18772888183594,265.1578063964844,78.43274688720703,29.17204475402832,317.1291809082031
2020-08-24,274.7445068359375,12.677040100097656,122.3052749633789,204.50863647460938,165.3730010986328,134.27999877929688,78.66313934326172,269.5074462890625,78.81884765625,29.523862838745117,316.6875305175781
2020-08-25,276.9046936035156,12.706687927246094,121.30191040039062,207.16920471191406,167.32449340820312,134.8893280029297,79.69039154052734,278.8719482421875,79.81239318847656,29.713022232055664,317.2212829589844
2020-08-26,282.81353759765625,12.729607582092285,122.95149993896484,211.64808654785156,172.09249877929688,143.54466247558594,81.59003448486328,301.8018493652344,82.00395965576172,30.02505874633789,316.8163757324219
2020-08-27,281.93206787109375,12.585351943969727,121.48169708251953,216.8448028564453,170.0,149.25,80.81539154052734,291.1860046386719,81.10816955566406,29.978208541870117,318.7396240234375
2020-08-28,283.3656921386719,13.103086471557617,121.28491973876953,219.07467651367188,170.08999633789062,147.55999755859375,81.35679626464844,291.6229248046875,81.60842895507812,30.48029899597168,320.58935546875
2020-08-31,285.6420593261719,13.329066276550293,125.39794158935547,215.8399200439453,172.54800415039062,166.10667419433594,80.86550903320312,291.1661376953125,81.10072326660156,30.686254501342773,319.9360046386719
2020-09-01,290.524169921875,13.77817153930664,130.3928680419922,217.5052032470703,174.95599365234375,158.35000610351562,82.1334228515625,293.390625,82.4173583984375,31.781463623046875,323.3594055175781
2020-09-02,293.2752380371094,14.302045822143555,127.69133758544922,221.6969757080078,176.57249450683594,149.1233367919922,85.2255630493164,300.401611328125,85.77070617675781,33.148929595947266,330.2428894042969
2020-09-03,278.40618896484375,12.975168228149414,117.46826171875,207.96351623535156,168.39999389648438,135.6666717529297,80.86450958251953,289.10052490234375,81.48089599609375,31.122928619384766,320.5249938964844
2020-09-04,274.696044921875,12.58338737487793,117.5459976196289,205.0445556640625,164.7310028076172,139.44000244140625,78.4676284790039,280.76873779296875,78.95978546142578,32.0828971862793,318.9329833984375
2020-09-08,261.4931335449219,11.87608528137207,109.63572692871094,193.95257568359375,157.49200439453125,110.06999969482422,75.60871887207031,269.2789611816406,76.04913330078125,30.985916137695312,311.8377380371094
2020-09-09,269.1745910644531,12.675599098205566,114.00872802734375,202.2117156982422,163.4304962158203,122.09333038330078,76.7813720703125,271.82122802734375,77.26847839355469,31.824777603149414,318.8040466308594
2020-09-10,263.8082275390625,12.27359676361084,110.2868423461914,196.54612731933594,158.7554931640625,123.77999877929688,75.73030090332031,266.23028564453125,76.03075408935547,31.564022064208984,312.45428466796875
2020-09-11,261.97735595703125,12.126802444458008,108.83888244628906,195.26368713378906,155.81100463867188,124.23999786376953,75.21966552734375,264.76055908203125,75.46996307373047,31.79559898376465,312.08624267578125
2020-09-14,266.5398864746094,12.83236312866211,112.10406494140625,196.58436584472656,155.14849853515625,139.8733367919922,74.87576293945312,264.3037109375,75.39849853515625,32.0165901184082,315.5740661621094
2020-09-15,270.3176574707031,12.950742721557617,112.27896118164062,199.8096160888672,157.80650329589844,149.9199981689453,76.1803970336914,270.5302734375,76.49824523925781,32.43293762207031,316.48504638671875
2020-09-16,266.0071105957031,12.47571849822998,108.9652099609375,196.2398681640625,153.90499877929688,147.25332641601562,75.03752899169922,261.6919860839844,75.47888946533203,32.444427490234375,316.3194580078125
2020-09-17,261.8515319824219,12.42487621307373,107.2257308959961,194.1918182373047,150.43649291992188,141.14332580566406,73.79443359375,253.05235290527344,74.21983337402344,32.345420837402344,311.8561706542969
2020-09-18,258.50958251953125,12.151476860046387,103.82451629638672,191.78009033203125,147.74549865722656,147.38333129882812,72.01040649414062,250.7781982421875,72.45606231689453,31.798269271850586,309.1690368652344
2020-09-21,259.1295471191406,12.478462219238281,106.97306060791016,193.83770751953125,148.02349853515625,149.79666137695312,70.97076416015625,246.42860412597656,71.0252914428711,31.379905700683594,312.4912414550781
2020-09-22,263.94378662109375,12.598587036132812,108.65425109863281,198.5080108642578,156.44949340820312,141.41000366210938,72.44363403320312,252.98281860351562,72.72753143310547,32.25408172607422,316.9820861816406
2020-09-23,255.88441467285156,12.086180686950684,104.09662628173828,191.97145080566406,149.9929962158203,126.78666687011719,69.9410400390625,247.2926025390625,70.23373413085938,31.362071990966797,317.1476745605469
2020-09-24,257.0760192871094,12.309735298156738,105.16558837890625,194.45977783203125,150.989501953125,129.26333618164062,70.6094970703125,247.7990264892578,70.88286590576172,31.445026397705078,319.3287353515625
2020-09-25,263.0527038574219,12.833855628967285,109.11099243164062,198.8908233642578,154.75650024414062,135.77999877929688,71.41340637207031,253.05235290527344,71.71015930175781,31.826805114746094,315.2610168457031
2020-09-28,268.5160217285156,12.994608879089355,111.71534729003906,200.4412384033203,158.70249938964844,140.39999389648438,72.38607788085938,255.03848266601562,72.68087768554688,32.76341247558594,321.7397766113281
2020-09-29,267.30511474609375,13.184764862060547,110.86988067626953,198.35491943359375,157.24400329589844,139.69000244140625,72.75131225585938,259.9739990234375,72.91959381103516,32.49223709106445,324.0588073730469
2020-09-30,269.13592529296875,13.488571166992188,112.54134368896484,201.29298400878906,157.43649291992188,143.00332641601562,72.73046875,260.0832214355469,72.93299102783203,32.497596740722656,326.6907043457031
2020-10-01,273.4077453613281,13.572311401367188,113.49370574951172,203.3314666748047,161.06300354003906,149.3866729736328,73.83710479736328,264.78045654296875,73.94986724853516,32.879371643066406,329.8748474121094
2020-10-02,265.716552734375,13.021773338317871,109.830078125,197.33087158203125,156.25,138.3633270263672,72.23422241210938,258.1368408203125,72.3781509399414,31.829492568969727,326.6999206542969
2020-10-05,271.38323974609375,13.600225448608398,113.21187591552734,201.34085083007812,159.9600067138672,141.89332580566406,73.58551025390625,262.8141784667969,73.74788665771484,32.656375885009766,329.98516845703125
2020-10-06,266.5398864746094,13.69393253326416,109.96615600585938,197.06288146972656,154.9980010986328,137.9933319091797,72.0069351196289,256.8656921386719,72.13099670410156,32.46726608276367,329.7735595703125
2020-10-07,271.1507873535156,13.920727729797363,111.8319320678711,200.81451416015625,159.7845001220703,141.76666259765625,72.4098892211914,256.3294372558594,72.47095489501953,32.713462829589844,334.0711975097656
2020-10-08,272.5941162109375,13.795866012573242,111.72505187988281,201.5322723388672,159.52749633789062,141.97332763671875,73.61529541015625,261.93035888671875,73.743408203125,33.301292419433594,335.97601318359375
2020-10-09,276.7593078613281,13.720099449157715,113.66860961914062,206.53756713867188,164.33250427246094,144.6666717529297,74.9561538696289,262.6155700683594,75.19701385498047,33.60190200805664,339.99761962890625
2020-10-12,285.3030700683594,14.181913375854492,120.888916015625,211.8873291015625,172.14649963378906,147.43333435058594,77.64285278320312,273.8371276855469,77.87342834472656,34.11301040649414,346.4578552246094
2020-10-13,285.2934265136719,14.204096794128418,117.6820297241211,213.28463745117188,172.18150329589844,148.88333129882812,77.76590728759766,274.2244873046875,77.99899291992188,34.029170989990234,350.32281494140625
2020-10-14,282.91046142578125,14.051573753356934,117.7695083618164,211.37059020996094,168.1855010986328,153.76666259765625,77.58578491210938,269.9344482421875,77.8203353881836,33.92301940917969,348.1694641113281
2020-10-15,281.01177978515625,13.92671012878418,117.30303955078125,210.22213745117188,166.9324951171875,149.6266632080078,77.19027709960938,264.86981201171875,77.37616729736328,33.890018463134766,346.5498046875
2020-10-16,279.4716491699219,13.768699645996094,115.6607437133789,210.22213745117188,163.635498046875,146.55667114257812,77.79718780517578,264.08526611328125,78.06499481201172,33.775848388671875,351.11431884765625
2020-10-19,274.9091491699219,13.455923080444336,112.70654296875,205.01588439941406,160.36050415039062,143.61000061035156,75.92384338378906,259.5867004394531,76.15928649902344,33.51893997192383,345.6111145019531
2020-10-20,275.50006103515625,13.603214263916016,114.19337463378906,205.42738342285156,160.85049438476562,140.64666748046875,76.97241973876953,265.7039794921875,77.21736145019531,33.62776565551758,348.1419372558594
2020-10-21,275.2869873046875,13.482837677001953,113.57141876220703,205.57095336914062,159.2469940185547,140.8800048828125,78.70482635498047,276.7965087890625,79.07243347167969,33.1871223449707,347.69091796875
2020-10-22,275.2773132324219,13.319597244262695,112.48306274414062,205.6570587158203,158.82000732421875,141.92999267578125,79.73058319091797,276.19073486328125,80.16524505615234,33.304866790771484,345.78607177734375
2020-10-23,275.8197326660156,13.548135757446289,111.79307556152344,206.93948364257812,160.22000122070312,140.2100067138672,81.03671264648438,282.814453125,81.43919372558594,33.24687194824219,344.72772216796875
2020-10-26,271.6835021972656,13.100526809692383,111.80281829833984,201.0537567138672,160.3520050048828,140.0933380126953,78.62047576904297,275.18768310546875,78.93051147460938,32.383419036865234,341.1479187011719
2020-10-27,273.804931640625,13.355237007141113,113.3090591430664,204.0875244140625,164.31649780273438,141.55999755859375,79.34449768066406,281.3248596191406,79.61585998535156,32.076568603515625,342.9976501464844
2020-10-28,263.1302185058594,12.587871551513672,108.06147766113281,193.9716796875,158.13900756835938,135.33999633789062,74.97351837158203,265.8132019042969,75.26648712158203,30.971372604370117,335.85638427734375
2020-10-29,267.73138427734375,12.983642578125,112.06517028808594,195.92404174804688,160.55050659179688,136.94332885742188,77.26024627685547,278.88189697265625,77.77864837646484,31.667139053344727,336.4096374511719
2020-10-30,260.94091796875,12.495160102844238,105.78750610351562,193.77069091796875,151.8074951171875,129.34666442871094,80.19952392578125,261.2848815917969,80.44712829589844,31.187231063842773,329.7342834472656
2020-11-02,261.522216796875,12.541765213012695,105.70004272460938,193.63671875,150.2239990234375,133.50332641601562,80.60696411132812,259.5469665527344,80.69625854492188,31.33173942565918,335.9762878417969
2020-11-03,266.04583740234375,12.979154586791992,107.32291412353516,197.56053161621094,152.42050170898438,141.3000030517578,81.66595458984375,263.45965576171875,81.89627075195312,31.555641174316406,342.9560241699219
2020-11-04,277.9217834472656,13.751504898071289,111.70560455322266,207.0926055908203,162.05799865722656,140.32666015625,86.63788604736328,285.3865051269531,86.8054428100586,32.525238037109375,346.8377990722656
2020-11-05,285.1674499511719,14.116119384765625,115.67048645019531,213.6961669921875,166.10000610351562,146.02999877929688,87.46414184570312,292.6358337402344,87.51213836669922,33.973873138427734,355.1912536621094
2020-11-06,285.3805847167969,14.516876220703125,115.5390396118164,214.10768127441406,165.56849670410156,143.31666564941406,87.32669067382812,291.3746643066406,87.43174743652344,33.951560974121094,355.5877685546875
2020-11-09,279.5492248535156,13.588508605957031,113.23196411132812,209.0067138671875,157.18699645996094,140.4199981689453,87.41055297851562,276.8362121582031,87.49378204345703,33.498435974121094,336.53875732421875
2020-11-10,274.5411376953125,12.730429649353027,112.89127349853516,201.94378662109375,151.75100708007812,136.7866668701172,86.23444366455078,270.5401916503906,86.37169647216797,32.39144515991211,338.0323791503906
2020-11-11,280.6824645996094,13.376421928405762,116.31782531738281,207.24575805664062,156.8695068359375,139.0433349609375,86.70637512207031,274.5621032714844,86.98310852050781,33.532318115234375,343.84112548828125
2020-11-12,279.3651123046875,13.415050506591797,116.04524230957031,206.1834716796875,155.51400756835938,137.25332641601562,86.48751831054688,273.17181396484375,86.8406753540039,33.022090911865234,346.41363525390625
2020-11-13,281.8158264160156,13.255793571472168,116.09392547607422,207.20748901367188,156.4405059814453,136.1666717529297,87.94847869873047,275.02886962890625,88.18956756591797,33.31645584106445,349.2995300292969
2020-11-16,284.01470947265625,13.473369598388672,117.1063461303711,207.89654541015625,156.55299377441406,136.02999877929688,88.03632354736328,277.0249328613281,88.40593719482422,33.9685173034668,350.1753845214844
2020-11-17,283.11383056640625,13.380656242370605,116.22044372558594,205.24554443359375,156.7830047607422,147.20333862304688,87.42245483398438,273.0923767089844,87.84862518310547,33.94978332519531,352.1394348144531
2020-11-18,281.0216369628906,13.38713550567627,114.8965835571289,202.5396728515625,155.2729949951172,162.2133331298828,86.37934875488281,270.0834045410156,86.6888198852539,33.951560974121094,352.4252624511719
2020-11-19,283.22039794921875,13.398602485656738,115.49038696289062,203.82545471191406,155.8509979248047,166.42333984375,87.26911163330078,271.0466613769531,87.53943634033203,34.282493591308594,353.6330261230469
2020-11-20,281.2830810546875,13.047194480895996,114.22489166259766,201.87759399414062,154.97000122070312,163.20333862304688,86.1679458618164,267.82916259765625,86.46102142333984,34.193302154541016,351.4018249511719
2020-11-23,281.2927551269531,13.099283218383789,110.82752990722656,201.60888671875,154.91949462890625,173.9499969482422,85.7302474975586,266.5679016113281,86.09725952148438,34.52066421508789,351.9457702636719
2020-11-24,285.2449951171875,12.917596817016602,112.11248779296875,205.20716857910156,155.9029998779297,185.1266632080078,87.53360748291016,274.9990234375,87.78559112548828,34.987186431884766,354.2601013183594
2020-11-25,286.9981994628906,13.19373893737793,112.94966888427734,205.21681213378906,159.2534942626953,191.3333282470703,87.54503631591797,273.67828369140625,87.91213989257812,34.8623046875,357.5147705078125
2020-11-27,289.64276123046875,13.220155715942383,113.49480438232422,206.52174377441406,159.76699829101562,195.25332641601562,88.68093872070312,275.8829040527344,88.9920425415039,35.22980880737305,358.1048583984375
2020-11-30,290.23370361328125,13.359970092773438,115.88951873779297,205.40870666503906,158.40199279785156,189.1999969482422,87.06217956542969,275.0487365722656,87.38162994384766,35.82121276855469,361.2213134765625
2020-12-01,293.95330810546875,13.348505973815918,119.46206665039062,207.46209716796875,161.00399780273438,194.9199981689453,89.09483337402344,284.5622253417969,89.2357177734375,36.087921142578125,366.6996765136719
2020-12-02,294.3310546875,13.502530097961426,119.81253051757812,206.65606689453125,160.17649841308594,189.60667419433594,90.56422424316406,285.5255126953125,90.71710205078125,36.01298522949219,362.8582763671875
2020-12-03,294.74755859375,13.358431816101074,119.67623901367188,205.5718231201172,159.3365020751953,197.7933349609375,90.40889739990234,279.89483642578125,90.6585464477539,35.662437438964844,353.9168395996094
2020-12-04,295.9487609863281,13.52022933959961,119.00453186035156,205.6869659423828,158.12899780273438,199.67999267578125,90.5041732788086,277.759765625,90.7190933227539,36.72214126586914,353.3302001953125
2020-12-07,297.62469482421875,13.568594932556152,120.46471405029297,205.61978149414062,157.89999389648438,213.9199981689453,90.17019653320312,283.5989074707031,90.29676055908203,37.543678283691406,353.235595703125
2020-12-08,298.6320495605469,13.312560081481934,121.0780029296875,207.27015686035156,158.864501953125,216.6266632080078,89.8873291015625,281.4341125488281,90.25060272216797,37.768463134765625,357.2757873535156
2020-12-09,291.8706359863281,12.894490242004395,118.54700469970703,203.2305450439453,155.2100067138672,201.4933319091797,88.22639465332031,275.99212646484375,88.54241180419922,37.12710952758789,354.1439514160156
2020-12-10,293.042724609375,12.935872077941895,119.96824645996094,202.00233459472656,155.07449340820312,209.02333068847656,87.7197036743164,275.1976623535156,88.1056900024414,36.575862884521484,352.72467041015625
2020-12-11,292.39373779296875,12.976758003234863,119.16029357910156,204.63148498535156,155.8209991455078,203.3300018310547,88.07453155517578,271.6523742675781,88.42530059814453,36.199424743652344,354.9103698730469
2020-12-14,294.5151672363281,13.271429061889648,118.54700469970703,205.53341674804688,157.84849548339844,213.27667236328125,86.95597839355469,272.2879333496094,87.34786987304688,36.73283767700195,354.22906494140625
2020-12-15,297.6633605957031,13.32303237915039,124.48507690429688,205.4662628173828,158.25599670410156,211.0833282470703,87.3936767578125,273.6385498046875,87.73049926757812,37.29124450683594,351.8636474609375
2020-12-16,299.30035400390625,13.205365180969238,124.41693115234375,210.40789794921875,162.04800415039062,207.58999633789062,87.20063018798828,273.7577209472656,87.49378204345703,37.90137481689453,349.55499267578125
2020-12-17,301.2571105957031,13.30383586883545,125.2833023071289,210.54222106933594,161.8040008544922,218.63333129882812,86.37289428710938,272.5760192871094,86.7444076538086,38.0084114074707,350.3592834472656
2020-12-18,300.3465576171875,13.234782218933105,123.2974853515625,209.74581909179688,160.08250427246094,231.6666717529297,85.66374206542969,274.4826354980469,85.90618133544922,39.09334945678711,347.24627685546875
2020-12-21,299.78460693359375,13.294861793518066,124.82577514648438,213.583984375,160.3090057373047,216.6199951171875,86.07762145996094,270.8977355957031,86.32107543945312,38.582359313964844,345.3255920410156
2020-12-22,300.5998229980469,13.241013526916504,128.37890625,214.87933349609375,160.3260040283203,213.44667053222656,85.36599731445312,265.2372741699219,85.53348541259766,38.961997985839844,342.54376220703125
2020-12-23,299.0859375,12.972765922546387,127.48332214355469,212.0775146484375,159.2635040283203,215.32666015625,85.76349639892578,266.25018310546875,85.97418975830078,38.27470016479492,342.411376953125
2020-12-24,300.4057312011719,12.957310676574707,128.46653747558594,213.7374725341797,158.63450622558594,220.58999633789062,86.05776977539062,265.5450744628906,86.29527282714844,38.814453125,344.95660400390625
2020-12-28,303.43353271484375,12.863822937011719,133.06118774414062,215.8580780029297,164.197998046875,221.22999572753906,88.03285217285156,275.0784912109375,88.1434097290039,38.85224914550781,351.0877990722656
2020-12-29,303.70513916015625,12.906952857971191,131.2895050048828,215.08082580566406,166.10000610351562,221.99667358398438,87.22891998291016,274.8599853515625,87.28137969970703,38.59675216674805,352.6584167480469
2020-12-30,303.7149353027344,13.10888671875,130.17002868652344,212.71080017089844,164.29249572753906,231.5933380126953,86.16148376464844,269.98406982421875,86.32852935791016,39.11762619018555,354.2953186035156
2020-12-31,304.46209716796875,13.018389701843262,129.1674041748047,213.42080688476562,162.84649658203125,235.22332763671875,86.97484588623047,271.26513671875,86.94192504882812,39.38931655883789,356.4999084472656
2021-01-04,300.1630554199219,13.076725006103516,125.97445678710938,208.88221740722656,159.3314971923828,243.2566680908203,85.65928649902344,267.07440185546875,85.76872253417969,38.25311279296875,359.6885986328125
2021-01-05,302.6376953125,13.367156982421875,127.53196716308594,209.0836944580078,160.92550659179688,245.0366668701172,86.35005950927734,269.0903015136719,86.39801788330078,38.51219940185547,355.5158386230469
2021-01-06,298.4454650878906,12.579124450683594,123.23906707763672,203.66229248046875,156.91900634765625,251.9933319091797,85.49799346923828,261.48345947265625,86.11859893798828,38.27470016479492,350.103759765625
2021-01-07,305.6654357910156,13.3065767288208,127.44438171386719,209.45797729492188,158.10800170898438,272.0133361816406,88.05170440673828,266.875732421875,88.69725036621094,39.887691497802734,348.1168212890625
2021-01-08,309.5957336425781,13.239516258239746,128.54437255859375,210.73410034179688,159.13499450683594,293.3399963378906,89.21739196777344,265.7138977050781,89.68782043457031,40.09010696411133,350.02801513671875
2021-01-11,305.1220397949219,13.58329963684082,125.55587005615234,208.69032287597656,155.7104949951172,270.39666748046875,87.15597534179688,255.058349609375,87.67839050292969,40.10090637207031,344.4172058105469
2021-01-12,304.6368408203125,13.446934700012207,125.3806381225586,206.23388671875,156.04150390625,283.14666748046875,86.22004699707031,249.3482208251953,86.67740631103516,40.42745590209961,344.5970153808594
2021-01-13,306.6941223144531,13.493803977966309,127.41519165039062,207.5867919921875,158.29449462890625,284.8033447265625,86.7073745727539,249.8944091796875,87.06698608398438,40.5911865234375,347.198974609375
2021-01-14,305.0541076660156,13.163232803344727,125.48774719238281,204.40115356445312,156.37350463867188,281.6666564941406,85.89698791503906,243.93603515625,86.36127471923828,40.66855239868164,342.8466796875
2021-01-15,302.6376953125,12.82343864440918,123.76470947265625,204.04611206054688,155.21249389648438,275.38665771484375,85.73322296142578,249.61634826660156,86.16326904296875,40.10899353027344,342.66680908203125
2021-01-19,307.0531311035156,12.988722801208496,124.43640899658203,207.68275451660156,156.03799438476562,281.51666259765625,88.55441284179688,259.2888488769531,88.87640380859375,41.316261291503906,335.39080810546875
2021-01-20,314.19549560546875,13.32827091217041,128.52491760253906,215.2631378173828,163.16900634765625,283.48333740234375,93.29856872558594,265.6245422363281,93.64266967773438,41.55107116699219,341.85308837890625
2021-01-21,316.7088928222656,13.82861042022705,133.23643493652344,215.86767578125,165.34950256347656,281.663330078125,93.50103759765625,270.9771728515625,93.8585433959961,41.99547576904297,343.2723388671875
2021-01-22,315.7966613769531,13.67404556274414,135.37802124023438,216.80799865722656,164.6114959716797,282.21331787109375,93.91838073730469,272.5958251953125,94.34490966796875,41.83354187011719,342.7992858886719
2021-01-25,318.4071960449219,13.614962577819824,139.1257781982422,220.24317932128906,164.6999969482422,293.6000061035156,94.00373840332031,276.0815124511719,94.26300811767578,41.8128547668457,342.4018859863281
2021-01-26,318.87298583984375,13.397574424743652,139.35948181152344,222.92987060546875,166.30650329589844,294.36334228515625,94.68211364746094,280.09344482421875,95.14837646484375,41.7300910949707,345.3349914550781
2021-01-27,309.9838562011719,12.881523132324219,138.2886199951172,223.476806640625,161.62899780273438,288.0533447265625,90.26497650146484,270.252197265625,90.8580551147461,40.00553894042969,337.2073669433594
2021-01-28,311.8179931640625,13.01440143585205,133.45059204101562,229.26283264160156,161.88099670410156,278.4766540527344,91.96514129638672,263.1617431640625,92.4620132446289,40.63886642456055,337.8413391113281
2021-01-29,305.2578125,12.953322410583496,128.45677185058594,222.57489013671875,160.30999755859375,264.510009765625,90.68282318115234,256.53802490234375,91.10370635986328,40.527320861816406,333.46044921875
2021-02-01,312.88543701171875,13.19987964630127,130.57888793945312,229.9536895751953,167.1439971923828,279.9366760253906,93.94368743896484,260.1924743652344,94.35978698730469,41.988277435302734,331.6533508300781
2021-02-02,317.9898986816406,13.518731117248535,131.40634155273438,229.8193817138672,169.0,290.92999267578125,95.23641967773438,265.2272644042969,95.6580581665039,42.90048599243164,336.4410095214844
2021-02-03,316.7283020019531,13.492555618286133,130.38421630859375,233.1681365966797,165.62649536132812,284.89666748046875,102.17202758789062,264.8002624511719,102.73298645019531,41.848846435546875,336.0909118652344
2021-02-04,320.4741516113281,13.625931739807129,133.74261474609375,232.2181854248047,166.5500030517578,283.3299865722656,101.91149139404297,264.6413879394531,102.3508529663086,42.338226318359375,337.36126708984375
2021-02-05,321.56097412109375,13.552885055541992,133.32827758789062,232.4005126953125,167.6074981689453,284.07666015625,103.65828704833984,266.2402038574219,104.11908721923828,41.922603607177734,336.7166442871094
2021-02-08,323.7154235839844,14.398259162902832,133.47447204589844,232.6596221923828,166.14700317382812,287.8066711425781,103.44440460205078,264.730712890625,103.8664779663086,42.524444580078125,341.1344299316406
2021-02-09,323.64752197265625,14.223252296447754,132.5970916748047,233.9070281982422,165.25,283.1533203125,102.99132537841797,267.5808410644531,103.39997863769531,42.698062896728516,340.87860107421875
2021-02-10,322.9099426269531,14.722846984863281,131.99267578125,232.99542236328125,164.32899475097656,268.2733459472656,103.54165649414062,269.98406982421875,103.98905944824219,42.286048889160156,337.6172790527344
2021-02-11,324.68572998046875,15.20798110961914,131.7391357421875,234.59791564941406,163.10650634765625,270.5533447265625,103.6543197631836,268.514404296875,104.01437377929688,43.03632354736328,333.90087890625
2021-02-12,326.5005187988281,14.919293403625488,131.97312927246094,235.07763671875,163.885498046875,272.0400085449219,103.96595764160156,268.6235656738281,104.42230224609375,43.74970245361328,334.42236328125
2021-02-16,325.6175231933594,15.28725814819336,129.84788513183594,233.83984375,163.44749450683594,265.40667724609375,104.74358367919922,272.06951904296875,105.30519104003906,44.00250244140625,335.6074523925781
2021-02-17,324.0550537109375,14.864198684692383,127.55681610107422,234.8592987060547,165.4320068359375,266.04998779296875,105.13661193847656,271.67230224609375,105.6233139038086,43.404258728027344,339.43756103515625
2021-02-18,322.6382751464844,14.787415504455566,126.45519256591797,234.4650115966797,166.4114990234375,262.4599914550781,104.50091552734375,267.5212707519531,105.07194519042969,43.47442626953125,338.3757629394531
2021-02-19,321.23101806640625,14.884642601013184,126.61115264892578,231.75282287597656,162.4949951171875,260.4333190917969,103.65729522705078,259.74560546875,104.27491760253906,44.07716369628906,336.3373718261719
2021-02-22,312.90478515625,14.315491676330566,122.83827209472656,225.5399627685547,159.03700256347656,238.1666717529297,101.94273376464844,258.5240783691406,102.47541046142578,42.853702545166016,332.0143127441406
2021-02-23,311.9732666015625,14.102341651916504,122.70178985595703,224.34739685058594,159.72500610351562,232.94667053222656,102.2335433959961,264.01580810546875,102.7721939086914,42.45246887207031,324.3730773925781
2021-02-24,314.5448913574219,14.458340644836426,122.20457458496094,225.5784149169922,157.97650146484375,247.33999633789062,103.40916442871094,262.47650146484375,103.97864532470703,43.26031494140625,322.9984436035156
2021-02-25,303.5789794921875,13.270181655883789,117.95401000976562,220.2310791015625,152.85800170898438,227.4066619873047,100.04161071777344,252.92324829101562,100.81189727783203,41.1264533996582,316.5516662597656
2021-02-26,304.850341796875,13.67603874206543,118.21721649169922,223.4914093017578,154.64649963378906,225.1666717529297,100.3373794555664,255.83290100097656,101.0848388671875,42.26985549926758,313.8023986816406
2021-03-01,314.0208740234375,13.802932739257812,124.58334350585938,227.87698364257812,157.3070068359375,239.47666931152344,102.70697021484375,263.07232666015625,103.30071258544922,44.04297637939453,314.5323486328125
2021-03-02,308.98431396484375,13.368654251098633,121.98037719726562,224.92442321777344,154.72650146484375,228.81333923339844,102.44991302490234,257.203369140625,103.01934051513672,43.22703170776367,311.3943786621094
2021-03-03,300.01751708984375,12.768841743469238,118.99713897705078,218.8557891845703,150.25,217.73333740234375,99.81631469726562,253.6382598876953,100.58113098144531,41.657222747802734,307.0902404785156
2021-03-04,295.1072082519531,12.335558891296387,117.1155776977539,218.05751037597656,148.8784942626953,207.14666748046875,100.93386840820312,255.85281372070312,101.69178771972656,39.90568161010742,302.4637756347656
2021-03-05,299.5516662597656,12.426554679870605,118.3731918334961,222.74124145507812,150.0229949951172,199.31666564941406,104.06718444824219,262.4467468261719,104.64216613769531,40.49493408203125,300.83319091796875
2021-03-08,291.07012939453125,11.560741424560547,113.44014739990234,218.69229125976562,147.59750366210938,187.6666717529297,99.62227630615234,253.53897094726562,100.45507049560547,37.895965576171875,295.2397155761719
2021-03-09,302.55029296875,12.489450454711914,118.05148315429688,224.8378448486328,153.1425018310547,224.52667236328125,101.25296020507812,263.8966064453125,101.87095642089844,39.906585693359375,302.21728515625
2021-03-10,301.6866760253906,12.437576293945312,116.9693374633789,223.5298614501953,152.8820037841797,222.68666076660156,101.0460205078125,263.06243896484375,101.98660278320312,39.36592102050781,307.00494384765625
2021-03-11,308.635009765625,12.96153450012207,118.8996353149414,228.0596923828125,155.67950439453125,233.1999969482422,104.23939514160156,271.98016357421875,104.95135498046875,40.814300537109375,311.5744323730469
2021-03-12,306.1312561035156,12.824373245239258,117.99300384521484,226.7324676513672,154.47450256347656,231.2433319091797,101.7313461303711,266.53814697265625,102.3285140991211,40.58757400512695,313.9351806640625
2021-03-15,309.40155029296875,13.158797264099121,120.87872314453125,225.82846069335938,154.08399963378906,235.97999572753906,101.95169067382812,271.85101318359375,102.5553207397461,42.35081481933594,313.3379211425781
2021-03-16,311.0998229980469,13.258550643920898,122.41905212402344,228.61753845214844,154.59300231933594,225.6266632080078,103.41314697265625,277.3426818847656,103.84712219238281,43.01741409301758,310.2472839355469
2021-03-17,312.3808288574219,13.308428764343262,121.62937927246094,227.97315979003906,156.7864990234375,233.93666076660156,103.33026123046875,282.03985595703125,103.77567291259766,43.504127502441406,312.0864562988281
2021-03-18,302.8124084472656,12.69119930267334,117.50552368164062,221.8948974609375,151.39950561523438,217.72000122070312,100.30908966064453,276.6872863769531,101.0530776977539,41.755279541015625,306.1990966796875
2021-03-19,303.8799133300781,12.814146995544434,116.97907257080078,221.53909301757812,153.7480010986328,218.2899932861328,100.58798217773438,288.0975341796875,101.39949035644531,43.016422271728516,311.8209533691406
2021-03-22,309.5785827636719,13.153812408447266,120.29375457763672,226.9633026123047,155.5435028076172,223.3333282470703,100.7730941772461,291.50384521484375,101.17070007324219,43.09075164794922,317.1111145019531
2021-03-23,308.22796630859375,13.038594245910645,119.46509552001953,228.4925079345703,156.875,220.72000122070312,101.30110168457031,288.61395263671875,101.88385772705078,42.073509216308594,322.65716552734375
2021-03-24,303.0296325683594,12.611896514892578,117.07658386230469,226.45359802246094,154.35350036621094,210.08999633789062,100.8644027709961,280.182861328125,101.4917984008789,41.45790100097656,320.4765625
2021-03-25,302.5049133300781,12.504410743713379,117.56402587890625,223.45294189453125,152.31300354003906,213.4633331298828,100.86092376708984,276.806396484375,101.45706939697266,41.85954284667969,328.34539794921875
2021-03-26,307.04254150390625,12.80766487121582,118.16848754882812,227.43455505371094,152.60150146484375,206.23666381835938,100.47733306884766,281.0567321777344,101.01983642578125,43.70364761352539,333.73028564453125
2021-03-29,306.9551696777344,12.916396141052246,118.34395599365234,226.2420196533203,153.7864990234375,203.76333618164062,101.52242279052734,288.80267333984375,102.0322494506836,42.849586486816406,337.6456604003906
2021-03-30,305.4102478027344,12.840082168579102,116.891357421875,222.98171997070312,152.76449584960938,211.8733367919922,101.5561752319336,286.002197265625,102.01190185546875,41.357269287109375,331.5782775878906
2021-03-31,310.0838623046875,13.315413475036621,119.08489990234375,226.75172424316406,154.70399475097656,222.64332580566406,102.35264587402344,292.4869079589844,102.6615219116211,42.03724670410156,334.1664123535156
2021-04-01,315.36968994140625,13.777771949768066,119.91353607177734,233.08006286621094,158.0500030517578,220.5833282470703,105.69043731689453,296.5882568359375,106.09178924560547,43.15150451660156,336.4985046386719
2021-04-05,321.6659240722656,13.953089714050293,122.74077606201172,239.54299926757812,161.3365020751953,230.35000610351562,110.11599731445312,306.7671203613281,110.44910430908203,44.28752899169922,342.07305908203125
2021-04-06,321.4425048828125,13.827399253845215,123.04300689697266,238.37925720214844,161.1909942626953,230.5399932861328,109.63462829589844,304.13555908203125,110.40940856933594,43.869564056396484,341.4093933105469
2021-04-07,322.21978759765625,14.108704566955566,124.69060516357422,240.3412322998047,163.96949768066406,223.6566619873047,111.11197662353516,310.9181823730469,111.64663696289062,43.741722106933594,340.16748046875
2021-04-08,325.58172607421875,14.281777381896973,127.08885955810547,243.56312561035156,164.96499633789062,227.93333435058594,111.67768859863281,310.84857177734375,112.42876434326172,44.015525817871094,342.4522399902344
2021-04-09,327.5542297363281,14.364574432373047,129.6626434326172,246.0636749267578,168.61000061035156,225.67333984375,112.68211364746094,310.2924499511719,113.44316101074219,43.98017120361328,344.3389587402344
2021-04-12,327.1266784667969,15.171584129333496,127.94679260253906,246.12139892578125,168.96949768066406,233.9933319091797,111.38937377929688,309.37890625,111.9002456665039,43.851417541503906,345.85577392578125
2021-04-13,330.9452819824219,15.640925407409668,131.0567169189453,248.60267639160156,170.0,254.10667419433594,111.87619018554688,307.6112365722656,112.51958465576172,43.96839141845703,346.23492431640625
2021-04-14,326.9711608886719,15.239418983459473,128.71697998046875,245.8135986328125,166.64999389648438,244.07666015625,111.2548828125,300.7193908691406,111.90269470214844,43.273895263671875,344.3009948730469
2021-04-15,331.9266052246094,16.097553253173828,131.12496948242188,249.57406616210938,168.95449829101562,246.28334045410156,113.40563201904297,305.6846923828125,113.97814178466797,43.51869201660156,349.638427734375
2021-04-16,332.3152770996094,15.873353958129883,130.7935333251953,250.76663208007812,169.9720001220703,246.5933380126953,113.28157806396484,304.0560607910156,114.0327377319336,43.40899658203125,351.4586486816406
2021-04-19,329.2740173339844,15.323959350585938,131.45643615722656,248.84307861328125,168.60049438476562,238.2100067138672,113.62944793701172,300.14337158203125,114.26302337646484,41.886749267578125,350.3494873046875
2021-04-20,326.87408447265625,15.133928298950195,129.7698516845703,248.3815460205078,166.7344970703125,239.663330078125,113.09597778320312,300.5505676269531,113.8277816772461,41.456993103027344,352.4162292480469
2021-04-21,329.6723937988281,15.322712898254395,130.15005493164062,250.61273193359375,168.1009979248047,248.0399932861328,113.06322479248047,299.37872314453125,113.81089782714844,41.686370849609375,354.65362548828125
2021-04-22,325.6983642578125,14.813716888427734,128.6292266845703,247.3331756591797,165.45199584960938,239.89666748046875,111.78141021728516,294.46307373046875,112.55184936523438,41.26205062866211,351.970703125
2021-04-23,329.79876708984375,15.227696418762207,130.94949340820312,251.16090393066406,167.04400634765625,243.13333129882812,114.13414764404297,299.0411376953125,114.90321350097656,42.26118850708008,353.8856506347656
2021-04-26,331.9460754394531,15.439922332763672,131.3394775390625,251.545654296875,170.4499969482422,246.06666564941406,114.63037872314453,300.9378662109375,115.470947265625,42.779781341552734,349.373046875
2021-04-27,330.50799560546875,15.34390926361084,131.01776123046875,251.94960021972656,170.8715057373047,234.913330078125,113.68999481201172,301.4642028808594,114.49726867675781,42.2811279296875,350.9751281738281
2021-04-28,329.39056396484375,15.239168167114258,130.2280731201172,244.82298278808594,172.9250030517578,231.46665954589844,117.06747436523438,304.9697265625,118.10966491699219,41.632877349853516,350.3873596191406
2021-04-29,330.5760803222656,15.287047386169434,130.1305694580078,242.85137939453125,173.5655059814453,225.6666717529297,118.74082946777344,327.2242126464844,120.59005737304688,42.27568435668945,354.8907470703125
2021-04-30,328.4092712402344,14.972574234008789,128.16127014160156,242.5340576171875,173.37100219726562,236.47999572753906,116.79254913330078,322.824951171875,119.60890197753906,41.360897064208984,353.5131530761719
2021-05-03,326.66033935546875,14.800248146057129,129.2141876220703,242.2262725830078,169.32449340820312,228.3000030517578,116.27545166015625,320.3422546386719,118.86698150634766,40.81147003173828,360.3822021484375
2021-05-04,320.78179931640625,14.315943717956543,124.64186096191406,238.31195068359375,165.593505859375,224.53334045410156,114.4765396118164,316.15155029296875,116.83621215820312,40.30374526977539,356.5533447265625
2021-05-05,319.7032775878906,14.422929763793945,124.88558197021484,237.04246520996094,163.52699279785156,223.64666748046875,114.87057495117188,312.834716796875,116.95977020263672,40.239376068115234,353.9026794433594
2021-05-06,322.11297607421875,14.48727035522461,126.48445129394531,240.17771911621094,165.31849670410156,221.17999267578125,115.99110412597656,317.800048828125,118.18112182617188,40.67003631591797,363.6504211425781
2021-05-07,324.7267150878906,14.775810241699219,127.15825653076172,242.8033447265625,164.58050537109375,224.1233367919922,116.7146224975586,316.86663818359375,119.04167175292969,41.03268051147461,365.1325378417969
2021-05-10,316.52593994140625,14.230655670166016,123.87700653076172,237.72531127929688,159.52450561523438,209.67999267578125,113.72819519042969,303.8475341796875,116.21139526367188,39.538551330566406,362.4342956542969
2021-05-11,316.08868408203125,14.2710542678833,122.95903778076172,236.8116455078125,161.19549560546875,205.73333740234375,112.6518325805664,304.40362548828125,114.57864379882812,39.898475646972656,359.2991027832031
2021-05-12,307.9073791503906,13.724653244018555,119.89263153076172,229.8582000732422,157.5970001220703,196.6300048828125,109.18750762939453,300.4512634277344,111.12057495117188,38.294639587402344,353.6176452636719
2021-05-13,310.2878723144531,13.631630897521973,122.04107666015625,233.7340545654297,158.07350158691406,190.56333923339844,110.6162109375,303.1424560546875,112.25655364990234,39.03989791870117,360.58172607421875
2021-05-14,317.1381530761719,14.20796012878418,124.46293640136719,238.658203125,161.14500427246094,196.5800018310547,113.06471252441406,313.74835205078125,114.94588470458984,40.03900909423828,365.2275695800781
2021-05-17,315.2142333984375,14.130650520324707,123.31060791015625,235.8018035888672,163.51950073242188,192.27667236328125,113.58776092529297,313.2716979980469,115.20643615722656,39.88669204711914,364.79058837890625
2021-05-18,313.0863037109375,13.981267929077148,121.92387390136719,233.7821502685547,161.61399841308594,192.6233367919922,112.27518463134766,307.8098449707031,114.31412506103516,39.324581146240234,363.69793701171875
2021-05-19,313.4457092285156,14.031147956848145,121.76762390136719,234.36050415039062,161.58999633789062,187.82000732421875,112.7232894897461,311.4146728515625,114.57616424560547,40.0480842590332,360.7052307128906
2021-05-20,319.50885009765625,14.576552391052246,124.32621765136719,237.5994415283203,162.38400268554688,195.5933380126953,114.4825210571289,316.3998107910156,116.9275131225586,41.25209426879883,364.42950439453125
2021-05-21,317.7405700683594,14.954869270324707,122.49030303955078,236.33668518066406,160.1540069580078,193.6266632080078,113.8462905883789,314.036376953125,116.38211822509766,40.91119384765625,361.7123107910156
2021-05-24,323.0845947265625,15.573593139648438,124.12113952636719,241.74452209472656,162.24949645996094,202.14666748046875,117.16671752929688,322.3780517578125,119.43769836425781,41.63197708129883,364.3059387207031
2021-05-25,323.5315856933594,15.60925579071045,123.92583465576172,242.65069580078125,162.95249938964844,201.56333923339844,117.25753784179688,325.51617431640625,119.55680847167969,41.66371154785156,366.1396484375
2021-05-26,324.6587219238281,15.661375999450684,123.87700653076172,242.42893981933594,163.25799560546875,206.3766632080078,118.12300109863281,325.38702392578125,120.77069091796875,41.74983215332031,366.3676452636719
2021-05-27,323.4440612792969,15.449895858764648,122.34380340576172,240.32749938964844,161.5054931640625,210.28334045410156,117.24811553955078,330.4417724609375,119.23125457763672,42.401702880859375,368.1538391113281
2021-05-28,324.46429443359375,16.204538345336914,121.68949890136719,240.6841278076172,161.15350341796875,208.4066619873047,116.95878601074219,326.44964599609375,119.68038177490234,42.82330322265625,359.3846130371094
2021-06-01,323.3858337402344,16.2244873046875,121.36721801757812,238.48629760742188,160.9324951171875,207.96665954589844,118.16616821289062,326.8468933105469,120.5860824584961,42.45882797241211,359.3465576171875
2021-06-02,324.0174255371094,16.736970901489258,122.12896728515625,238.38992309570312,161.69949340820312,201.7066650390625,117.6406478881836,326.8667297363281,120.16277313232422,42.950233459472656,361.58880615234375
2021-06-03,320.6457214355469,16.928003311157227,120.64458465576172,236.85720825195312,159.35049438476562,190.94667053222656,116.49877166748047,323.7783203125,119.3354721069336,42.14060592651367,364.705078125
2021-06-04,326.0870056152344,17.53500747680664,122.93949890136719,241.75418090820312,160.31100463867188,199.68333435058594,118.78101348876953,328.05841064453125,121.6754150390625,43.06536865234375,368.1728515625
2021-06-07,327.05865478515625,17.575654983520508,122.94927215576172,244.66534423828125,159.90049743652344,201.7100067138672,119.2142562866211,334.2451477050781,122.38658142089844,42.048126220703125,361.4082946777344
2021-06-08,327.214111328125,17.41405487060547,123.76958465576172,243.4700164794922,163.20550537109375,201.19667053222656,119.02269744873047,331.3653259277344,123.21833801269531,42.025447845458984,360.7431640625
2021-06-09,327.2919006347656,17.31951141357422,124.15043640136719,244.45327758789062,164.0574951171875,199.5933380126953,119.494140625,327.9591064453125,123.64265441894531,42.06172180175781,360.9902648925781
2021-06-10,330.70233154296875,17.386117935180664,123.15434265136719,247.97177124023438,167.4824981689453,203.3733367919922,120.84343719482422,330.15374755859375,125.14141082763672,42.491477966308594,363.8879699707031
2021-06-11,331.5671691894531,17.785470962524414,124.36528015136719,248.598388671875,167.3415069580078,203.29666137695312,120.59879302978516,328.9621276855469,124.7607650756836,42.67551040649414,362.766845703125
2021-06-14,334.7445068359375,17.978538513183594,127.42193603515625,250.5262908935547,169.19349670410156,205.89666748046875,121.52728271484375,334.4338684082031,125.41139221191406,43.140628814697266,364.60052490234375
2021-06-15,332.5582275390625,17.74880599975586,126.60160064697266,249.05142211914062,169.156494140625,199.7866668701172,120.50896453857422,334.4140319824219,125.09475708007812,42.679141998291016,364.74298095703125
2021-06-16,331.3435974121094,17.7705078125,127.09961700439453,248.1067352294922,170.7624969482422,201.6233367919922,119.8668212890625,328.7833557128906,124.7607650756836,42.22672653198242,360.4676513671875
2021-06-17,335.5509338378906,18.615619659423828,128.70120239257812,251.49990844726562,174.46200561523438,205.53334045410156,120.8305435180664,334.1757507324219,125.43025207519531,42.7181282043457,365.54107666015625
2021-06-18,332.9176330566406,18.597156524658203,127.40239715576172,250.08285522460938,174.34500122070312,207.77000427246094,119.21027374267578,327.37322998046875,124.63272857666016,42.022735595703125,361.86431884765625
2021-06-21,334.98681640625,18.386127471923828,129.19927978515625,253.16751098632812,172.697998046875,206.94332885742188,120.8990249633789,329.9849853515625,125.51362609863281,42.45310592651367,367.48876953125
2021-06-22,338.1094665527344,18.8446044921875,130.8398895263672,255.9438018798828,175.27200317382812,207.90333557128906,121.41313934326172,336.67816162109375,126.05406951904297,42.43848419189453,372.60015869140625
2021-06-23,338.2748107910156,19.014726638793945,130.5664825439453,255.71250915527344,175.1909942626953,218.85667419433594,121.21116638183594,338.22735595703125,125.52008056640625,42.64042663574219,372.40057373046875
2021-06-24,340.3663330078125,19.162641525268555,130.28326416015625,257.08123779296875,172.45399475097656,226.60667419433594,121.58135986328125,340.7994079589844,126.33446502685547,42.95109939575195,372.49560546875
2021-06-25,339.947998046875,18.9885311126709,129.9903106689453,255.47145080566406,170.072998046875,223.9566650390625,121.58979034423828,339.001953125,126.04960632324219,42.23289489746094,374.8138122558594
2021-06-28,344.08233642578125,19.940404891967773,131.62112426757812,259.0381164550781,172.1945037841797,229.57333374023438,121.6170883178711,353.1729736328125,125.87541961669922,43.20145797729492,376.7425231933594
2021-06-29,345.3275146484375,19.9820613861084,133.1348114013672,261.6216125488281,172.40699768066406,226.9199981689453,121.35557556152344,349.448974609375,125.08038330078125,43.59892654418945,378.8801574707031
2021-06-30,344.7827453613281,19.957860946655273,133.7500457763672,261.1396179199219,172.00799560546875,226.56666564941406,121.1739501953125,345.2979736328125,124.38311004638672,43.57059860229492,375.9158630371094
2021-07-01,344.9189453125,20.166894912719727,134.0527801513672,261.814453125,171.64849853515625,225.97332763671875,121.52629089355469,351.9316711425781,125.42777252197266,42.9127082824707,374.8327941894531
2021-07-02,348.878173828125,20.441280364990234,136.6797332763672,267.6463623046875,175.5489959716797,226.3000030517578,124.31819152832031,352.2394714355469,127.76075744628906,42.77839660644531,379.0226745605469
2021-07-06,350.3859558105469,20.65230941772461,138.69146728515625,267.656005859375,183.78700256347656,219.86000061035156,125.24369812011719,350.33282470703125,128.804931640625,43.24531936645508,378.9466247558594
2021-07-07,351.12530517578125,20.326290130615234,141.18170166015625,269.84423828125,184.82899475097656,214.88333129882812,125.52555847167969,348.0586853027344,129.10916137695312,42.90357208251953,384.47601318359375
2021-07-08,349.0045166015625,19.858339309692383,139.88290405273438,267.4247131347656,186.57049560546875,217.60333251953125,124.10628509521484,343.2522888183594,128.21533203125,42.991294860839844,386.8227844238281
2021-07-09,351.18359375,20.00550651550293,141.70904541015625,267.9259338378906,185.9669952392578,218.98333740234375,124.57722473144531,347.98919677734375,128.60989379882812,43.875797271728516,391.7821044921875
2021-07-12,352.5552978515625,20.46672821044922,141.1133575439453,267.3282775878906,185.92750549316406,228.56666564941406,126.02330017089844,350.7102355957031,129.59202575683594,44.384742736816406,387.5163269042969
2021-07-13,352.5552978515625,20.204811096191406,142.2266387939453,270.8564147949219,183.8679962158203,222.84666442871094,126.38655853271484,349.6476135253906,130.0193328857422,44.22576141357422,386.7372131347656
2021-07-14,353.18756103515625,19.797222137451172,145.6543426513672,272.33123779296875,184.08399963378906,217.7933349609375,127.27534484863281,345.218505859375,131.0992431640625,44.00463104248047,389.4829406738281
2021-07-15,350.70697021484375,18.92392349243164,145.0000457763672,270.9046630859375,181.55999755859375,216.86666870117188,126.05257415771484,342.07049560546875,130.28929138183594,43.61629867553711,391.25958251953125
2021-07-16,347.8664245605469,18.120473861694336,142.95907592773438,270.6347351074219,178.68150329589844,214.74000549316406,126.0178451538086,338.7934265136719,130.864013671875,42.769256591796875,389.8819885253906
2021-07-19,345.0162048339844,18.737844467163086,139.11138916015625,267.02947998046875,177.47950744628906,215.4066619873047,123.64379119873047,334.6126403808594,128.2917938232422,42.549964904785156,393.4732666015625
2021-07-20,349.0240783691406,18.570466995239258,142.7246856689453,269.2562561035156,178.6595001220703,220.1666717529297,125.26305389404297,339.2899475097656,130.12551879882812,42.816776275634766,395.4588928222656
2021-07-21,351.71875,19.366682052612305,141.99221801757812,271.26123046875,179.25999450683594,218.42999267578125,126.5925064086914,343.82830810546875,131.61338806152344,43.76980209350586,394.2903747558594
2021-07-22,354.0436096191406,19.550277709960938,143.35940551757812,275.83050537109375,181.90150451660156,216.4199981689453,127.45845031738281,348.75384521484375,132.33596801757812,43.52400588989258,396.6940002441406
2021-07-23,358.1778869628906,19.51435661315918,145.0781707763672,279.23333740234375,182.83200073242188,214.4600067138672,132.01751708984375,367.22479248046875,136.7900390625,44.14717483520508,402.2898864746094
2021-07-26,358.4599609375,19.25094985961914,145.49813842773438,278.6355895996094,184.99099731445312,219.2066650390625,133.0298614501953,369.8763122558594,138.60494995117188,44.064022064208984,402.0999755859375
2021-07-27,354.5105895996094,19.165136337280273,143.33013916015625,276.21612548828125,181.3195037841797,214.92666625976562,130.91087341308594,365.2585754394531,135.77813720703125,43.43537139892578,403.1545104980469
2021-07-28,355.8724365234375,19.459482192993164,141.5820770263672,275.90765380859375,181.51600646972656,215.66000366210938,135.07342529296875,370.69061279296875,135.36624145507812,43.64460754394531,401.1403503417969
2021-07-29,356.5047302246094,19.618125915527344,142.2266387939453,276.17755126953125,179.99600219726562,225.78334045410156,134.75927734375,355.8344421386719,135.5240478515625,44.234886169433594,404.8050231933594
2021-07-30,354.646728515625,19.45549201965332,142.4414520263672,274.6448974609375,166.37950134277344,229.06666564941406,133.71617126464844,353.8283996582031,134.21435546875,44.35276794433594,409.0312805175781
2021-08-02,354.67596435546875,19.705930709838867,142.10943603515625,274.5580749511719,166.57400512695312,236.55667114257812,133.8432159423828,349.50860595703125,134.97715759277344,44.28697967529297,408.26971435546875
2021-08-03,356.8257751464844,19.770782470703125,143.90631103515625,276.77520751953125,168.31199645996094,236.5800018310547,134.61289978027344,348.8034973144531,135.2655029296875,44.479774475097656,414.12371826171875
2021-08-04,357.34136962890625,20.228755950927734,143.5059051513672,276.1872253417969,167.73599243164062,236.97332763671875,134.11219787597656,356.43023681640625,135.015869140625,44.572059631347656,414.0951232910156
2021-08-05,359.6078796386719,20.590953826904297,143.6133270263672,279.0887451171875,168.79949951171875,238.2100067138672,135.229736328125,360.4521179199219,135.9205780029297,44.5601692199707,421.85272216796875
2021-08-06,358.0320129394531,20.320552825927734,142.92869567871094,279.0308837890625,167.2469940185547,233.03334045410156,134.7205810546875,360.9883728027344,136.01588439941406,44.35551071166992,418.4640808105469
2021-08-09,358.6935119628906,20.24970817565918,142.87985229492188,277.94158935546875,167.093505859375,237.9199981689453,135.88626098632812,359.10150146484375,136.97467041015625,44.28697967529297,419.2637634277344
2021-08-10,356.85491943359375,19.891515731811523,142.40057373046875,276.1197204589844,166.03399658203125,236.663330078125,135.7810821533203,358.6249084472656,137.06846618652344,44.065860748291016,421.70037841796875
2021-08-11,356.2420654296875,19.655044555664062,142.65484619140625,276.61126708984375,164.60549926757812,235.94000244140625,135.25701904296875,357.4630432128906,136.66448974609375,44.1837272644043,422.9093017578125
2021-08-12,357.52618408203125,19.860578536987305,145.61830139160156,279.3682861328125,165.1750030517578,240.75,136.16517639160156,360.13433837890625,137.35926818847656,44.24858856201172,423.91827392578125
2021-08-13,358.7810974121094,20.14295196533203,145.82369995117188,282.298828125,164.69850158691406,239.05667114257812,136.69467163085938,360.6607360839844,137.37567138671875,44.422203063964844,426.25982666015625
2021-08-16,358.93670654296875,19.90548324584961,147.79928588867188,283.9857177734375,164.94949340820312,228.72332763671875,137.27232360839844,364.0172424316406,137.88186645507812,44.603126525878906,431.0571594238281
2021-08-17,355.7751159667969,19.414583206176758,146.8897247314453,282.5204162597656,162.09800720214844,221.90333557128906,135.6366729736328,355.9634704589844,136.27838134765625,43.73964309692383,430.5621337890625
2021-08-18,352.3509826660156,18.997509002685547,143.1438751220703,280.7917175292969,160.06100463867188,229.663330078125,134.4332733154297,352.9842834472656,135.5533447265625,42.85149383544922,424.7273254394531
2021-08-19,354.0533447265625,19.753820419311523,143.4763946533203,286.6251525878906,159.3874969482422,224.49000549316406,134.66253662109375,352.65655517578125,135.894287109375,43.26815414428711,432.3897705078125
2021-08-20,357.7207946777344,20.769546508789062,144.93370056152344,293.95574951171875,159.99749755859375,226.75332641601562,136.39891052246094,356.87713623046875,137.4064483642578,43.41801452636719,436.89202880859375
2021-08-23,363.0710144042969,21.909000396728516,146.4202880859375,294.2358093261719,163.2935028076172,235.43333435058594,138.99131774902344,360.8294982910156,140.0491180419922,44.08320617675781,433.02752685546875
2021-08-24,364.17999267578125,21.744367599487305,146.33224487304688,292.27520751953125,165.28900146484375,236.163330078125,140.20217895507812,362.9744873046875,141.33843994140625,43.990013122558594,430.0386962890625
2021-08-25,364.5982666015625,22.16343116760254,145.09994506835938,291.6860656738281,164.95899963378906,237.06666564941406,141.01353454589844,365.8345642089844,141.8858184814453,44.17092514038086,429.50567626953125
2021-08-26,362.2831115722656,22.018760681152344,144.29795837402344,288.8658752441406,165.8000030517578,233.72000122070312,140.37985229492188,361.85235595703125,141.06500244140625,44.383827209472656,427.6781005859375
2021-08-27,365.8045654296875,22.58548927307129,145.3346710205078,289.4743347167969,167.48150634765625,237.30667114257812,142.9241180419922,370.0451354980469,143.47442626953125,45.31584167480469,428.658447265625
2021-08-30,369.90966796875,22.637367248535156,149.7553253173828,293.2120666503906,171.07850646972656,243.6366729736328,143.50621032714844,378.0194396972656,144.38658142089844,45.585391998291016,433.9794006347656
2021-08-31,369.6081237792969,22.33898162841797,148.49371337890625,291.56048583984375,173.5395050048828,245.24000549316406,143.61239624023438,376.7482604980469,144.37911987304688,45.43189239501953,433.5605163574219
2021-09-01,370.2208557128906,22.39487648010254,149.1587371826172,291.51226806640625,173.9499969482422,244.69667053222656,144.12649536132812,379.3997802734375,144.7563018798828,45.06182098388672,434.5408935546875
2021-09-02,370.0458679199219,22.349966049194336,150.27371215820312,290.85546875,173.156005859375,244.1300048828125,142.21250915527344,372.6767272949219,143.14540100097656,44.94669723510742,438.7767028808594
2021-09-03,371.1839904785156,22.79604721069336,150.90943908691406,290.8457946777344,173.90249633789062,244.52333068847656,142.66159057617188,373.6499938964844,143.6972198486328,45.47483444213867,440.2806091308594
2021-09-07,371.7092590332031,22.615415573120117,153.2469024658203,289.91864013671875,175.46449279785156,250.97332763671875,143.1985321044922,379.5289001464844,144.43569946289062,45.375240325927734,437.4726257324219
2021-09-08,370.4154968261719,22.29307746887207,151.7016143798828,289.94757080078125,176.27499389648438,251.2899932861328,142.6134490966797,374.9508972167969,143.804931640625,45.173301696777344,443.27899169921875
2021-09-09,369.1412048339844,22.13141632080078,150.68447875976562,287.08868408203125,174.20799255371094,251.6199951171875,142.464599609375,375.37786865234375,143.83470153808594,45.09197998046875,443.50738525390625
2021-09-10,366.3395080566406,22.43179702758789,145.69651794433594,285.6014099121094,173.45750427246094,245.42333984375,139.81956481933594,376.0630798339844,140.864501953125,45.51777648925781,442.7649841308594
2021-09-13,366.08660888671875,22.10646629333496,146.2637939453125,286.8376770019531,172.85850524902344,247.6666717529297,141.26515197753906,373.898193359375,142.39698791503906,45.5917854309082,437.52978515625
2021-09-14,365.0457763671875,22.1962833404541,144.865234375,289.5419616699219,172.5,248.163330078125,141.47555541992188,373.9180603027344,142.33843994140625,45.85768508911133,436.3400573730469
2021-09-15,367.7598876953125,22.295074462890625,145.7552032470703,294.3999938964844,173.7895050048828,251.94332885742188,143.34642028808594,371.3261413574219,144.12501525878906,46.5767936706543,438.54827880859375
2021-09-16,368.01275634765625,22.1962833404541,145.52049255371094,294.786376953125,174.41200256347656,252.3300018310547,142.53306579589844,370.4721374511719,143.2987518310547,46.35841369628906,441.0040588378906
2021-09-17,363.6546630859375,21.854984283447266,142.85047912597656,289.6192626953125,173.12600708007812,253.163330078125,139.744140625,362.19000244140625,140.410400390625,46.235069274902344,437.3870849609375
2021-09-20,356.1403503417969,21.06960105895996,139.799072265625,284.2395935058594,167.7864990234375,243.38999938964844,137.6792449951172,353.23260498046875,137.9821014404297,45.21350860595703,429.4200134277344
2021-09-21,356.57855224609375,21.202329635620117,140.27825927734375,284.7225341796875,167.18150329589844,246.4600067138672,137.99038696289062,355.000244140625,138.60693359375,45.19233322143555,430.34326171875
2021-09-22,359.9093017578125,21.895896911621094,142.6450958251953,288.373291015625,169.00250244140625,250.64666748046875,139.23150634765625,340.82916259765625,139.88931274414062,46.07595443725586,430.5527038574219
2021-09-23,363.2301330566406,22.435787200927734,143.60357666015625,289.31988525390625,170.8000030517578,251.2133331298828,140.15701293945312,343.56011962890625,140.7707061767578,46.41743469238281,430.9809875488281
2021-09-24,363.5709533691406,22.035606384277344,143.69158935546875,289.11700439453125,171.2760009765625,258.1300048828125,141.14854431152344,350.5115661621094,141.57118225097656,46.47449493408203,445.23028564453125
2021-09-27,360.66888427734375,21.615482330322266,142.1756591796875,284.1141357421875,170.2899932861328,263.78668212890625,140.01409912109375,351.12725830078125,140.4476318359375,46.46805953979492,438.3863830566406
2021-09-28,350.4627685546875,20.656448364257812,138.7916717529297,273.8281555175781,165.79800415039062,259.1866760253906,134.81137084960938,338.2869873046875,135.17019653320312,45.19509506225586,425.81243896484375
2021-09-29,349.8882141113281,20.47482681274414,139.69143676757812,274.2917175292969,165.05599975585938,260.4366760253906,133.34597778320312,337.2541198730469,133.5195770263672,45.0533561706543,430.0386962890625
2021-09-30,348.60272216796875,20.67341423034668,138.3906707763672,272.2828369140625,164.2519989013672,258.49334716796875,132.67356872558594,337.03570556640625,132.27342224121094,44.63454818725586,427.7161560058594
2021-10-01,350.7646484375,20.699363708496094,139.515380859375,279.21734619140625,164.16299438476562,258.40667724609375,135.51907348632812,340.6305847167969,135.44662475585938,44.857295989990234,426.7452392578125
2021-10-04,343.4022521972656,19.691444396972656,136.08253479003906,273.4321594238281,159.48899841308594,260.510009765625,132.6571807861328,323.967041015625,132.7692108154297,43.808006286621094,418.9495544433594
2021-10-05,348.0378723144531,20.40896224975586,138.0092315673828,278.8890380859375,161.0500030517578,260.1966552734375,135.00294494628906,330.65032958984375,135.1632537841797,44.679649353027344,424.7558898925781
2021-10-06,350.26800537109375,20.65744972229004,138.8796844482422,283.0903015136719,163.10049438476562,260.9166564941406,136.5334014892578,331.3256530761719,136.3314971923828,44.988922119140625,427.7066345214844
2021-10-07,353.4817810058594,21.03168296813965,140.14132690429688,284.7709045410156,165.1215057373047,264.53668212890625,138.1809539794922,326.936279296875,138.1493682861328,45.46202087402344,431.06671142578125
2021-10-08,351.7190856933594,20.78818130493164,139.75987243652344,284.7709045410156,164.43099975585938,261.8299865722656,138.73724365234375,327.760498046875,139.01336669921875,45.36353302001953,430.0957336425781
2021-10-11,349.0215148925781,20.6524600982666,139.67190551757812,284.17205810546875,162.31500244140625,263.9800109863281,137.87228393554688,323.1924133300781,137.81387329101562,45.31659698486328,428.04931640625
2021-10-12,347.80413818359375,20.62850570678711,138.4004669189453,282.8681945800781,162.3665008544922,268.5733337402344,135.42578125,321.5240173339844,135.69525146484375,44.66676712036133,425.3555908203125
2021-10-13,350.5893859863281,20.895959854125977,137.81369018554688,286.18096923828125,164.21400451660156,270.3599853515625,136.5502471923828,322.2886962890625,136.87342834472656,44.64191818237305,423.861083984375
2021-10-14,357.0461120605469,21.701303482055664,140.6009979248047,292.40081787109375,164.9929962158203,272.7733459472656,140.0924835205078,326.2510070800781,140.35928344726562,45.80074691772461,428.96307373046875
2021-10-15,359.295654296875,21.817060470581055,141.65728759765625,293.8109436035156,170.4510040283203,281.010009765625,140.307861328125,322.5072021484375,140.6203155517578,46.3207893371582,430.60980224609375
2021-10-18,362.90869140625,22.176319122314453,143.3297119140625,296.78564453125,172.33700561523438,290.03668212890625,141.70730590820312,333.0137939453125,141.89625549316406,46.330909729003906,439.7095642089844
2021-10-19,365.6549987792969,22.24418067932129,145.4911346435547,297.6935119628906,172.20750427246094,288.0899963378906,142.162841796875,337.63153076171875,142.75135803222656,46.97797393798828,444.592529296875
2021-10-20,365.1777648925781,22.057565689086914,145.98013305664062,296.90155029296875,170.7530059814453,288.6000061035156,140.70587158203125,338.4160461425781,141.3548126220703,46.885929107666016,447.153076171875
2021-10-21,367.4079284667969,22.645357131958008,146.19534301757812,300.1369323730469,171.75050354003906,298.0,140.82199096679688,339.5084533691406,141.71759033203125,47.32406234741211,454.2538757324219
2021-10-22,364.3207702636719,22.679290771484375,145.42266845703125,298.5916748046875,166.77749633789062,303.2266540527344,136.53489685058594,322.3581848144531,137.59304809570312,47.440032958984375,458.78472900390625
2021-10-25,368.0506896972656,23.11838150024414,145.37376403808594,297.5968933105469,166.01849365234375,341.6199951171875,136.41627502441406,326.409912109375,137.73992919921875,48.05305099487305,466.50433349609375
2021-10-26,369.2095947265625,24.66619300842285,146.03887939453125,299.5091552734375,168.80349731445312,339.4766540527344,138.26380920410156,313.6192626953125,138.63223266601562,49.13915252685547,462.1542663574219
2021-10-27,370.06658935546875,24.400737762451172,145.57916259765625,312.1227722167969,169.62449645996094,345.9533386230469,145.12100219726562,310.05413818359375,145.3374481201172,48.14876937866211,465.5618896484375
2021-10-28,374.1763000488281,24.889734268188477,149.21743774414062,313.262451171875,172.32850646972656,359.0133361816406,144.7552490234375,314.7215576171875,145.04116821289062,48.74337387084961,467.66900634765625
2021-10-29,376.01678466796875,25.514448165893555,146.50833129882812,320.2838134765625,168.6215057373047,371.3333435058594,146.93580627441406,321.3254699707031,147.16671752929688,48.9366569519043,468.6318359375
2021-11-01,377.3023376464844,25.77391242980957,145.68678283691406,318.1107177734375,165.90550231933594,402.86334228515625,142.42091369628906,327.6910095214844,142.70372009277344,48.603458404541016,468.94647216796875
2021-11-02,378.87994384765625,26.34673309326172,146.72344970703125,321.74224853515625,165.6374969482422,390.6666564941406,144.3418731689453,325.80413818359375,144.77716064453125,49.43368148803711,473.827880859375
2021-11-03,382.9020080566406,26.543323516845703,148.16114807128906,322.5824890136719,169.1999969482422,404.6199951171875,145.49864196777344,329.319580078125,145.69723510742188,49.9215202331543,478.9189758300781
2021-11-04,387.8102722167969,29.7397403717041,147.64283752441406,324.9391174316406,173.85000610351562,409.9700012207031,147.15562438964844,333.520263671875,147.576171875,50.49678421020508,491.5896911621094
2021-11-05,388.1803283691406,29.690847396850586,148.17172241210938,324.5721435546875,175.94949340820312,407.36334228515625,147.73577880859375,338.763671875,148.12998962402344,51.4448356628418,489.2060852050781
2021-11-08,387.6544494628906,30.740684509277344,147.3489990234375,325.4703369140625,174.44900512695312,387.64666748046875,147.9134063720703,336.27105712890625,148.2396697998047,51.447601318359375,480.3299865722656
2021-11-09,384.9861145019531,30.593984603881836,147.71136474609375,324.4659118652344,178.81149291992188,341.1666564941406,147.80177307128906,333.0436096191406,148.13746643066406,51.34174728393555,485.00164794921875
2021-11-10,379.3280029296875,29.3984432220459,144.88075256347656,319.4919128417969,174.1024932861328,355.98333740234375,144.7994384765625,325.36724853515625,145.5344696044922,50.51058578491211,481.95074462890625
2021-11-11,380.3797607421875,30.327533721923828,144.831787109375,321.06622314453125,173.625,354.5033264160156,144.6733856201172,325.4665222167969,145.65554809570312,51.120845794677734,488.30999755859375
2021-11-12,384.3823547363281,30.327533721923828,146.90821838378906,325.2095642089844,176.25750732421875,344.47332763671875,147.5630645751953,338.52532958984375,148.531494140625,51.84062194824219,493.06744384765625
2021-11-15,384.294677734375,29.963279724121094,146.9180450439453,324.5817565917969,177.28399658203125,337.7966613769531,147.33871459960938,345.1490478515625,148.27590942382812,52.07533645629883,495.6606140136719
2021-11-16,387.0311584472656,30.140914916992188,147.8974609375,327.9042053222656,177.03500366210938,351.57666015625,146.76708984375,340.5809326171875,147.96621704101562,52.35145568847656,502.1722412109375
2021-11-17,387.2356872558594,29.20085334777832,150.3363037109375,328.1266784667969,177.4499969482422,363.0033264160156,146.936767578125,338.4061279296875,147.9523162841797,52.431541442871094,501.7623291015625
2021-11-18,391.2480163574219,31.60988998413086,154.62631225585938,330.20709228515625,184.80299377441406,365.4599914550781,148.71487426757812,336.3405456542969,149.58705139160156,52.907405853271484,504.6986999511719
2021-11-19,393.429443359375,32.917205810546875,157.2512664794922,331.9873962402344,183.82850646972656,379.0199890136719,147.8096923828125,342.9046936035156,148.83621215820312,52.34686279296875,508.9127502441406
2021-11-22,388.86199951171875,31.890310287475586,157.7115936279297,328.81365966796875,178.6284942626953,385.6233215332031,145.2048797607422,338.64447021484375,145.9835968017578,50.92571258544922,514.4996337890625
2021-11-23,387.089599609375,31.680749893188477,158.0935821533203,326.7333984375,179.0019989013672,369.6766662597656,144.6887664794922,334.9105224609375,145.66448974609375,51.09507369995117,519.8482666015625
2021-11-24,388.3362121582031,32.60683822631836,158.6127166748047,326.9559326171875,179.02049255371094,372.0,145.0242462158203,338.6941223144531,145.62527465820312,51.42735290527344,524.1099243164062
2021-11-26,380.97381591796875,31.43824577331543,153.5880889892578,318.9927062988281,175.22799682617188,360.6400146484375,141.11676025390625,330.8092346191406,141.74290466308594,50.3099365234375,520.6776733398438
2021-11-29,389.24188232421875,33.30738830566406,156.94760131835938,325.7174072265625,178.07850646972656,378.9966735839844,144.4391632080078,335.68511962890625,145.02627563476562,51.94371032714844,529.0197143554688
2021-11-30,383.5253601074219,32.608829498291016,161.90367126464844,319.8731994628906,175.35350036621094,381.586669921875,140.8334197998047,322.20928955078125,141.39151000976562,50.9625358581543,514.2421875
2021-12-01,377.00042724609375,31.37422752380371,161.384521484375,319.3797912597656,172.18600463867188,365.0,139.99374389648438,308.44537353515625,140.5637664794922,51.06193542480469,505.14691162109375
2021-12-02,379.717529296875,32.06388854980469,160.39527893066406,318.8088684082031,171.8679962158203,361.5333251953125,141.89390563964844,308.2368469238281,142.7061767578125,50.84931564331055,501.0185852050781
2021-12-03,373.11474609375,30.63365936279297,158.51475524902344,312.5390319824219,169.489501953125,338.3233337402344,140.9366455078125,304.71148681640625,141.4595184326172,51.3712043762207,504.2794494628906
2021-12-06,376.1044921875,29.978927612304688,161.92324829101562,315.6158752441406,171.36849975585938,336.336669921875,142.0814666748047,315.6650085449219,142.7260284423828,52.002620697021484,508.3502197265625
2021-12-07,387.4304504394531,32.36430358886719,167.662841796875,324.0628662109375,176.1645050048828,350.5833435058594,146.16513061523438,320.5707092285156,146.93443298339844,54.34236526489258,516.7592163085938
2021-12-08,389.1639404296875,31.76447105407715,171.48269653320312,324.1112365722656,176.1580047607422,356.32000732421875,147.07521057128906,328.2669372558594,147.61338806152344,54.172996520996094,505.404296875
2021-12-09,383.4376220703125,30.431053161621094,170.973388671875,322.3018798828125,174.17100524902344,334.6000061035156,146.53134155273438,327.53204345703125,147.00343322753906,53.69990539550781,499.8936767578125
2021-12-10,387.60577392578125,30.139616012573242,175.76290893554688,331.4358825683594,172.21200561523438,339.010009765625,146.89161682128906,327.4625549316406,147.56820678710938,58.14190673828125,532.7762451171875
2021-12-13,382.0060119628906,28.10655403137207,172.129150390625,328.39764404296875,169.5675048828125,322.13665771484375,144.73294067382812,332.1696472167969,145.61239624023438,57.219627380371094,531.2507934570312
2021-12-14,378.0522766113281,28.282217025756836,170.7480926513672,317.6961364746094,169.0915069580078,319.5033264160156,142.8278045654297,331.4248962402344,143.8913116455078,56.59833908081055,519.9244995117188
2021-12-15,386.6708068847656,30.400114059448242,175.61599731445312,323.8016662597656,173.31500244140625,325.3299865722656,145.34283447265625,339.2899475097656,146.2714385986328,58.894813537597656,539.1257934570312
2021-12-16,376.72772216796875,28.332117080688477,168.72064208984375,314.36767578125,168.87100219726562,308.97332763671875,143.36180114746094,332.5768127441406,143.76028442382812,57.12942886352539,526.874755859375
2021-12-17,374.8482360839844,27.747249603271484,167.6236572265625,313.3033752441406,170.0175018310547,310.8566589355469,140.66221618652344,331.4745788574219,141.7399139404297,58.44380569458008,522.0886840820312
2021-12-20,371.2120361328125,27.6654109954834,166.26219177246094,309.5394592285156,167.07899475097656,299.9800109863281,140.54507446289062,323.1924133300781,141.34140014648438,59.37068176269531,522.994384765625
2021-12-21,379.5199890136719,29.018789291381836,169.43565368652344,316.6802673339844,170.41700744628906,312.84332275390625,142.39662170410156,331.8817443847656,143.14691162109375,59.862552642822266,520.01025390625
2021-12-22,384.1418762207031,29.343158721923828,172.03118896484375,322.398681640625,171.03700256347656,336.2900085449219,145.3170166015625,328.1577453613281,145.85507202148438,60.69253921508789,524.0526733398438
2021-12-23,387.0379638671875,29.58269691467285,172.6580352783203,323.8403015136719,171.06849670410156,355.6666564941406,145.8147735595703,332.9144592285156,146.047119140625,61.581809997558594,524.7200927734375
2021-12-27,393.4346618652344,30.885173797607422,176.62484741210938,331.34881591796875,169.66949462890625,364.64666748046875,146.7973175048828,343.7785949707031,146.9617462158203,62.459957122802734,537.2095336914062
2021-12-28,391.6112060546875,30.263378143310547,175.606201171875,330.18768310546875,170.66099548339844,362.8233337402344,145.5869598388672,343.8183288574219,145.35780334472656,61.970863342285156,538.3250122070312
2021-12-29,391.5527038574219,29.942996978759766,175.6943817138672,330.8650207519531,169.2010040283203,362.0633239746094,145.5552215576172,340.5610656738281,145.41387939453125,62.30527877807617,541.30908203125
2021-12-30,390.382568359375,29.52880096435547,174.5386199951172,328.32025146484375,168.64450073242188,356.7799987792969,145.10414123535156,341.9712219238281,144.91561889648438,61.60776138305664,537.6290893554688
2021-12-31,387.94482421875,29.354137420654297,173.9215545654297,325.4175109863281,166.7169952392578,352.260009765625,143.76576232910156,334.01678466796875,143.60244750976562,61.63832092285156,541.2424926757812
2022-01-03,391.6794738769531,30.06276512145996,178.27032470703125,323.8984069824219,170.4044952392578,399.9266662597656,143.90419006347656,336.1916198730469,143.99449157714844,61.44471740722656,540.2986450195312
2022-01-04,386.5991516113281,29.233373641967773,176.0078125,318.3444519042969,167.52200317382812,383.1966552734375,143.316650390625,334.1955261230469,143.34141540527344,62.14871597290039,537.93408203125
2022-01-05,374.722412109375,27.550630569458008,171.32601928710938,306.1238708496094,164.35699462890625,362.7066650390625,136.74180603027344,321.9212646484375,136.62876892089844,59.562435150146484,524.291015625
2022-01-06,374.4591369628906,28.123523712158203,168.4659881591797,303.70501708984375,163.25399780273438,354.8999938964844,136.71453857421875,330.15374755859375,136.5270233154297,59.009422302246094,524.176513671875
2022-01-07,370.4026794433594,27.194320678710938,168.6324920654297,303.8597412109375,162.5540008544922,342.32000732421875,135.989501953125,329.4884033203125,135.98460388183594,57.3531608581543,511.19134521484375
2022-01-10,370.646484375,27.347026824951172,168.65206909179688,304.082275390625,161.48599243164062,352.7066650390625,137.62960815429688,325.7942810058594,137.5424041748047,57.53935623168945,494.621337890625
2022-01-11,376.2143249511719,27.763221740722656,171.48269653320312,304.7693176269531,165.36199951171875,354.79998779296875,138.6881103515625,332.0505065917969,138.97515869140625,57.62178421020508,497.7007751464844
2022-01-12,377.70623779296875,27.944873809814453,171.92344665527344,307.95257568359375,165.20700073242188,368.739990234375,140.36990356445312,330.9482116699219,140.59349060058594,57.61715316772461,501.29510498046875
2022-01-13,368.2574768066406,26.523622512817383,168.65206909179688,294.9192199707031,161.21400451660156,343.85333251953125,137.54774475097656,324.2152099609375,138.09524536132812,55.3189582824707,492.7909240722656
2022-01-14,370.5489501953125,26.889909744262695,169.51402282714844,300.14422607421875,162.13800048828125,349.8699951171875,138.43450927734375,329.5976257324219,138.7458953857422,55.24299621582031,479.5482177734375
2022-01-18,361.324462890625,25.852920532226562,166.31118774414062,292.83892822265625,158.91749572753906,343.5033264160156,134.9781494140625,315.94305419921875,135.27589416503906,53.52188491821289,465.32354736328125
2022-01-19,357.3558654785156,25.018535614013672,162.81454467773438,293.4968566894531,156.2989959716797,331.8833312988281,134.10325622558594,317.3730163574219,134.64215087890625,52.24172592163086,467.316162109375
2022-01-20,352.71429443359375,24.103309631347656,161.12989807128906,291.8230285644531,151.66749572753906,332.0899963378906,132.30780029296875,314.3641052246094,132.51263427734375,50.736446380615234,460.3182678222656
2022-01-21,342.9339904785156,23.328813552856445,159.07302856445312,286.43353271484375,142.64300537109375,314.6333312988281,129.37399291992188,301.0669860839844,129.12355041503906,49.39421081542969,459.1646423339844
2022-01-24,344.50396728515625,23.326814651489258,158.29925537109375,286.7625427246094,144.54400634765625,310.0,129.82308959960938,306.56854248046875,129.40145874023438,50.167686462402344,466.1148986816406
2022-01-25,336.517822265625,22.28083610534668,156.49705505371094,279.1380310058594,139.98599243164062,306.1333312988281,125.98309326171875,298.06793212890625,125.79203033447266,49.4785041809082,455.0745849609375
2022-01-26,335.99139404296875,22.72797393798828,156.40887451171875,287.091552734375,138.87249755859375,312.4700012207031,128.2638702392578,292.586181640625,128.2779083251953,51.60719299316406,460.9379577636719
2022-01-27,332.60772705078125,21.901573181152344,155.94859313964844,290.1200866699219,139.6374969482422,276.3666687011719,128.03758239746094,292.5960998535156,128.15977478027344,50.23530960083008,460.0322265625
2022-01-28,343.0413513183594,22.79584312438965,166.83030700683594,298.2671203613281,143.97799682617188,282.1166687011719,132.3509979248047,299.6170654296875,132.29725646972656,51.88323211669922,469.4803161621094
2022-01-31,354.0111999511719,24.43865966796875,171.18887329101562,300.8989562988281,149.57350158691406,312.239990234375,134.28884887695312,311.0869140625,134.6883544921875,54.27128601074219,481.5885009765625
2022-02-01,356.4197082519531,24.59036636352539,171.02236938476562,298.75091552734375,151.19349670410156,310.4166564941406,136.61180114746094,316.7871398925781,136.85208129882812,54.9048957824707,484.7156066894531
2022-02-02,359.31573486328125,25.193199157714844,172.22708129882812,303.2985534667969,150.6125030517578,301.88665771484375,146.89013671875,320.7593994140625,146.93443298339844,55.896976470947266,497.69140625
2022-02-03,344.7477722167969,23.90169906616211,169.3474884033203,291.4843444824219,138.8455047607422,297.0466613769531,142.01695251464844,236.1106719970703,141.5885772705078,53.80534744262695,498.2069396972656
2022-02-04,349.0966491699219,24.271982192993164,169.06309509277344,296.0223083496094,157.63949584960938,307.7733459472656,142.2184295654297,235.44532775878906,141.9513397216797,54.66775894165039,496.2972106933594
2022-02-07,346.2883605957031,24.680191040039062,168.34722900390625,291.19415283203125,157.9355010986328,302.4466552734375,138.15711975097656,223.3498077392578,137.90370178222656,54.43339920043945,492.5924377441406
2022-02-08,350.1790771484375,25.05945587158203,171.45599365234375,294.6871032714844,161.4134979248047,307.3333435058594,138.3536376953125,218.65261840820312,138.17665100097656,55.59962844848633,497.6150817871094
2022-02-09,357.5995178222656,26.653369903564453,172.87802124023438,301.1214599609375,161.1894989013672,310.6666564941406,140.53016662597656,230.39064025878906,140.39999389648438,56.629703521728516,504.9481506347656
2022-02-10,349.5062561035156,25.774070739746094,168.79830932617188,292.5777587890625,159.0034942626953,301.51666259765625,137.58047485351562,226.48793029785156,137.57070922851562,54.77891159057617,495.06549072265625
2022-02-11,338.4193420410156,23.90269660949707,165.38548278808594,285.4756774902344,153.2935028076172,286.6666564941406,133.27552795410156,218.02703857421875,133.13148498535156,53.117088317871094,486.65338134765625
2022-02-14,338.83856201171875,24.2200870513916,165.62083435058594,285.43695068359375,155.16700744628906,291.9200134277344,134.50967407226562,216.18984985351562,134.29278564453125,53.59507751464844,483.683837890625
2022-02-15,347.2635498046875,26.443777084350586,169.4553680419922,290.7297058105469,156.510498046875,307.4766540527344,135.58407592773438,219.46694946289062,135.40989685058594,55.835845947265625,490.71148681640625
2022-02-16,347.1757507324219,26.45974349975586,169.22003173828125,290.3902893066406,158.10049438476562,307.7966613769531,136.70510864257812,215.03787231445312,136.46397399902344,55.320804595947266,489.2600402832031
2022-02-17,336.8493957519531,24.459619522094727,165.62083435058594,281.88702392578125,154.65249633789062,292.1166687011719,131.54507446289062,206.26914978027344,131.3235626220703,53.63397979736328,491.75225830078125
2022-02-18,333.0074462890625,23.596290588378906,164.07131958007812,279.1722717285156,152.60150146484375,285.6600036621094,129.4250946044922,204.72991943359375,129.49624633789062,53.725685119628906,489.517822265625
2022-02-22,329.6628723144531,23.344776153564453,161.14883422851562,278.9685974121094,150.19749450683594,273.84332275390625,128.84002685546875,200.67820739746094,128.43919372558594,53.49132537841797,479.5015869140625
2022-02-23,321.21856689453125,22.343717575073242,156.98089599609375,271.7451477050781,144.82699584960938,254.67999267578125,126.63121795654297,197.07337951660156,126.63521575927734,52.354732513427734,472.8941650390625
2022-02-24,332.01287841796875,23.702083587646484,159.59934997558594,285.629638671875,151.35800170898438,266.92333984375,131.6959228515625,206.15992736816406,131.68582153320312,53.72661209106445,482.7480773925781
2022-02-25,337.16143798828125,24.11029815673828,161.66864013671875,288.26690673828125,153.7884979248047,269.9566650390625,133.451171875,209.01991271972656,133.51808166503906,54.468597412109375,494.1202697753906
2022-02-28,338.1657409667969,24.337854385375977,161.93341064453125,289.7019348144531,153.56300354003906,290.1433410644531,134.044189453125,209.5661163330078,133.88685607910156,54.41579055786133,495.8008117675781
2022-03-01,332.988037109375,23.431608200073242,160.0504608154297,285.9787292480469,151.14199829101562,288.1233215332031,133.05616760253906,202.0784149169922,133.16921997070312,52.811397552490234,499.3145751953125
2022-03-02,338.5753173828125,24.177289962768555,163.34556579589844,291.0593566894531,152.05250549316406,293.2966613769531,133.56234741210938,206.6663818359375,133.7483673095703,54.262020111083984,504.1555480957031
2022-03-03,333.7388000488281,23.672189712524414,163.02200317382812,286.919189453125,147.89849853515625,279.7633361816406,132.8953857421875,201.56201171875,133.30816650390625,53.596920013427734,508.9775390625
2022-03-04,328.9023132324219,22.89555549621582,160.02102661132812,281.04351806640625,145.64100646972656,279.42999267578125,130.9173126220703,198.67222595214844,131.13844299316406,55.20779800415039,501.76849365234375
2022-03-07,316.7720642089844,21.314350128173828,156.22572326660156,270.426513671875,137.4530029296875,268.1933288574219,125.43079376220703,186.16957092285156,125.52305603027344,52.86512756347656,504.6521301269531
2022-03-08,315.2995910644531,21.47606658935547,154.401611328125,267.4596252441406,136.01449584960938,274.79998779296875,126.15133666992188,188.96995544433594,126.33099365234375,53.35145950317383,499.7251281738281
2022-03-09,326.6497802734375,22.973417282104492,159.80528259277344,279.7248840332031,139.2790069580078,286.3233337402344,132.4194793701172,197.12306213378906,132.8694610595703,55.3032112121582,503.8213806152344
2022-03-10,323.0224609375,22.618045806884766,155.46078491210938,276.90338134765625,146.8175048828125,279.4333190917969,131.43641662597656,193.85586547851562,131.6942596435547,54.442657470703125,508.6623229980469
2022-03-11,316.3235168457031,22.061031341552734,151.74391174316406,271.5513000488281,145.52450561523438,265.1166687011719,128.89659118652344,186.30857849121094,129.50421142578125,53.5274543762207,503.60174560546875
2022-03-14,310.24859619140625,21.292387008666992,147.71322631835938,268.03167724609375,141.85299682617188,255.4566650390625,125.00647735595703,185.33538818359375,125.79749298095703,52.596500396728516,502.1981506347656
2022-03-15,319.98016357421875,22.9324893951416,152.09698486328125,278.41595458984375,147.3665008544922,267.2966613769531,128.22914123535156,190.6979217529297,128.6952667236328,54.90859603881836,517.828857421875
2022-03-16,331.8471984863281,24.45280647277832,156.5101318359375,285.43572998046875,153.10400390625,280.07666015625,132.281005859375,202.21743774414062,132.6952667236328,56.23878860473633,518.8506469726562
2022-03-17,335.8645324707031,24.722333908081055,157.52024841308594,286.240478515625,157.23899841308594,290.5333251953125,132.83534240722656,206.39822387695312,133.5984649658203,55.826576232910156,527.8259887695312
2022-03-18,342.739013671875,26.40635871887207,160.81541442871094,291.2919616699219,161.25050354003906,301.7966613769531,135.1046905517578,214.9882354736328,135.78309631347656,56.54355239868164,535.9994506835938
2022-03-21,341.7861633300781,26.686859130859375,162.18841552734375,290.0606384277344,161.4915008544922,307.0533447265625,135.0808868408203,210.02291870117188,135.46249389648438,56.07539749145508,530.4423828125
2022-03-22,348.503173828125,26.47722816467285,165.56199645996094,294.8116455078125,164.88900756835938,331.32666015625,138.81910705566406,215.1471405029297,139.23321533203125,57.012638092041016,534.1566772460938
2022-03-23,343.4946594238281,25.588802337646484,166.92518615722656,290.380615234375,163.4080047607422,333.03668212890625,137.2385711669922,211.97926330566406,137.47242736816406,55.897274017333984,529.0006103515625
2022-03-24,351.1294250488281,28.100360870361328,170.71067810058594,294.850341796875,163.64950561523438,337.97332763671875,140.51036071777344,218.04689025878906,140.26002502441406,58.41991424560547,532.9058227539062
2022-03-25,350.8365173339844,27.643171310424805,171.34814453125,294.4431457519531,164.77349853515625,336.8800048828125,140.61058044433594,220.28128051757812,140.4679718017578,58.647464752197266,530.6143188476562
2022-03-28,356.2648620605469,28.16924285888672,172.2111358642578,301.2496337890625,168.99049377441406,363.9466552734375,140.39471435546875,222.03900146484375,140.8932647705078,59.02143096923828,539.6851196289062
2022-03-29,362.3960266113281,28.60546875,175.50631713867188,305.8163757324219,169.31500244140625,366.5233459472656,141.4368438720703,228.2655029296875,142.18360900878906,59.82252502441406,544.23974609375
2022-03-30,358.3931884765625,27.641178131103516,174.3392791748047,304.3135681152344,166.30099487304688,364.663330078125,140.87408447265625,226.26947021484375,141.5825958251953,58.854496002197266,550.4366455078125
2022-03-31,353.950927734375,27.237886428833008,171.24029541015625,298.93231201171875,162.99749755859375,359.20001220703125,138.02462768554688,220.81752014160156,138.6099090576172,58.72300338745117,549.8446655273438
2022-04-01,353.2773132324219,26.66489601135254,170.94606018066406,300.0085754394531,163.55999755859375,361.5299987792969,139.0994873046875,223.29026794433594,139.652587890625,58.47120666503906,549.577392578125
2022-04-04,360.5508728027344,27.311752319335938,174.996337890625,305.3897399902344,168.34649658203125,381.8166809082031,141.8993377685547,232.26756286621094,142.5731658935547,59.20514678955078,549.1572875976562
2022-04-05,352.5451354980469,25.88528060913086,171.68157958984375,301.4241638183594,164.05499267578125,363.7533264160156,139.5366973876953,230.2317352294922,140.01287841796875,57.27190017700195,549.338623046875
2022-04-06,344.89080810546875,24.363962173461914,168.51390075683594,290.3902893066406,158.75599670410156,348.586669921875,135.52403259277344,221.7509765625,136.15481567382812,56.1416130065918,558.3809204101562
2022-04-07,345.7109375,24.165315628051758,168.81790161132812,292.2033996582031,157.7845001220703,352.4200134277344,134.8694610595703,221.40342712402344,135.4490966796875,56.23952865600586,580.5905151367188
2022-04-08,340.8781433105469,23.078231811523438,166.8074951171875,287.937255859375,154.4604949951172,341.8299865722656,132.28799438476562,220.7877197265625,133.0128936767578,54.742733001708984,572.9424438476562
2022-04-11,332.8138732910156,21.87834930419922,162.55123901367188,276.5834655761719,151.1219940185547,325.30999755859375,127.85745239257812,214.95848083496094,128.8302459716797,54.14680480957031,558.266357421875
2022-04-12,331.4080505371094,21.466079711914062,164.42442321777344,273.480712890625,150.78750610351562,328.98333740234375,126.75677490234375,212.654541015625,127.41883850097656,54.562747955322266,555.1058349609375
2022-04-13,338.14447021484375,22.163850784301758,167.1114959716797,278.8716125488281,155.54100036621094,340.7900085449219,128.919921875,213.4986572265625,129.31610107421875,55.25938415527344,564.396484375
2022-04-14,330.4122314453125,21.220518112182617,162.10009765625,271.3185729980469,151.7064971923828,328.3333435058594,125.77965545654297,208.72201538085938,126.30567932128906,53.51638412475586,563.7280883789062
2022-04-18,330.6660461425781,21.744590759277344,161.88438415527344,271.987548828125,152.78500366210938,334.7633361816406,126.71904754638672,209.30795288085938,127.00840759277344,54.696102142333984,555.8316040039062
2022-04-19,338.0566711425781,22.158859252929688,164.16937255859375,276.6221923828125,158.11549377441406,342.7166748046875,129.03407287597656,215.8025360107422,129.5592803955078,55.73313903808594,567.46142578125
2022-04-20,333.12628173828125,21.444122314453125,164.00265502929688,277.64996337890625,153.9980010986328,325.73333740234375,127.0798110961914,199.02972412109375,127.29080200195312,55.74246597290039,576.2747192382812
2022-04-21,326.2336120605469,20.147409439086914,163.2082977294922,272.2687683105469,148.29600524902344,336.260009765625,123.87849426269531,186.765380859375,124.0074234008789,55.27710723876953,565.0172729492188
2022-04-22,317.69085693359375,19.480588912963867,158.66766357421875,265.6949768066406,144.35000610351562,335.01666259765625,118.73834228515625,182.8328399658203,118.72354888916016,54.738067626953125,545.882080078125
2022-04-25,321.77178955078125,19.866905212402344,159.7366485595703,272.1815185546875,146.07400512695312,332.67333984375,122.15106201171875,185.69288635253906,122.33248138427734,54.82480239868164,542.5496215820312
2022-04-26,309.62652587890625,18.754871368408203,153.7739715576172,262.0008850097656,139.39100646972656,292.1400146484375,117.76023864746094,179.69476318359375,118.61634063720703,52.23128128051758,528.7523193359375
2022-04-27,309.2555847167969,18.38252830505371,153.5483856201172,274.60546875,138.16700744628906,293.836669921875,113.4374008178711,173.7364044189453,114.16424560546875,52.18184280395508,529.0579833984375
2022-04-28,320.239013671875,19.747119903564453,160.48194885253906,280.8204650878906,144.59649658203125,292.5033264160156,117.6336898803711,204.3029022216797,118.5225601196289,53.991065979003906,537.4932250976562
2022-04-29,305.8287353515625,18.514293670654297,154.60755920410156,269.07879638671875,124.28150177001953,290.2533264160156,113.2537841796875,199.07936096191406,114.11064910888672,51.701568603515625,508.5335693359375
2022-05-02,310.9348449707031,19.498558044433594,154.91160583496094,275.81744384765625,124.5,300.9800109863281,115.708740234375,209.66543579101562,116.28483581542969,53.74952697753906,505.8844299316406
2022-05-03,311.26678466796875,19.567434310913086,156.40223693847656,273.2092590332031,124.25350189208984,303.0833435058594,116.45410919189453,210.5591583251953,117.25010681152344,54.19903564453125,505.05230712890625
2022-05-04,321.7913513183594,20.298145294189453,162.81600952148438,281.15985107421875,125.92849731445312,317.5400085449219,121.34416198730469,221.86024475097656,121.66250610351562,56.29642105102539,520.6893310546875
2022-05-05,305.58465576171875,18.81077003479004,153.74453735351562,268.91400146484375,116.40699768066406,291.09332275390625,115.63182067871094,206.83522033691406,115.87739562988281,54.088993072509766,494.7615661621094
2022-05-06,301.92352294921875,18.642066955566406,154.4713134765625,266.3737487792969,114.77249908447266,288.54998779296875,114.87850952148438,202.35647583007812,114.79898834228516,54.099239349365234,481.4102478027344
2022-05-09,290.1101379394531,16.92011260986328,149.34454345703125,256.5324401855469,108.78900146484375,262.3699951171875,111.66727447509766,194.8489227294922,112.2421646118164,52.49706268310547,477.0777893066406
2022-05-10,293.6346435546875,17.56397247314453,151.7507781982422,261.30279541015625,108.85900115966797,266.67999267578125,113.53713989257812,196.2789306640625,113.73149871826172,54.21955490112305,479.59307861328125
2022-05-11,284.9259033203125,16.600671768188477,143.88385009765625,252.62503051757812,105.37200164794922,244.6666717529297,112.75059509277344,187.43075561523438,113.11264038085938,52.887813568115234,467.7530212402344
2022-05-12,284.2522277832031,16.14647674560547,140.01417541503906,247.5831756591797,106.93049621582031,242.6666717529297,111.99778747558594,189.9134063720703,112.31859588623047,53.30375671386719,464.97943115234375
2022-05-13,294.7867126464844,17.67477798461914,144.4829559326172,253.1776123046875,113.05500030517578,256.5299987792969,115.18022918701172,197.2421875,115.64812469482422,54.85837936401367,475.5858459472656
2022-05-16,291.3695983886719,17.233558654785156,142.9409942626953,253.54612731933594,110.81050109863281,241.4566650390625,113.5867691040039,198.65234375,113.93795013427734,54.338924407958984,472.96527099609375
2022-05-17,298.91644287109375,18.14495086669922,146.57493591308594,258.70428466796875,115.36849975585938,253.8699951171875,115.59954833984375,201.21444702148438,115.8327407836914,56.715145111083984,469.0823669433594
2022-05-18,284.2425537109375,16.908132553100586,138.30526733398438,246.92559814453125,107.11250305175781,236.60333251953125,111.06035614013672,190.90643310546875,111.56425476074219,53.21049499511719,410.6754455566406
2022-05-19,282.7194519042969,17.09380531311035,134.89724731445312,246.0120391845703,107.31900024414062,236.47332763671875,109.55622100830078,189.96302795410156,109.92108154296875,50.938716888427734,404.4875183105469
2022-05-20,281.84088134765625,16.664566040039062,135.13296508789062,245.4483642578125,107.59100341796875,221.3000030517578,108.0912857055664,192.1974334716797,108.4992446899414,50.65707778930664,398.2709655761719
2022-05-23,286.5270690917969,16.868202209472656,140.5543975830078,253.3105926513672,107.55699920654297,224.96665954589844,110.65193939208984,194.86878967285156,110.83521270751953,49.08753204345703,410.751953125
2022-05-24,280.4349060058594,16.125516891479492,137.8534698486328,252.30955505371094,104.0999984741211,209.3866729736328,105.17532348632812,180.0225067138672,105.13745880126953,48.88610076904297,418.6230773925781
2022-05-25,284.35968017578125,16.945070266723633,138.01063537597656,255.12791442871094,106.7750015258789,219.60000610351562,105.01155853271484,182.55479431152344,105.05159759521484,49.579002380371094,420.9184265136719
2022-05-26,292.2384948730469,17.819520950317383,141.21243286132812,258.41278076171875,111.07749938964844,235.91000366210938,106.98416137695312,190.3007049560547,107.48980712890625,51.35371017456055,444.71343994140625
2022-05-27,301.77703857421875,18.77783203125,146.96775817871094,265.54608154296875,115.14649963378906,253.2100067138672,111.47423553466797,193.77642822265625,111.95929718017578,54.39581298828125,450.23187255859375
2022-05-31,300.9764099121094,18.639080047607422,146.1820526123047,264.2146911621094,120.20950317382812,252.75332641601562,112.90889739990234,192.29672241210938,113.19007110595703,54.10205078125,445.8898620605469
2022-06-01,298.7504577636719,18.287700653076172,146.0543670654297,264.7491760253906,121.68399810791016,246.7899932861328,113.03791046142578,187.3314208984375,113.28732299804688,53.494930267333984,437.0622863769531
2022-06-02,306.93194580078125,19.55745506286621,148.50973510742188,266.8482971191406,125.51100158691406,258.3333435058594,116.74043273925781,197.48056030273438,116.86946105957031,53.78590393066406,466.3470458984375
2022-06-03,298.9457702636719,18.686988830566406,142.78382873535156,262.4166564941406,122.3499984741211,234.51666259765625,113.68204498291016,189.4565887451172,113.71114349365234,52.534366607666016,455.4824523925781
2022-06-06,299.9416198730469,18.75287437438965,143.53025817871094,261.1825256347656,124.79000091552734,238.27999877929688,115.9444580078125,192.90252685546875,116.13943481445312,52.33946228027344,451.8673095703125
2022-06-07,302.5287780761719,18.89263153076172,146.0543670654297,264.8269958496094,123.0,238.8866729736328,116.27098846435547,194.2928009033203,116.3568115234375,53.436180114746094,451.2073974609375
2022-06-08,300.3516540527344,18.619056701660156,145.31773376464844,262.7957458496094,121.18000030517578,241.86666870117188,116.31515502929688,195.2759246826172,116.365234375,52.724613189697266,447.5826416015625
2022-06-09,292.30682373046875,18.01998519897461,140.0927734375,257.33404541015625,116.1500015258789,239.7066650390625,113.9743423461914,182.7236328125,114.06250762939453,51.87223815917969,451.465576171875
2022-06-10,281.99713134765625,16.94765281677246,134.68118286132812,245.8662872314453,109.6500015258789,232.22999572753906,110.32789611816406,174.3520965576172,110.5979995727539,50.478023529052734,443.1067810058594
2022-06-13,268.88519287109375,15.622713088989258,129.52491760253906,235.4383544921875,103.66999816894531,215.73666381835938,105.59465789794922,163.12054443359375,106.08087921142578,48.2724609375,432.529052734375
2022-06-14,269.3733215332031,15.811418533325195,130.38917541503906,237.60560607910156,102.30999755859375,220.88999938964844,105.91523742675781,162.59425354003906,106.39600372314453,48.51026916503906,434.9677734375
2022-06-15,276.10009765625,16.5013484954834,133.01150512695312,244.67092895507812,107.66999816894531,233.0,108.9413833618164,168.17526245117188,109.5687255859375,49.120174407958984,438.7838134765625
2022-06-16,264.9604187011719,15.576783180236816,127.73743438720703,238.0720977783203,103.66000366210938,213.10000610351562,105.23834991455078,159.75405883789062,105.8421630859375,46.36625671386719,432.0603942871094
2022-06-17,268.18231201171875,15.85534954071045,129.2106170654297,240.6766357421875,106.22000122070312,216.75999450683594,106.34002685546875,162.60415649414062,107.0625228881836,46.50334548950195,427.21142578125
2022-06-21,274.94842529296875,16.540285110473633,133.44366455078125,246.5951385498047,108.68000030517578,237.0366668701172,110.70751953125,155.9605712890625,111.18112182617188,47.37031555175781,442.91546630859375
2022-06-22,274.5473937988281,16.334606170654297,132.9329376220703,246.0023193359375,108.94999694824219,236.086669921875,110.65145111083984,154.76890563964844,111.19998168945312,46.64909362792969,439.9028015136719
2022-06-23,278.6361083984375,16.199813842773438,135.80081176757812,251.57101440429688,112.44000244140625,235.07000732421875,111.40028381347656,157.6487579345703,111.84564208984375,46.69422912597656,454.2869873046875
2022-06-24,288.1832580566406,17.099416732788086,139.1302490234375,260.1621398925781,116.45999908447266,245.7066650390625,117.09030151367188,168.9796142578125,117.65556335449219,47.87055969238281,463.2483825683594
2022-06-27,286.0704040527344,16.84281349182129,139.1302490234375,257.4312744140625,113.22000122070312,244.9199981689453,114.9648666381836,168.3142852783203,115.75432586669922,47.552738189697266,460.7426452636719
2022-06-28,277.354736328125,15.957191467285156,134.98562622070312,249.25802612304688,107.4000015258789,232.663330078125,111.16754913330078,159.5653839111328,111.73348236083984,46.87006759643555,448.17559814453125
2022-06-29,277.6090393066406,15.517871856689453,136.74366760253906,252.93157958984375,108.91999816894531,228.49000549316406,110.86385345458984,162.8027801513672,111.42082214355469,46.11406326293945,449.3519592285156
2022-06-30,274.1658020019531,15.135470390319824,134.2784881591797,249.59812927246094,106.20999908447266,224.47332763671875,108.14588165283203,160.13140869140625,108.55828094482422,45.681514739990234,458.3803405761719
2022-07-01,275.9754333496094,14.500456809997559,136.44903564453125,252.2707061767578,109.55999755859375,227.26333618164062,107.92206573486328,158.91989135742188,108.26896667480469,44.93207931518555,464.5777282714844
2022-07-05,280.7000732421875,14.94076919555664,139.0320587158203,255.4486541748047,113.5,233.06666564941406,112.41364288330078,167.02330017089844,113.0391845703125,44.787269592285156,466.9687194824219
2022-07-06,282.5,15.106513023376465,140.36776733398438,258.7140197753906,114.33000183105469,231.73333740234375,113.71281433105469,168.5923614501953,114.35581970214844,45.380611419677734,471.1673278808594
2022-07-07,288.5451354980469,15.833383560180664,143.73655700683594,260.84234619140625,116.33000183105469,244.5433349609375,117.8922348022461,170.9955291748047,118.41783905029297,46.8785285949707,473.3669738769531
2022-07-08,288.9070739746094,15.81341552734375,144.41419982910156,260.12322998046875,115.54000091552734,250.76333618164062,118.45845794677734,169.6946563720703,119.27393341064453,46.892635345458984,479.669677734375
2022-07-11,282.7347106933594,15.128479957580566,142.28294372558594,257.0618896484375,111.75,234.3433380126953,114.80902862548828,161.7501220703125,115.65505981445312,45.40411376953125,477.14471435546875
2022-07-12,279.99578857421875,15.058588981628418,143.25526428222656,246.52711486816406,109.22000122070312,233.07000732421875,113.16545104980469,162.13742065429688,113.99452209472656,45.263999938964844,469.1780700683594
2022-07-13,279.4186096191406,15.140461921691895,142.89187622070312,245.60389709472656,110.4000015258789,237.0399932861328,110.51844787597656,162.35589599609375,111.35183715820312,45.2978515625,470.75604248046875
2022-07-14,280.41644287109375,15.348138809204102,145.8186492919922,246.92559814453125,110.62999725341797,238.31333923339844,109.53984832763672,156.95361328125,110.61040496826172,45.57148742675781,489.61614990234375
2022-07-15,285.5030517578125,15.737533569335938,147.48829650878906,249.49122619628906,113.55000305175781,240.06666564941406,110.93927764892578,163.5574951171875,111.92752075195312,46.4948844909668,500.1461486816406
2022-07-18,283.0868225097656,16.076005935668945,144.4436798095703,247.0907745361328,113.76000213623047,240.54666137695312,108.21237182617188,166.0699462890625,109.091796875,46.175167083740234,493.7860412597656
2022-07-19,291.7926940917969,16.96562385559082,148.303466796875,252.22216796875,118.20999908447266,245.52999877929688,112.95652770996094,174.5606231689453,113.76673126220703,47.86210250854492,497.5445556640625
2022-07-20,296.4195251464844,17.77935791015625,150.30706787109375,254.8849639892578,122.7699966430664,247.5,113.04585266113281,181.8199462890625,113.84613800048828,48.1225700378418,501.34161376953125
2022-07-21,300.6746520996094,18.0219783782959,152.57577514648438,257.3826599121094,124.62999725341797,271.7066650390625,113.48255920410156,181.89938354492188,114.18360137939453,48.678306579589844,506.3721618652344
2022-07-22,295.4022216796875,17.2921199798584,151.33827209472656,253.0287322998047,122.41999816894531,272.24334716796875,107.09085083007812,168.09580993652344,107.55332946777344,48.19308853149414,506.6207580566406
2022-07-25,293.71966552734375,16.997577667236328,150.21868896484375,251.54183959960938,121.13999938964844,268.4333190917969,106.70378112792969,165.49398803710938,107.40444946289062,48.248573303222656,506.0659484863281
2022-07-26,287.94842529296875,16.50733757019043,148.89276123046875,244.80694580078125,114.80999755859375,258.8599853515625,104.2324447631836,158.04598999023438,104.65507507324219,48.058631896972656,489.6065673828125
2022-07-27,300.1170349121094,17.762386322021484,153.99008178710938,261.1727294921875,120.97000122070312,274.82000732421875,112.21215057373047,168.4036407470703,112.75432586669922,49.62895202636719,499.533935546875
2022-07-28,303.0516357421875,17.956079483032227,154.54006958007812,268.6268310546875,122.27999877929688,280.8999938964844,113.36346435546875,159.6051025390625,113.73694610595703,50.17621994018555,513.6842651367188
2022-07-29,308.5783386230469,18.134807586669922,159.60791015625,272.8348693847656,134.9499969482422,297.1499938964844,115.44770050048828,157.996337890625,115.77168273925781,50.3520622253418,518.5894165039062
2022-08-01,308.3924865722656,18.41237449645996,158.6257781982422,270.1817932128906,135.38999938964844,297.27667236328125,113.99864196777344,158.82058715820312,114.62032318115234,50.43574905395508,523.8682250976562
2022-08-02,307.4730224609375,18.49724006652832,157.15255737304688,267.08154296875,134.16000366210938,300.586669921875,114.26663208007812,159.07879638671875,115.03720092773438,49.950538635253906,520.6588134765625
2022-08-03,315.8463439941406,18.863677978515625,163.16329956054688,274.5161437988281,139.52000427246094,307.39666748046875,117.19451141357422,167.6290740966797,117.89576721191406,51.410858154296875,524.0598754882812
2022-08-04,317.3233642578125,19.18517303466797,162.8489990234375,275.6629638671875,142.57000732421875,308.6333312988281,117.30369567871094,169.3867645263672,117.98509216308594,51.980682373046875,520.486328125
2022-08-05,314.73114013671875,18.959524154663086,162.62278747558594,274.94378662109375,140.8000030517578,288.1700134277344,116.58908081054688,165.95077514648438,117.33993530273438,51.852806091308594,517.98583984375
2022-08-08,313.7138366699219,17.765378952026367,162.15069580078125,272.4267578125,139.41000366210938,290.42333984375,116.42037963867188,169.0690155029297,117.26052856445312,51.29708480834961,519.1641845703125
2022-08-09,310.16302490234375,17.059480667114258,162.19989013671875,274.3509826660156,137.8300018310547,283.3333435058594,115.75538635253906,167.36094665527344,116.62528991699219,50.10005187988281,513.3394165039062
2022-08-10,318.82000732421875,18.068906784057617,166.44866943359375,281.01776123046875,142.69000244140625,294.3566589355469,118.8023681640625,177.10287475585938,119.75184631347656,51.75594711303711,517.1715087890625
2022-08-11,317.0103759765625,17.914148330688477,165.7110137939453,278.93804931640625,140.63999938964844,286.6300048828125,117.94879913330078,176.2587890625,118.92802429199219,51.28767013549805,509.8713073730469
2022-08-12,323.1827087402344,18.679954528808594,169.26145935058594,283.6903381347656,143.5500030517578,300.0299987792969,120.76750946044922,179.24789428710938,121.73695373535156,52.49128723144531,514.6709594726562
2022-08-15,325.79443359375,19.002456665039062,170.33346557617188,285.20648193359375,143.17999267578125,309.32000732421875,121.16451263427734,179.63519287109375,121.9652328491211,52.55992889404297,522.8526611328125
2022-08-16,325.03143310546875,18.849693298339844,170.17613220214844,284.4678039550781,144.77999877929688,306.5633239746094,120.78736114501953,178.2250213623047,121.59799194335938,51.872554779052734,529.8177490234375
2022-08-17,321.32415771484375,18.306537628173828,171.67105102539062,283.7179260253906,142.10000610351562,303.9966735839844,118.65348815917969,173.6370849609375,119.4242935180664,50.644500732421875,532.9794311523438
2022-08-18,322.0968322753906,18.74385643005371,171.27764892578125,282.597900390625,142.3000030517578,302.8699951171875,119.26883697509766,173.4484100341797,119.96028137207031,52.51197052001953,537.424560546875
2022-08-19,315.8169250488281,17.8212890625,168.6910400390625,278.6828918457031,138.22999572753906,296.6666564941406,116.33102416992188,166.79490661621094,117.24066925048828,51.56976318359375,531.264404296875
2022-08-22,307.5023193359375,17.007556915283203,164.80615234375,270.5020446777344,133.22000122070312,289.913330078125,113.38330841064453,161.9189453125,114.21337890625,49.7192268371582,522.5844116210938
2022-08-23,307.248046875,17.15433120727539,164.47178649902344,269.2261962890625,133.6199951171875,296.4533386230469,113.00616455078125,159.99240112304688,113.91560363769531,49.816078186035156,519.3272094726562
2022-08-24,308.13818359375,17.195268630981445,164.76681518554688,268.5931396484375,133.8000030517578,297.0966796875,112.8374252319336,162.12747192382812,113.84613800048828,49.91575241088867,520.4288940429688
2022-08-25,313.586669921875,17.885194778442383,167.22561645507812,271.5733947753906,137.27999877929688,296.07000732421875,115.77523803710938,167.6091766357422,116.82379913330078,51.729618072509766,527.662109375
2022-08-26,300.73333740234375,16.234758377075195,160.92135620117188,261.0941162109375,130.75,288.0899963378906,109.5125503540039,160.6577606201172,110.47145080566406,48.977317810058594,509.50714111328125
2022-08-29,297.7694396972656,15.776471138000488,158.71827697753906,258.30877685546875,129.7899932861328,284.82000732421875,108.59944915771484,158.06585693359375,109.51858520507812,48.34918975830078,508.7790832519531
2022-08-30,294.45330810546875,15.443989753723145,156.2889862060547,256.1076965332031,128.72999572753906,277.70001220703125,108.12305450439453,156.06982421875,109.091796875,47.61668014526367,502.1494445800781
2022-08-31,292.7415466308594,15.070571899414062,154.6268768310547,254.64688110351562,126.7699966430664,275.6099853515625,107.40846252441406,161.79978942871094,108.33744812011719,46.932125091552734,500.1949157714844
2022-09-01,292.8686828613281,13.915366172790527,155.35464477539062,253.60479736328125,127.81999969482422,277.1600036621094,108.91705322265625,164.21292114257812,109.72703552246094,46.26449966430664,506.9683532714844
2022-09-02,288.73095703125,13.625814437866211,153.24017333984375,249.37799072265625,127.51000213623047,270.2099914550781,107.04122161865234,159.20787048339844,107.87094116210938,47.03650665283203,497.3304748535156
2022-09-06,286.6572265625,13.444097518920898,151.9812774658203,246.64134216308594,126.11000061035156,274.4200134277344,106.00902557373047,157.4402313232422,106.67987823486328,46.8465576171875,497.12933349609375
2022-09-07,292.44805908203125,13.696778297424316,153.38768005371094,251.3550567626953,129.47999572753906,283.70001220703125,108.62922668457031,159.27740478515625,109.65754699707031,47.49820327758789,507.4187316894531
2022-09-08,293.9642333984375,13.972434043884277,151.91241455078125,251.77386474609375,129.82000732421875,289.260009765625,107.56725311279297,160.93582153320312,108.60543060302734,48.13760757446289,506.9204406738281
2022-09-09,300.39093017578125,14.368937492370605,154.7744140625,257.5588073730469,133.27000427246094,299.67999267578125,109.82022857666016,167.9766387939453,110.94786834716797,49.12213134765625,514.0675048828125
2022-09-12,303.9613342285156,14.486787796020508,160.73446655273438,259.69171142578125,136.4499969482422,304.4200134277344,110.02865600585938,167.7879638671875,111.0372085571289,49.74837875366211,516.88427734375
2022-09-13,287.2931213378906,13.11451530456543,151.30262756347656,245.4142303466797,126.81999969482422,292.1300048828125,103.5376968383789,152.06777954101562,104.52603149414062,47.35903549194336,488.89013671875
2022-09-14,289.5722351074219,13.111517906188965,152.74835205078125,245.63824462890625,128.5500030517578,302.6099853515625,104.21259307861328,150.4192657470703,105.08187103271484,48.02665710449219,486.6865539550781
2022-09-15,284.7497863769531,12.912765502929688,149.85687255859375,238.9767608642578,126.27999877929688,303.75,102.1382827758789,148.51260375976562,103.12653350830078,47.02897262573242,482.3753356933594
2022-09-16,283.0086669921875,13.181428909301758,148.21441650390625,238.3534698486328,123.52999877929688,303.3500061035156,102.02909088134766,145.27520751953125,102.8585433959961,47.25089645385742,482.9884948730469
2022-09-19,285.2124938964844,13.365196228027344,151.93206787109375,238.13922119140625,124.66000366210938,309.07000732421875,102.29707336425781,146.9932098388672,103.07691192626953,47.18883514404297,485.31658935546875
2022-09-20,282.9390869140625,13.159454345703125,154.31216430664062,236.12318420410156,122.19000244140625,308.7300109863281,100.38154602050781,145.0766143798828,101.07194519042969,46.36323928833008,478.5623474121094
2022-09-21,277.87274169921875,13.244349479675293,151.18460083007812,232.7145233154297,118.54000091552734,300.79998779296875,98.53549194335938,141.13412475585938,99.26549530029297,45.7165641784668,472.3829650878906
2022-09-22,274.4527587890625,12.545228958129883,150.22079467773438,234.69155883789062,117.30999755859375,288.5899963378906,99.3890380859375,141.82928466796875,99.82131958007812,45.28703689575195,466.7305603027344
2022-09-23,269.9841613769531,12.500287055969238,147.94883728027344,231.71139526367188,113.77999877929688,275.3299865722656,97.99954223632812,139.43597412109375,98.4317398071289,44.44028091430664,446.8319091796875
2022-09-26,268.8670349121094,12.212648391723633,148.2832794189453,231.25363159179688,115.1500015258789,276.010009765625,97.4338150024414,135.42401123046875,98.07442474365234,43.831546783447266,460.1488037109375
2022-09-27,268.974853515625,12.397415161132812,149.25692749023438,230.2407989501953,114.41000366210938,282.94000244140625,96.76883697509766,133.4676971435547,97.35977935791016,44.06764221191406,458.2326354980469
2022-09-28,274.3253479003906,12.720009803771973,147.3686065673828,234.77920532226562,118.01000213623047,287.80999755859375,99.29972076416016,140.62767028808594,99.99006652832031,44.182376861572266,467.803466796875
2022-09-29,266.4171447753906,12.204655647277832,140.1300048828125,231.3023681640625,114.80000305175781,268.2099914550781,96.68943786621094,135.46376037597656,97.35977935791016,42.68136978149414,458.8841552734375
2022-09-30,261.8996887207031,12.123757362365723,135.92059326171875,226.8223876953125,113.0,265.25,94.9327163696289,134.73878479003906,95.43421936035156,42.101078033447266,452.45562744140625
2022-10-03,268.0438537597656,12.496289253234863,140.10049438476562,234.45782470703125,115.87999725341797,242.39999389648438,97.90029907226562,137.64846801757812,98.56078338623047,43.31193542480469,457.6865539550781
2022-10-04,276.4714050292969,13.150467872619629,143.6903076171875,242.38543701171875,121.08999633789062,249.44000244140625,100.87779998779297,139.30686950683594,101.64762115478516,45.50037384033203,465.7341003417969
2022-10-05,276.32440185546875,13.192414283752441,143.98536682128906,242.69705200195312,120.94999694824219,240.80999755859375,100.66937255859375,138.0159149169922,101.45903778076172,45.96879577636719,460.1679382324219
2022-10-06,274.14898681640625,13.113515853881836,143.03135681152344,240.34994506835938,120.30000305175781,238.1300048828125,100.6594467163086,138.1053009033203,101.47888946533203,45.46624755859375,462.24688720703125
2022-10-07,263.7027282714844,12.06083869934082,137.7794189453125,228.12744140625,114.55999755859375,223.07000732421875,97.93999481201172,132.5242919921875,98.82876586914062,43.66276168823242,448.5085144042969
2022-10-10,261.0667419433594,11.655345916748047,138.10397338867188,223.26760864257812,113.66999816894531,222.9600067138672,97.12613677978516,132.86190795898438,97.97516632080078,41.50275421142578,446.7456970214844
2022-10-11,257.4800720214844,11.571451187133789,136.68772888183594,219.52786254882812,112.20999908447266,216.5,96.45122528076172,127.64834594726562,97.3200912475586,40.844703674316406,452.21612548828125
2022-10-12,257.39190673828125,11.485560417175293,136.0582733154297,219.85899353027344,112.9000015258789,217.24000549316406,96.82838439941406,126.61553955078125,97.56822967529297,40.826690673828125,446.8127746582031
2022-10-13,263.42840576171875,11.94498348236084,140.631591796875,228.12744140625,112.52999877929688,221.72000122070312,98.317138671875,129.38619995117188,98.96772766113281,41.528358459472656,448.355224609375
2022-10-14,255.51043701171875,11.212902069091797,136.09762573242188,222.59564208984375,106.9000015258789,204.99000549316406,95.83589172363281,125.88069152832031,96.45657348632812,40.49766540527344,435.5747985839844
2022-10-17,263.9477844238281,11.873072624206543,140.06117248535156,231.33160400390625,113.79000091552734,219.35000610351562,99.22032165527344,133.11019897460938,100.02975463867188,41.28183364868164,444.6954650878906
2022-10-18,266.0350036621094,11.951974868774414,141.37905883789062,232.27627563476562,116.36000061035156,220.19000244140625,100.01432037353516,131.87879943847656,100.63522338867188,41.230621337890625,453.4136657714844
2022-10-19,265.06488037109375,12.035868644714355,141.48724365234375,230.30899047851562,115.06999969482422,222.0399932861328,98.88288116455078,132.3057861328125,99.54341125488281,41.27519226074219,451.65087890625
2022-10-20,263.7125549316406,12.178690910339355,141.02500915527344,229.9875946044922,115.25,207.27999877929688,99.22032165527344,130.6175994873047,99.78162384033203,40.801082611083984,445.1265869140625
2022-10-21,269.8959655761719,12.450346946716309,144.8410186767578,235.8018341064453,119.31999969482422,214.44000244140625,100.37162017822266,129.10813903808594,100.72454833984375,42.64344787597656,458.1177062988281
2022-10-24,272.8652648925781,12.583181381225586,146.9850311279297,240.79794311523438,119.81999969482422,211.25,101.7511978149414,128.8201446533203,102.20345306396484,43.28727722167969,476.1193542480469
2022-10-25,278.5096740722656,13.244349479675293,149.82737731933594,244.11892700195312,120.5999984741211,222.4199981689453,103.69649505615234,136.55609130859375,104.14887237548828,43.62388610839844,478.1217041015625
2022-10-26,272.35565185546875,12.87980842590332,146.88671875,225.28366088867188,115.66000366210938,224.63999938964844,94.21812438964844,128.91946411132812,94.11412811279297,43.72913360595703,478.49530029296875
2022-10-27,267.3970642089844,13.159454345703125,142.41171264648438,220.83285522460938,110.95999908447266,225.08999633789062,91.5284423828125,97.2605972290039,91.91065979003906,43.18107604980469,476.5661315917969
2022-10-28,275.5797119140625,13.816631317138672,153.1713104248047,229.7148895263672,103.41000366210938,228.52000427246094,95.56791687011719,98.51185607910156,95.86103057861328,44.840423583984375,490.3197021484375
2022-10-31,272.375244140625,13.480053901672363,150.81088256835938,226.072509765625,102.44000244140625,227.5399932861328,93.80126190185547,92.51376342773438,93.95531463623047,44.57682418823242,481.3265380859375
2022-11-01,269.59222412109375,13.525996208190918,148.16522216796875,222.2158203125,96.79000091552734,227.82000732421875,89.79156494140625,94.53961181640625,89.8262939453125,44.36632537841797,479.84857177734375
2022-11-02,260.3513488769531,13.202401161193848,142.63790893554688,214.35641479492188,92.12000274658203,214.97999572753906,86.31780242919922,89.91194152832031,86.42182922363281,43.240814208984375,464.0602722167969
2022-11-03,255.26541137695312,13.404150009155273,136.58937072753906,208.65908813476562,89.30000305175781,215.30999755859375,82.80435943603516,88.29324340820312,82.86847686767578,42.111507415771484,466.7284851074219
2022-11-04,259.37139892578125,14.138226509094238,136.32339477539062,215.61277770996094,90.9800033569336,207.47000122070312,85.93074035644531,90.16018676757812,86.05457305908203,44.11980056762695,466.8436279296875
2022-11-07,262.2230529785156,14.283044815063477,136.8553924560547,221.9236602783203,90.52999877929688,197.0800018310547,87.82640838623047,96.04906463623047,87.99006652832031,45.06040954589844,468.89752197265625
2022-11-08,264.13397216796875,14.58366584777832,137.42677307128906,222.89755249023438,89.9800033569336,191.3000030517578,88.23332977294922,95.8008041381836,88.24813079833984,45.713714599609375,472.9382019042969
2022-11-09,258.0387268066406,13.758703231811523,132.86557006835938,218.65135192871094,86.13999938964844,177.58999633789062,86.66517639160156,100.76612091064453,86.74937438964844,44.515193939208984,470.2604064941406
2022-11-10,277.07891845703125,15.730224609375,144.6871795654297,236.63938903808594,96.62999725341797,190.72000122070312,93.23554229736328,111.09397888183594,93.46896362304688,48.033023834228516,492.48876953125
2022-11-11,282.18450927734375,16.30649757385254,147.4751739501953,240.66159057617188,100.79000091552734,195.97000122070312,95.68701171875,112.23599243164062,96.0099105834961,49.12534713745117,494.734619140625
2022-11-14,279.7149658203125,16.2745418548584,146.0762481689453,235.24668884277344,98.48999786376953,190.9499969482422,94.98233032226562,113.42767333984375,95.31512451171875,48.66357421875,489.1775207519531
2022-11-15,283.5857849121094,16.64507484436035,147.81007385253906,235.6556854248047,98.94000244140625,194.4199981689453,97.70179748535156,116.26782989501953,97.98509979248047,49.72555923461914,505.2921447753906
2022-11-16,279.7149658203125,15.890024185180664,146.5786895751953,236.08543395996094,97.12000274658203,186.9199981689453,98.10871887207031,112.44454956054688,98.25308227539062,48.52228927612305,503.0269470214844
2022-11-17,279.09765625,15.657316207885742,148.47999572753906,236.03660583496094,94.8499984741211,183.1699981689453,97.62239837646484,110.6768798828125,97.7667236328125,48.55832290649414,500.3493347167969
2022-11-18,279.1074523925781,15.389653205871582,149.04151916503906,235.5873565673828,94.13999938964844,180.19000244140625,96.69937133789062,111.27273559570312,97.07194519042969,48.8475227355957,502.604736328125
2022-11-21,276.2362365722656,15.297770500183105,145.81027221679688,236.3979949951172,92.45999908447266,167.8699951171875,94.8830795288086,109.0979232788086,95.11660766601562,49.063716888427734,502.3168029785156
2022-11-22,280.21478271484375,16.017864227294922,147.947998046875,239.30838012695312,93.19999694824219,169.91000366210938,96.32221984863281,110.66696166992188,96.6054458618164,50.2593994140625,510.5517883300781
2022-11-23,283.0272521972656,16.498258590698242,148.82479858398438,241.798828125,94.12999725341797,183.1999969482422,97.72164916992188,111.4614028930664,98.08434295654297,50.59980010986328,512.9895629882812
2022-11-25,281.1653747558594,16.249568939208984,145.90879821777344,241.71096801757812,93.41000366210938,182.86000061035156,96.72913360595703,110.63716125488281,96.8734359741211,50.24612045288086,512.1928100585938
2022-11-28,277.0397644042969,15.80712890625,142.07659912109375,236.11474609375,93.94999694824219,182.9199981689453,95.32971954345703,108.0254135131836,95.53347778320312,49.5160026550293,509.5631103515625
2022-11-29,274.9426574707031,15.619362831115723,139.0718994140625,234.7181396484375,92.41999816894531,180.8300018310547,94.47616577148438,108.70068359375,94.7295150756836,49.43826675415039,507.68206787109375
2022-11-30,287.4761657714844,16.90607452392578,145.8299560546875,249.18231201171875,96.54000091552734,194.6999969482422,100.23267364501953,117.28075408935547,100.69477844238281,52.24871826171875,517.5580444335938
2022-12-01,287.8289489746094,17.11786651611328,146.10581970214844,248.7427978515625,95.5,194.6999969482422,100.23267364501953,119.60453796386719,100.52604675292969,52.22216796875,483.5916442871094
2022-12-02,286.6824035644531,16.85912322998047,145.6132354736328,249.0651092529297,94.12999725341797,194.86000061035156,99.68679809570312,122.63336944580078,100.07939147949219,51.27871322631836,474.636962890625
2022-12-05,281.87091064453125,16.593387603759766,144.4508056640625,244.35763549804688,91.01000213623047,182.4499969482422,98.73399353027344,121.58072662353516,99.12654113769531,50.31534194946289,469.00311279296875
2022-12-06,276.0304260253906,15.9710111618042,140.7860565185547,239.3962860107422,88.25,179.82000732421875,96.25274658203125,113.328369140625,96.58558654785156,49.858314514160156,461.8048400878906
2022-12-07,274.90350341796875,16.1038818359375,138.84535217285156,238.66378784179688,88.45999908447266,174.0399932861328,94.22804260253906,113.13967895507812,94.44166564941406,49.16421890258789,462.5822448730469
2022-12-08,278.1568908691406,17.151830673217773,140.5299072265625,241.6230010986328,90.3499984741211,173.44000244140625,93.00726318359375,114.52997589111328,93.25060272216797,50.3570671081543,462.0544128417969
2022-12-09,276.3832092285156,16.98399543762207,140.04722595214844,239.6892852783203,89.08999633789062,179.0500030517578,92.13387298583984,115.09600830078125,92.37716674804688,51.65040969848633,463.5899658203125
2022-12-12,279.8522033691406,17.517465591430664,142.3426055908203,246.6137237548828,90.55000305175781,167.82000732421875,92.61026000976562,113.91427612304688,92.86351013183594,52.77971267700195,468.0625305175781
2022-12-13,282.8606262207031,18.053926467895508,143.30801391601562,250.92074584960938,92.48999786376953,160.9499969482422,94.91287231445312,119.31654357910156,95.13645935058594,54.14607238769531,468.5616455078125
2022-12-14,280.76361083984375,17.65632438659668,141.08160400390625,251.21377563476562,91.58000183105469,156.8000030517578,94.35707092285156,120.74653625488281,94.60047912597656,54.46845626831055,464.0698547363281
2022-12-15,271.3364562988281,16.93504524230957,134.47134399414062,243.19541931152344,88.44999694824219,157.6699981689453,90.17862701416016,115.34428405761719,90.52107238769531,52.90962219238281,445.24871826171875
2022-12-16,268.7494812011719,16.554428100585938,132.5109100341797,238.976318359375,87.86000061035156,150.22999572753906,89.58313751220703,118.60153198242188,90.18360900878906,52.71144485473633,442.8876953125
2022-12-19,264.97259521484375,16.23774528503418,130.40272521972656,234.83531188964844,84.91999816894531,149.8699951171875,87.77678680419922,113.68586730957031,88.48634338378906,52.550811767578125,440.1810607910156
2022-12-20,264.766357421875,16.06891632080078,130.33375549316406,236.15379333496094,85.19000244140625,137.8000030517578,88.3524398803711,116.27776336669922,88.9627685546875,52.01443862915039,439.4036865234375
2022-12-21,268.6070251464844,16.4844970703125,133.43690490722656,238.72239685058594,86.7699966430664,137.57000732421875,88.90823364257812,118.92923736572266,89.57815551757812,53.659908294677734,443.4731140136719
2022-12-22,262.0354919433594,15.323659896850586,130.26478576660156,232.6280975341797,83.79000091552734,125.3499984741211,87.10187530517578,116.30755615234375,87.60296630859375,52.88163375854492,440.25787353515625
2022-12-23,262.6248779296875,15.190793991088867,129.90028381347656,233.155517578125,85.25,123.1500015258789,88.56086730957031,117.22118377685547,89.14142608642578,52.81852722167969,444.03936767578125
2022-12-27,258.911865234375,14.106877326965332,128.09750366210938,231.4268341064453,83.04000091552734,109.0999984741211,86.73465728759766,116.0692138671875,87.2754135131836,52.924659729003906,440.05633544921875
2022-12-28,255.49346923828125,14.021963119506836,124.16679382324219,229.05357360839844,81.81999969482422,112.70999908447266,85.37492370605469,114.81796264648438,85.81636810302734,52.09761428833008,434.7680358886719
2022-12-29,261.7212219238281,14.588396072387695,127.68370056152344,235.38221740722656,84.18000030517578,121.81999969482422,87.78670501708984,119.42578887939453,88.28782653808594,53.332908630371094,438.16558837890625
2022-12-30,261.5639953613281,14.599385261535645,127.99897003173828,234.22003173828125,84.0,123.18000030517578,87.568359375,119.50521087646484,88.06947326660156,53.45912170410156,438.1367492675781
2023-01-03,259.79595947265625,14.30068302154541,123.21121215820312,233.98562622070312,85.81999969482422,108.0999984741211,88.4516830444336,123.87470245361328,89.03224182128906,52.918922424316406,435.0462951660156
2023-01-04,261.03363037109375,14.734248161315918,124.4820327758789,223.7503662109375,85.13999938964844,113.63999938964844,87.41949462890625,126.4864501953125,88.04961395263672,53.565250396728516,438.1943664550781
2023-01-05,256.9472351074219,14.250736236572266,123.16194152832031,217.11892700195312,83.12000274658203,110.33999633789062,85.55358123779297,126.05944061279297,86.12405395507812,53.066162109375,432.0806579589844
2023-01-06,264.0394287109375,14.844141006469727,127.69358825683594,219.67774963378906,86.08000183105469,113.05999755859375,86.68502044677734,129.11805725097656,87.50370788574219,56.260528564453125,463.446044921875
2023-01-09,265.74859619140625,15.612371444702148,128.21571350097656,221.8165740966797,87.36000061035156,119.7699966430664,87.35993194580078,128.5718994140625,88.13894653320312,55.15718078613281,459.4917907714844
2023-01-10,267.9980163574219,15.89309024810791,128.78707885742188,223.50619506835938,89.87000274658203,118.8499984741211,87.7569351196289,132.06748962402344,88.5756607055664,54.969783782958984,462.03515625
2023-01-11,272.63446044921875,15.984996795654297,131.50607299804688,230.26461791992188,95.08999633789062,123.22000122070312,90.83367919921875,131.96817016601562,91.57319641113281,55.27668380737305,464.8280944824219
2023-01-12,274.10784912109375,16.49448585510254,131.42726135253906,232.9406280517578,95.2699966430664,123.55999755859375,90.44660949707031,135.76168823242188,91.2258071899414,55.640018463134766,463.0237121582031
2023-01-13,275.9938659667969,16.88210105895996,132.7572021484375,233.64378356933594,98.12000274658203,122.4000015258789,91.42918395996094,136.02975463867188,92.10916900634766,55.35892105102539,465.730224609375
2023-01-17,276.55377197265625,17.684297561645508,133.9196319580078,234.73764038085938,96.05000305175781,131.49000549316406,90.60540771484375,134.42103576660156,91.47393798828125,55.38187026977539,467.1891174316406
2023-01-18,272.9585876464844,17.359621047973633,133.20050048828125,230.30364990234375,95.45999908447266,128.77999877929688,90.43668365478516,132.09725952148438,91.09675598144531,54.90859603881836,460.18280029296875
2023-01-19,270.2768859863281,16.74822998046875,133.25962829589844,226.51426696777344,93.68000030517578,127.16999816894531,92.35221862792969,135.20555114746094,93.21090698242188,53.85017395019531,450.6042175292969
2023-01-20,277.6735534667969,17.8211612701416,135.82098388671875,234.61068725585938,97.25,133.4199981689453,97.28492736816406,138.4031982421875,98.54093170166016,54.573001861572266,460.79705810546875
2023-01-23,283.84234619140625,19.17380714416504,139.01283264160156,236.9156036376953,97.5199966430664,143.75,99.04166412353516,142.27615356445312,100.45655059814453,55.61037826538086,472.7942199707031
2023-01-24,283.2627868652344,19.245731353759766,140.4116973876953,236.38819885253906,96.31999969482422,143.88999938964844,96.96734619140625,142.14706420898438,98.47145080566406,55.935455322265625,472.3143310546875
2023-01-25,282.63409423828125,19.303674697875977,139.75167846679688,234.99159240722656,97.18000030517578,144.42999267578125,94.50594329833984,140.5184326171875,96.0099105834961,55.99760818481445,471.1338195800781
2023-01-26,288.144775390625,19.782197952270508,141.8204803466797,242.20904541015625,99.22000122070312,160.27000427246094,96.78868103027344,146.2781982421875,98.42182922363281,57.23099136352539,478.25531005859375
2023-01-27,291.0130615234375,20.34463119506836,143.7611846923828,242.36529541015625,102.23999786376953,177.89999389648438,98.62482452392578,150.68740844726562,99.96027374267578,56.50530242919922,483.04461669921875
2023-01-30,285.12908935546875,19.14283561706543,140.87472534179688,237.04258728027344,100.55000305175781,166.66000366210938,96.21304321289062,146.03988647460938,97.22081756591797,55.59317398071289,483.0350036621094
2023-01-31,289.40203857421875,19.5174617767334,142.1455535888672,242.02345275878906,103.12999725341797,173.22000122070312,98.09879302978516,147.9365997314453,99.12654113769531,55.93354415893555,490.578857421875
2023-02-01,295.59051513671875,20.922060012817383,143.26861572265625,246.84812927246094,105.1500015258789,181.41000366210938,99.67686462402344,152.05783081054688,100.6749267578125,57.62968826293945,497.0765075683594
2023-02-02,306.19927978515625,21.687288284301758,148.57852172851562,258.4214172363281,112.91000366210938,188.27000427246094,106.93204498291016,187.46055603027344,107.99005126953125,57.918434143066406,503.24896240234375
2023-02-03,300.7573547363281,21.07889747619629,152.2038116455078,252.3173828125,103.38999938964844,189.97999572753906,103.99424743652344,185.23606872558594,104.43670654296875,57.13920593261719,494.9517517089844
2023-02-06,298.21319580078125,21.067913055419922,149.47499084472656,250.7742156982422,102.18000030517578,194.75999450683594,102.12834167480469,184.76931762695312,102.69973754882812,57.491050720214844,495.71124267578125
2023-02-07,304.39190673828125,22.15082359313965,152.35157775878906,261.31231689453125,102.11000061035156,196.80999755859375,106.8327865600586,190.29074096679688,107.2357177734375,58.748348236083984,496.6150817871094
2023-02-08,298.9794006347656,22.182790756225586,149.6621551513672,260.501708984375,100.05000305175781,201.2899932861328,98.62482452392578,182.15756225585938,99.25558471679688,57.5302619934082,484.3854675292969
2023-02-09,296.3370056152344,22.314659118652344,148.62779235839844,257.46429443359375,98.23999786376953,207.32000732421875,94.29751586914062,176.685791015625,94.74935913085938,57.31034851074219,481.3279724121094
2023-02-10,294.39215087890625,21.243732452392578,148.99285888671875,256.9564514160156,97.61000061035156,196.88999938964844,93.8608169555664,172.9419403076172,94.15382385253906,56.72138977050781,480.71270751953125
2023-02-13,299.1071472167969,21.76620864868164,151.79490661621094,264.9844970703125,99.54000091552734,194.63999938964844,93.90050506591797,178.185302734375,94.29279327392578,57.473846435546875,486.92364501953125
2023-02-14,301.3173828125,22.94802474975586,151.153564453125,265.8146057128906,99.69999694824219,209.25,93.9699935913086,178.2349853515625,94.2431640625,57.58761215209961,483.8182067871094
2023-02-15,303.6256103515625,22.741233825683594,153.255126953125,263.69000244140625,101.16000366210938,214.24000549316406,96.21304321289062,175.93106079101562,96.37715148925781,58.102012634277344,491.56744384765625
2023-02-16,297.92828369140625,21.979999542236328,151.65676879882812,256.6698913574219,98.1500015258789,202.0399932861328,94.79376220703125,171.2438201904297,95.06697845458984,57.418392181396484,484.66424560546875
2023-02-17,295.8262939453125,21.36661148071289,150.51226806640625,252.66539001464844,97.19999694824219,208.30999755859375,93.6424560546875,171.68072509765625,93.88583374023438,56.94511032104492,487.9139099121094
2023-02-21,288.8225402832031,20.634340286254883,146.49661254882812,247.38804626464844,94.58000183105469,197.3699951171875,91.1016616821289,170.88632202148438,91.36475372314453,55.60177230834961,482.3952941894531
2023-02-22,289.0386047363281,20.733247756958008,146.92086791992188,246.25233459472656,95.79000091552734,200.86000061035156,90.96270751953125,169.93295288085938,91.11660766601562,55.08834457397461,478.2129821777344
2023-02-23,291.5631408691406,23.64033317565918,147.40431213378906,249.44418334960938,95.81999969482422,202.07000732421875,90.20841217041016,170.84657287597656,90.39204406738281,55.81785202026367,474.1268310546875
2023-02-24,286.68115234375,23.262714385986328,144.75027465820312,244.01019287109375,93.5,196.8800048828125,88.46160888671875,169.20802307128906,88.68485260009766,55.23940658569336,469.771484375
2023-02-27,288.7341613769531,23.477493286132812,145.94410705566406,244.9305419921875,93.76000213623047,207.6300048828125,89.19606018066406,168.3639373779297,89.42927551269531,55.97560501098633,468.25238037109375
2023-02-28,288.36083984375,23.19278335571289,145.44091796875,244.20602416992188,94.2300033569336,205.7100067138672,89.3846435546875,173.72645568847656,89.6277847290039,56.820823669433594,465.51220703125
2023-03-01,286.04266357421875,22.67530059814453,143.36895751953125,241.12188720703125,92.16999816894531,202.77000427246094,89.68238830566406,172.21701049804688,89.83621978759766,56.75197219848633,460.2147521972656
2023-03-02,288.409912109375,23.29068374633789,143.96096801757812,245.8606719970703,92.12999725341797,190.89999389648438,91.31008911132812,173.31932067871094,91.622802734375,57.23767852783203,466.9640808105469
2023-03-03,294.37249755859375,23.86610984802246,149.0125732421875,249.95327758789062,94.9000015258789,197.7899932861328,92.94770812988281,183.96495056152344,93.32008361816406,60.498985290527344,456.93621826171875
2023-03-06,294.70648193359375,23.53044319152832,151.77516174316406,251.5002899169922,93.75,193.80999755859375,94.4166030883789,183.61737060546875,94.86847686767578,60.514278411865234,464.45465087890625
2023-03-07,291.09161376953125,23.268665313720703,149.574951171875,248.8370819091797,93.55000305175781,187.7100067138672,93.15614318847656,183.23007202148438,93.46896362304688,59.77137756347656,466.4448547363281
2023-03-08,292.5454406738281,24.160921096801758,150.8279571533203,248.39654541015625,93.91999816894531,182.0,93.543212890625,183.68687438964844,93.94539642333984,60.45117950439453,467.30059814453125
2023-03-09,287.47686767578125,23.41653823852539,148.57843017578125,247.04539489746094,92.25,172.9199981689453,91.627685546875,180.4296417236328,91.97020721435547,59.519920349121094,461.031982421875
2023-03-10,283.4395751953125,22.9459285736084,146.51637268066406,243.39334106445312,90.7300033569336,173.44000244140625,89.95035552978516,178.26475524902344,90.33248901367188,58.78468322753906,452.9750671386719
2023-03-13,285.54168701171875,22.94692611694336,148.46005249023438,248.61192321777344,92.43000030517578,174.47999572753906,90.42676544189453,179.64511108398438,90.9776611328125,58.941471099853516,453.8018493652344
2023-03-14,292.1034240722656,24.043018341064453,150.55169677734375,255.33834838867188,94.87999725341797,183.25999450683594,93.26531982421875,192.6741180419922,93.54837036132812,60.470298767089844,463.3394470214844
2023-03-15,293.6357421875,24.207881927490234,150.94638061523438,259.89111328125,96.19999694824219,180.4499969482422,95.38926696777344,196.3782196044922,95.83125305175781,59.856475830078125,466.93524169921875
2023-03-16,301.3761901855469,25.519792556762695,153.76817321777344,270.4262390136719,100.04000091552734,184.1300048828125,99.56769561767578,203.50843811035156,100.31759643554688,60.856571197509766,468.4735412597656
2023-03-17,299.9518737792969,25.70363998413086,152.9295196533203,273.5886535644531,98.94999694824219,180.1300048828125,100.85795593261719,194.25306701660156,101.69725799560547,60.32783889770508,468.27166748046875
2023-03-20,301.0163879394531,25.878490447998047,155.29745483398438,266.5392150878906,97.70999908447266,183.25,100.46094512939453,196.4378204345703,101.17118835449219,61.54592514038086,470.4252624511719
2023-03-21,305.3155822753906,26.177244186401367,157.15235900878906,268.0567626953125,100.61000061035156,197.5800018310547,104.1332015991211,200.75765991210938,105.05208587646484,61.31866455078125,471.9251403808594
2023-03-22,301.1639404296875,26.446020126342773,155.7217254638672,266.59796142578125,98.69999694824219,191.14999389648438,102.59481811523438,198.4239501953125,103.44416046142578,60.75722885131836,468.7235107421875
2023-03-23,304.7351989746094,27.16842269897461,156.80702209472656,271.85565185546875,98.70999908447266,192.22000122070312,104.80810546875,202.86294555664062,105.46896362304688,61.55747985839844,468.9542236328125
2023-03-24,305.8567199707031,26.756759643554688,158.10939025878906,274.7048034667969,98.12999725341797,190.41000366210938,104.6493148803711,204.5809326171875,105.27044677734375,61.2628059387207,476.1746826171875
2023-03-27,303.76123046875,26.508970260620117,156.1657257080078,270.6024475097656,98.04000091552734,191.80999755859375,101.69164276123047,201.43292236328125,102.29279327392578,60.36433792114258,474.2037048339844
2023-03-28,302.14776611328125,26.3880672454834,155.54415893554688,269.47650146484375,97.23999786376953,189.19000244140625,100.27236938476562,199.28790283203125,100.60543823242188,60.15824890136719,468.00238037109375
2023-03-29,307.6570739746094,26.961591720581055,158.6224365234375,274.6461181640625,100.25,193.8800048828125,100.6296615600586,203.92550659179688,101.14142608642578,60.23529052734375,471.9443664550781
2023-03-30,310.56915283203125,27.360260009765625,160.19122314453125,278.1120910644531,102.0,195.27999877929688,100.1334228515625,206.39822387695312,100.56574249267578,61.02976608276367,472.5308532714844
2023-03-31,315.734130859375,27.753934860229492,162.69732666015625,282.273193359375,103.29000091552734,207.4600067138672,102.95211791992188,210.4698028564453,103.22579193115234,61.77993392944336,477.7129821777344
2023-04-03,314.966796875,27.941774368286133,163.9503173828125,281.22564697265625,102.41000366210938,194.77000427246094,103.57740020751953,211.5919647216797,104.12901306152344,61.86949157714844,477.8668518066406
2023-04-04,313.9042663574219,27.43020248413086,163.41754150390625,281.1766357421875,103.94999694824219,192.5800018310547,103.93470001220703,213.23052978515625,104.33745574951172,61.09332275390625,478.53985595703125
2023-04-05,310.8052978515625,26.85867691040039,161.57254028320312,278.39599609375,101.0999984741211,185.52000427246094,103.68657684326172,210.01300048828125,104.16871643066406,60.573307037353516,477.96307373046875
2023-04-06,312.9007873535156,27.01454734802246,162.46051025390625,285.5042419433594,102.05999755859375,185.05999755859375,107.60694885253906,214.6009521484375,108.08930969238281,59.959877014160156,467.24285888671875
2023-04-10,312.7237243652344,27.556100845336914,159.86563110351562,283.3404235839844,102.16999816894531,184.50999450683594,105.64179992675781,213.26031494140625,106.1538314819336,60.41729736328125,474.7901916503906
2023-04-11,310.71673583984375,27.146442413330078,158.65206909179688,276.9175720214844,99.91999816894531,186.7899932861328,104.55997467041016,212.36656188964844,105.33000183105469,59.856834411621094,479.4244689941406
2023-04-12,307.9719543457031,26.47300148010254,157.96142578125,277.56378173828125,97.83000183105469,180.5399932861328,103.85530090332031,212.51547241210938,104.43670654296875,59.387847900390625,470.48297119140625
2023-04-13,314.0027160644531,26.441022872924805,163.34848022460938,283.7810363769531,102.4000015258789,185.89999389648438,106.62437438964844,218.82144165039062,107.38459777832031,60.113948822021484,478.6936950683594
2023-04-14,313.41241455078125,26.735774993896484,163.00315856933594,280.1584167480469,102.51000213623047,185.0,108.05357360839844,219.9535369873047,108.6451416015625,59.661338806152344,472.3577880859375
2023-04-17,313.677978515625,26.979578018188477,163.02288818359375,282.7628173828125,102.73999786376953,187.0399932861328,105.17532348632812,217.34182739257812,105.62776947021484,60.414405822753906,474.89599609375
2023-04-18,313.69769287109375,27.644025802612305,164.24630737304688,282.3417053222656,102.30000305175781,184.30999755859375,103.71635437011719,216.37852478027344,104.33745574951172,60.89204406738281,477.74188232421875
2023-04-19,313.5501403808594,27.907806396484375,165.39080810546875,282.42010498046875,104.30000305175781,180.58999633789062,103.39874267578125,214.20372009277344,104.23819732666016,61.101985931396484,476.9054260253906
2023-04-20,311.1595153808594,27.08149528503418,164.42388916015625,280.1290283203125,103.80999755859375,162.99000549316406,104.50042724609375,211.5919647216797,105.11164093017578,60.9594612121582,486.0872497558594
2023-04-21,311.4841003417969,27.096479415893555,162.81568908691406,279.786376953125,106.95999908447266,165.0800018310547,104.6195297241211,211.41319274902344,105.12158203125,60.94790267944336,486.8275146484375
2023-04-24,310.8348388671875,27.01954460144043,163.12155151367188,275.8797302246094,106.20999908447266,162.5500030517578,105.17532348632812,211.31390380859375,105.98509216308594,61.1058349609375,491.7020568847656
2023-04-25,304.9713134765625,26.219207763671875,161.58238220214844,269.6624755859375,102.56999969482422,160.6699981689453,103.07121276855469,206.11024475097656,103.83125305175781,59.90016555786133,483.7701416015625
2023-04-26,306.8208312988281,26.933616638183594,161.57254028320312,289.1954345703125,104.9800033569336,153.75,102.93226623535156,207.94740295410156,103.67244720458984,59.3387451171875,475.5882873535156
2023-04-27,315.1635437011719,27.20339012145996,166.16038513183594,298.4576721191406,109.81999969482422,160.19000244140625,106.78317260742188,236.90513610839844,107.56326293945312,59.55252456665039,481.943359375
2023-04-28,317.33782958984375,27.72595977783203,167.41342163085938,300.8368835449219,105.44999694824219,164.30999755859375,106.53504943847656,238.65293884277344,107.41436767578125,60.33159637451172,483.8182067871094
2023-05-01,316.9737548828125,28.88599395751953,167.3246612548828,299.17242431640625,102.05000305175781,161.8300018310547,106.3960952758789,241.49307250976562,106.90817260742188,61.4342155456543,474.5594787597656
2023-05-02,314.20928955078125,28.186573028564453,166.28868103027344,299.0255432128906,103.62999725341797,160.30999755859375,104.53019714355469,237.5803985595703,105.19105529785156,58.967987060546875,475.7324523925781
2023-05-03,312.1531066894531,27.778913497924805,165.21322631835938,298.03668212890625,103.6500015258789,160.61000061035156,104.6195297241211,235.38577270507812,105.33000183105469,59.05080795288086,471.16552734375
2023-05-04,311.0512390136719,27.539113998413086,163.5753936767578,299.0255432128906,104.0,161.1999969482422,103.90493774414062,231.90011596679688,104.4267807006836,58.758052825927734,472.4180908203125
2023-05-05,317.6625061035156,28.65618324279785,171.25149536132812,304.1560363769531,105.66000366210938,170.05999755859375,104.7783203125,231.1652374267578,105.4242935180664,60.68019485473633,480.8194274902344
2023-05-08,318.449462890625,29.126789093017578,171.1824188232422,302.1978454589844,105.83000183105469,171.7899932861328,106.96182250976562,231.65184020996094,107.4342269897461,60.57810974121094,480.8194274902344
2023-05-09,316.43267822265625,28.54727554321289,169.4755401611328,300.5823669433594,106.62000274658203,169.14999389648438,106.54497528076172,231.75115966796875,107.13646697998047,59.56216049194336,482.48614501953125
2023-05-10,319.87603759765625,28.86101531982422,171.2416229248047,305.78131103515625,110.19000244140625,168.5399932861328,110.9119873046875,231.46315002441406,111.44414520263672,60.3094367980957,481.3974609375
2023-05-11,320.91888427734375,28.55426788330078,171.42906188964844,303.6273193359375,112.18000030517578,172.0800018310547,115.69583892822266,234.1543426513672,116.02975463867188,60.44425964355469,483.5458984375
2023-05-12,319.7677917480469,28.316465377807617,170.50035095214844,302.5111389160156,110.26000213623047,167.97999572753906,116.6287841796875,232.18807983398438,117.04216766357422,60.779388427734375,485.6462707519531
2023-05-15,321.4992980957031,28.928956985473633,170.00634765625,302.99090576171875,111.19999694824219,166.35000610351562,115.63629150390625,237.20306396484375,116.08930969238281,61.612369537353516,483.6904602050781
2023-05-16,321.86334228515625,29.18874168395996,170.00634765625,305.2232360839844,113.4000015258789,166.52000427246094,118.6137924194336,237.16334533691406,119.19600677490234,61.770301818847656,478.0157165527344
2023-05-17,325.7591857910156,30.152938842773438,170.61891174316406,308.1080627441406,115.5,173.86000061035156,119.93380737304688,240.8079071044922,120.5756607055664,63.31398010253906,476.90777587890625
2023-05-18,331.8095703125,31.651695251464844,172.95059204101562,312.54327392578125,118.1500015258789,176.88999938964844,121.90888977050781,245.1376495361328,122.60047149658203,65.28137969970703,479.8944396972656
2023-05-19,331.0619201660156,31.238037109375,173.0592803955078,312.3666687011719,116.25,180.13999938964844,121.83941650390625,243.93603515625,122.33248138427734,65.70028686523438,478.3721923828125
2023-05-22,332.17364501953125,31.150114059448242,172.11077880859375,315.1533508300781,115.01000213623047,188.8699951171875,124.11223602294922,246.59744262695312,124.93297576904297,65.32664489746094,473.8921813964844
2023-05-23,327.962890625,30.662517547607422,169.50244140625,309.344482421875,114.98999786376953,185.77000427246094,121.64090728759766,245.02842712402344,122.3721923828125,66.10955047607422,467.1480407714844
2023-05-24,326.2806091308594,30.51264190673828,169.7790985107422,307.9609069824219,116.75,182.89999389648438,119.99337005615234,247.48126220703125,120.7344741821289,65.4383544921875,465.1151123046875
2023-05-25,334.219970703125,37.94846725463867,170.91531372070312,319.8044128417969,115.0,184.47000122070312,122.55401611328125,250.93711853027344,123.42430114746094,70.18301391601562,468.7666320800781
2023-05-26,342.7593688964844,38.91365432739258,173.32603454589844,326.64361572265625,120.11000061035156,193.1699981689453,123.67554473876953,260.2222595214844,124.49625396728516,78.26542663574219,488.7196960449219
2023-05-30,344.3138122558594,40.077693939208984,175.1736297607422,324.9951171875,121.66000366210938,201.16000366210938,122.74259185791016,260.69891357421875,123.7121353149414,77.36117553710938,489.4615173339844
2023-05-31,342.3560791015625,37.802581787109375,175.12420654296875,322.22808837890625,120.58000183105469,203.92999267578125,121.94859313964844,262.8836669921875,122.45159912109375,77.80608367919922,492.8624572753906
2023-06-01,346.31103515625,39.736976623535156,177.9301300048828,326.3393859863281,122.7699966430664,207.52000427246094,122.7922134399414,270.7189025878906,123.44416046142578,76.07173156738281,493.8644104003906
2023-06-02,348.908203125,39.29434585571289,178.7798309326172,329.10650634765625,124.25,213.97000122070312,123.7350845336914,270.7189025878906,124.29776000976562,78.19513702392578,493.8548889160156
2023-06-05,349.1541748046875,39.13847351074219,177.42626953125,329.6363830566406,125.30000305175781,217.61000061035156,125.06504821777344,269.5074462890625,125.68733215332031,77.26102447509766,499.3078918457031
2023-06-06,349.0951843261719,38.62189865112305,177.0607147216797,327.41876220703125,126.61000061035156,221.30999755859375,126.35527801513672,269.2392272949219,126.95780181884766,76.07655334472656,497.3907470703125
2023-06-07,343.1726379394531,37.447750091552734,175.68740844726562,317.31201171875,121.2300033569336,224.57000732421875,121.58135986328125,261.7714538574219,122.02479553222656,76.3298110961914,492.5445556640625
2023-06-08,347.4325256347656,38.48200225830078,178.40438842773438,319.1567687988281,124.25,234.86000061035156,121.22406768798828,262.7446594238281,121.75680541992188,77.4439926147461,501.08074951171875
2023-06-09,348.76068115234375,38.741817474365234,178.7897186279297,320.6580810546875,123.43000030517578,244.39999389648438,121.31338500976562,263.112060546875,121.95531463623047,77.48444366455078,498.3734436035156
2023-06-12,354.6537170410156,39.45329666137695,181.5857696533203,325.62310791015625,126.56999969482422,249.8300018310547,122.71280670166016,269.16973876953125,123.42430114746094,82.37067413330078,501.9285583496094
2023-06-13,357.3788757324219,40.9921760559082,181.11154174804688,328.0173645019531,126.66000366210938,258.7099914550781,122.90139770507812,269.4378967285156,123.50370025634766,81.96236419677734,502.94012451171875
2023-06-14,359.9761047363281,42.96574783325195,181.74386596679688,331.0101013183594,126.41999816894531,256.7900085449219,122.74259185791016,271.45379638671875,123.45407104492188,85.33860778808594,507.9309387207031
2023-06-15,364.2655334472656,42.62199401855469,183.77914428710938,341.5682373046875,127.11000061035156,255.89999389648438,124.15193176269531,279.8749694824219,124.85357666015625,85.07379913330078,509.83843994140625
2023-06-16,361.97320556640625,42.66095733642578,182.70220947265625,335.9064636230469,125.48999786376953,260.5400085449219,122.6036376953125,279.0507507324219,123.1364517211914,83.5984878540039,504.5106201171875
2023-06-20,361.455078125,43.77614974975586,182.7911376953125,331.706787109375,125.77999877929688,274.45001220703125,122.1768569946289,282.357666015625,122.92800903320312,83.59078979492188,500.70501708984375
2023-06-21,356.5292663574219,43.01370620727539,181.7537384033203,327.301025390625,124.83000183105469,259.4599914550781,119.64598846435547,279.6863098144531,120.35730743408203,82.06405639648438,500.6277770996094
2023-06-22,360.73590087890625,42.993717193603516,184.75726318359375,333.3356018066406,130.14999389648438,264.6099853515625,122.22649383544922,282.9038391113281,122.9478759765625,81.55773162841797,505.0404968261719
2023-06-23,357.1597900390625,42.178314208984375,184.4410858154297,328.733642578125,129.3300018310547,256.6000061035156,121.42256164550781,286.72711181640625,122.10419464111328,79.59435272216797,505.2718200683594
2023-06-26,352.3718566894531,40.60246658325195,183.04800415039062,322.43414306640625,127.33000183105469,241.0500030517578,117.45256042480469,276.53826904296875,118.20346069335938,79.54401397705078,504.2889404296875
2023-06-27,358.43060302734375,41.84555435180664,185.8045654296875,328.2921142578125,129.17999267578125,250.2100067138672,117.4426498413086,285.0587463378906,118.1240463256836,82.13569641113281,510.94647216796875
2023-06-28,359.13006591796875,41.08710479736328,186.98028564453125,329.5480651855469,129.0399932861328,256.239990234375,119.27875518798828,283.31103515625,120.17863464355469,82.0911636352539,513.326171875
2023-06-29,358.41094970703125,40.792320251464844,187.3162384033203,328.76312255859375,127.9000015258789,257.5,118.20686340332031,279.5770568847656,119.1166000366211,83.50753021240234,512.2567138671875
2023-06-30,363.9377136230469,42.27124786376953,191.64369201660156,334.1500549316406,130.36000061035156,261.7699890136719,118.8023681640625,284.9892578125,120.0694580078125,83.97803497314453,518.7022094726562
2023-07-03,364.79473876953125,42.38216018676758,190.1518096923828,331.6479187011719,130.22000122070312,279.82000732421875,119.00086212158203,284.035888671875,119.66250610351562,84.85032653808594,521.264892578125
2023-07-05,364.7849426269531,42.28623580932617,189.0353546142578,331.804931640625,130.3800048828125,282.4800109863281,120.83699035644531,292.3280029296875,121.71708679199219,83.43878173828125,521.3517456054688
2023-07-06,362.00677490234375,42.072391510009766,189.50958251953125,334.8663635253906,128.36000061035156,276.5400085449219,119.20928192138672,289.9645080566406,120.02975463867188,82.09697723388672,517.7291870117188
2023-07-07,360.80487060546875,42.472103118896484,188.3931427001953,330.8923645019531,129.77999877929688,274.42999267578125,118.58402252197266,288.5146179199219,119.24564361572266,81.97596740722656,505.8594055175781
2023-07-10,360.9230651855469,42.14933776855469,186.3479766845703,325.6034851074219,127.12999725341797,269.6099853515625,115.57673645019531,292.0598449707031,115.99998474121094,84.97521209716797,507.74774169921875
2023-07-11,362.70623779296875,42.37416458129883,185.82432556152344,326.2315368652344,128.77999877929688,269.7900085449219,116.26155853271484,296.2208251953125,116.83372497558594,85.3934326171875,510.28167724609375
2023-07-12,367.2872314453125,43.870079040527344,187.4940643310547,330.87274169921875,130.8000030517578,271.989990234375,118.03813171386719,307.19415283203125,118.7295150756836,86.15825653076172,518.336181640625
2023-07-13,373.52325439453125,45.94357681274414,188.25482177734375,336.23028564453125,134.3000030517578,277.8999938964844,123.60607147216797,311.2359619140625,123.90071868896484,86.19795227050781,518.7697143554688
2023-07-14,373.4444885253906,45.43594741821289,188.40301513671875,338.76190185546875,134.67999267578125,281.3800048828125,124.4794692993164,306.7273864746094,124.76424407958984,86.0256118774414,526.7181396484375
2023-07-17,376.9319152832031,46.427215576171875,191.66343688964844,339.24267578125,133.55999755859375,290.3800048828125,123.71524047851562,308.46527099609375,124.1290054321289,88.13323211669922,532.7493896484375
2023-07-18,380.0154113769531,47.45946502685547,191.4065704345703,352.7445068359375,132.8300018310547,293.3399963378906,122.8319091796875,309.8853454589844,123.15631103515625,87.46328735351562,533.3563232421875
2023-07-19,379.92681884765625,47.04277038574219,192.76014709472656,348.41717529296875,135.36000061035156,291.260009765625,121.1148910522461,313.8179016113281,121.86598205566406,87.26386260986328,533.857177734375
2023-07-20,371.16876220703125,45.48690414428711,190.8137664794922,340.361328125,129.9600067138672,262.8999938964844,118.30611419677734,300.4214172363281,118.64017486572266,86.00239562988281,536.6031494140625
2023-07-21,370.05548095703125,44.27678680419922,189.63803100585938,337.3194580078125,130.0,260.0199890136719,119.11995697021484,292.21875,119.41436767578125,86.81656646728516,537.4702758789062
2023-07-24,370.64666748046875,44.579566955566406,190.43832397460938,338.6343078613281,128.8000030517578,269.05999755859375,120.61864471435547,289.58709716796875,120.97269439697266,87.28514862060547,543.3184204101562
2023-07-25,373.1587219238281,45.64579391479492,191.29786682128906,344.3941955566406,129.1300048828125,265.2799987792969,121.29354095458984,292.4273376464844,121.87592315673828,88.87287139892578,544.5323486328125
2023-07-26,371.91741943359375,45.4189567565918,192.1673126220703,331.4320373535156,128.14999389648438,264.3500061035156,128.30059814453125,296.49884033203125,128.6947784423828,86.46222686767578,545.4765014648438
2023-07-27,371.0307922363281,45.86663055419922,190.9026641845703,324.5143737792969,128.25,255.7100067138672,128.42959594726562,309.54766845703125,128.90321350097656,86.50484466552734,541.295166015625
2023-07-28,377.78900146484375,46.71601104736328,193.48133850097656,332.0207824707031,132.2100067138672,266.44000244140625,131.5857696533203,323.22222900390625,132.01983642578125,87.11087799072266,542.7306518554688
2023-07-31,377.98602294921875,46.69502258300781,194.0939483642578,329.6167907714844,133.67999267578125,267.42999267578125,131.72471618652344,316.3899230957031,132.1190948486328,87.00052642822266,540.1774291992188
2023-08-01,377.1092224121094,46.47318649291992,193.26400756835938,330.0289001464844,131.69000244140625,261.07000732421875,130.56350708007812,320.47137451171875,130.9081573486328,89.06746673583984,535.1676025390625
2023-08-02,368.8338928222656,44.236820220947266,190.27035522460938,321.3547668457031,128.2100067138672,254.11000061035156,127.41726684570312,312.1296691894531,127.68235778808594,86.38577270507812,532.16162109375
2023-08-03,368.2428283691406,44.482635498046875,188.87728881835938,320.530517578125,128.91000366210938,259.32000732421875,127.48674011230469,311.0174865722656,127.8114013671875,85.6771011352539,537.3064575195312
2023-08-04,366.51873779296875,44.64751434326172,179.807373046875,321.6295471191406,139.57000732421875,253.86000061035156,127.14929962158203,308.5745544433594,127.58309173583984,85.3547134399414,531.8628540039062
2023-08-07,369.6220397949219,45.38398361206055,176.70504760742188,323.915771484375,142.22000122070312,251.4499969482422,130.54364013671875,314.3641052246094,130.9578094482422,86.84659576416016,538.0
2023-08-08,366.4793395996094,44.63154220581055,177.64364624023438,319.9319763183594,139.94000244140625,249.6999969482422,130.4146270751953,310.4712829589844,130.85853576660156,85.50089263916016,535.7937622070312
2023-08-09,362.4500427246094,42.5230598449707,176.05294799804688,316.1836242675781,137.85000610351562,242.19000244140625,128.6876678466797,303.0928039550781,129.1811065673828,82.36126708984375,539.2429809570312
2023-08-10,363.11993408203125,42.3571891784668,175.83558654785156,316.8704528808594,138.55999755859375,245.33999633789062,128.71746826171875,303.6191101074219,129.24066162109375,81.60323333740234,540.9674682617188
2023-08-11,360.80487060546875,40.825294494628906,175.8949432373047,314.9865417480469,138.41000366210938,242.64999389648438,128.58839416503906,299.5475769042969,129.20094299316406,80.33111572265625,542.3838500976562
2023-08-14,364.8539123535156,43.721187591552734,177.54714965820312,317.95965576171875,140.57000732421875,239.75999450683594,130.34515380859375,304.0660095214844,130.84861755371094,82.68753814697266,540.9483032226562
2023-08-15,360.9821472167969,43.90805435180664,175.55856323242188,315.820556640625,137.6699981689453,232.9600067138672,128.80677795410156,299.8553771972656,129.3002471923828,81.5664291381836,538.0964965820312
2023-08-16,357.1597900390625,43.454383850097656,174.68795776367188,315.0536193847656,135.07000732421875,225.60000610351562,127.73487854003906,292.2485656738281,128.1488494873047,80.6438217163086,538.6165771484375
2023-08-17,353.25848388671875,43.31248474121094,172.1453399658203,311.5923767089844,133.97999572753906,219.22000122070312,128.9457244873047,283.11236572265625,129.4888153076172,80.07359313964844,527.1130981445312
2023-08-18,352.81524658203125,43.26751708984375,172.630126953125,311.19903564453125,133.22000122070312,215.49000549316406,126.5041732788086,281.2851257324219,127.15630340576172,79.95160675048828,525.0224609375
2023-08-21,358.49957275390625,46.932857513427734,173.96571350097656,316.5089416503906,134.67999267578125,231.27999877929688,127.40734100341797,287.8890075683594,127.97022247314453,83.75633239746094,523.3556518554688
2023-08-22,357.9873352050781,45.634796142578125,175.34092712402344,317.0792236328125,134.25,233.19000244140625,128.1120147705078,285.60498046875,128.72451782226562,82.85114288330078,518.6925659179688
2023-08-23,363.63226318359375,47.08175277709961,179.18943786621094,321.54351806640625,135.52000427246094,236.86000061035156,131.37733459472656,292.1988830566406,132.2183380126953,84.86386108398438,521.0916137695312
2023-08-24,355.8593444824219,47.12870788574219,174.49998474121094,314.6307678222656,131.83999633789062,230.0399932861328,128.80677795410156,284.7608337402344,129.44911193847656,82.72238159179688,513.243896484375
2023-08-25,358.6177978515625,45.98454666137695,176.7062225341797,317.59051513671875,133.25999450683594,238.58999633789062,128.90602111816406,283.5195007324219,129.7171173095703,82.46678924560547,515.4640502929688
2023-08-28,361.317138671875,46.80094909667969,178.2693634033203,318.29852294921875,133.13999938964844,238.82000732421875,130.02752685546875,288.24652099609375,130.80889892578125,83.36328125,517.5682983398438
2023-08-29,369.208251953125,48.748531341552734,182.15745544433594,322.9299621582031,134.91000366210938,257.17999267578125,133.5608673095703,295.9228820800781,134.48138427734375,86.15630340576172,523.9197998046875
2023-08-30,371.2672119140625,49.22818374633789,185.6498565673828,323.3035888671875,135.07000732421875,256.8999938964844,134.8610076904297,293.0529479980469,135.91062927246094,86.38381958007812,523.4275512695312
2023-08-31,372.3804931640625,49.319122314453125,185.86749267578125,322.29083251953125,138.00999450683594,258.0799865722656,135.14886474609375,293.8375244140625,136.32749938964844,89.34725952148438,530.2036743164062
2023-09-01,371.9864196777344,48.47373580932617,187.44053649902344,323.17578125,138.1199951171875,245.00999450683594,134.64268493652344,294.32403564453125,135.78160095214844,84.4708023071289,525.3483276367188
2023-09-05,372.45928955078125,48.5127067565918,187.67799377441406,327.984130859375,137.27000427246094,256.489990234375,134.75186157226562,298.06793212890625,135.6923065185547,84.43693542480469,525.8117065429688
2023-09-06,369.1786804199219,47.03065872192383,180.96034240722656,327.32537841796875,135.36000061035156,251.9199981689453,133.45166015625,297.0947265625,134.3622589111328,84.44660949707031,527.70361328125
2023-09-07,366.5384521484375,46.2111930847168,175.6673583984375,324.4049377441406,137.85000610351562,251.49000549316406,134.24566650390625,296.59820556640625,135.1860809326172,82.97119903564453,529.5667114257812
2023-09-08,367.05072021484375,45.54261779785156,176.28079223632812,328.692138671875,138.22999572753906,248.5,135.35728454589844,295.8235778808594,136.1786346435547,83.02153015136719,532.0474853515625
2023-09-11,371.3756103515625,45.14887619018555,177.44821166992188,332.3009338378906,143.10000610351562,273.5799865722656,135.89321899414062,305.42645263671875,136.71461486816406,83.17546844482422,539.3738403320312
2023-09-12,367.25762939453125,44.84107208251953,174.42083740234375,326.2338562011719,141.22999572753906,267.4800109863281,134.32505798339844,299.5674133300781,135.0570526123047,81.76007080078125,539.3834228515625
2023-09-13,368.65655517578125,45.45568084716797,172.3531036376953,330.4523010253906,144.85000610351562,271.29998779296875,135.684814453125,302.9438171386719,136.4763946533203,82.5742416381836,540.31982421875
2023-09-14,371.6711730957031,45.55161666870117,173.86679077148438,333.04827880859375,144.72000122070312,276.0400085449219,137.0643768310547,309.5576477050781,137.95530700683594,84.38562774658203,545.1558227539062
2023-09-15,365.3070373535156,43.87169647216797,173.1445770263672,324.7096862792969,140.38999938964844,274.3900146484375,136.36962890625,298.2268371582031,137.2704620361328,82.45323944091797,537.0379028320312
2023-09-18,365.68780517578125,43.93765640258789,176.07302856445312,323.569091796875,139.97999572753906,265.2799987792969,137.17356872558594,300.4512634277344,137.92555236816406,82.29059600830078,543.1769409179688
2023-09-19,364.9084777832031,43.491939544677734,177.1613006591797,323.16595458984375,137.6300048828125,266.5,137.0048370361328,302.95379638671875,137.79649353027344,82.21315002441406,544.750244140625
2023-09-20,359.6499328613281,42.21177291870117,173.6194610595703,315.4174499511719,135.2899932861328,262.5899963378906,132.73709106445312,297.5912170410156,133.58807373046875,80.84746551513672,544.24853515625
2023-09-21,353.0595397949219,40.99055480957031,172.07606506347656,314.19818115234375,129.3300018310547,255.6999969482422,129.46185302734375,293.6785888671875,130.38211059570312,78.68556213378906,535.8024291992188
2023-09-22,353.1088562011719,41.58317565917969,172.92691040039062,311.7201843261719,129.1199951171875,244.8800048828125,129.27325439453125,297.00531005859375,130.27293395996094,80.70242309570312,539.1903686523438
2023-09-25,354.7860412597656,42.19477844238281,174.2031707763672,312.2413330078125,131.27000427246094,246.99000549316406,130.12680053710938,298.7431640625,131.18606567382812,81.1706314086914,539.2193603515625
2023-09-26,349.45849609375,41.88398361206055,170.12710571289062,306.9314880371094,125.9800033569336,244.1199951171875,127.60585021972656,296.8861389160156,128.486328125,79.4477310180664,533.7559814453125
2023-09-27,350.27740478515625,42.440616607666016,168.6133575439453,307.570556640625,125.9800033569336,240.5,129.5610809326172,295.6745910644531,130.4813690185547,79.50807189941406,543.9588012695312
2023-09-28,353.2075500488281,43.061222076416016,168.87062072753906,308.40643310546875,125.9800033569336,246.3800048828125,131.3177947998047,301.8514404296875,132.13893127441406,80.98666381835938,548.8817138671875
2023-09-29,353.46405029296875,43.47095489501953,169.3850860595703,310.481201171875,127.12000274658203,250.22000122070312,129.878662109375,298.1274108886719,130.8684844970703,80.84844970703125,545.339111328125
2023-10-02,356.4139404296875,44.75312805175781,171.89797973632812,316.4302062988281,129.4600067138672,251.60000610351562,133.16384887695312,304.6916198730469,134.1637420654297,81.27381896972656,551.4686279296875
2023-10-03,350.1590270996094,43.48893737792969,170.5623779296875,308.16058349609375,124.72000122070312,246.52999877929688,131.43690490722656,298.8524169921875,132.30767822265625,79.31535339355469,545.4163818359375
2023-10-04,354.9242248535156,44.01261520385742,171.8089599609375,313.63763427734375,127.0,261.1600036621094,134.22586059570312,303.4602355957031,135.25555419921875,80.189453125,551.9415893554688
2023-10-05,353.87841796875,44.6591911315918,173.04563903808594,314.0309753417969,125.95999908447266,260.04998779296875,134.05709838867188,302.67572021484375,134.9776611328125,80.19432067871094,549.74072265625
2023-10-06,359.8078308105469,45.73249435424805,175.59812927246094,321.79913330078125,127.95999908447266,260.5299987792969,136.5482940673828,313.24188232421875,137.697265625,82.27738189697266,538.1672973632812
2023-10-09,361.6427917480469,45.243812561035156,177.08216857910156,324.31646728515625,128.25999450683594,259.6700134277344,137.38197326660156,316.15155029296875,138.46151733398438,83.3111343383789,539.5570678710938
2023-10-10,363.64556884765625,45.768470764160156,176.48855590820312,322.9103088378906,129.47999572753906,263.6199951171875,137.02467346191406,319.60748291015625,138.16375732421875,83.55741119384766,542.5689086914062
2023-10-11,366.2403259277344,46.77582550048828,177.88352966308594,326.873046875,131.8300018310547,262.989990234375,139.4960174560547,325.54595947265625,140.64512634277344,85.12945556640625,545.8797607421875
2023-10-12,364.9676208496094,46.914737701416016,178.7838134765625,325.634033203125,132.3300018310547,258.8699951171875,137.9278564453125,321.911376953125,139.24560546875,88.15087890625,544.2002563476562
2023-10-13,360.3800048828125,45.43169021606445,176.94366455078125,322.2613220214844,129.7899932861328,251.1199951171875,136.32994079589844,312.5070495605469,137.54837036132812,85.96851348876953,547.1538696289062
2023-10-16,364.45465087890625,46.06528854370117,176.8150177001953,327.0893859863281,132.5500030517578,253.9199981689453,138.056884765625,318.9222106933594,139.4441680908203,87.8559341430664,552.3663330078125
2023-10-17,363.2608642578125,43.90967559814453,175.26174926757812,326.51904296875,131.47000122070312,254.85000610351562,138.67222595214844,321.7524719238281,139.9404296875,86.08727264404297,554.3933715820312
2023-10-18,358.4956359863281,42.168792724609375,173.96571350097656,324.6015930175781,128.1300048828125,242.67999267578125,136.92543029785156,314.7712097167969,138.24314880371094,86.3432846069336,554.6829833984375
2023-10-19,355.1412658691406,42.07386016845703,173.5897979736328,325.7913818359375,128.39999389648438,220.11000061035156,136.7169952392578,310.64007568359375,137.9453887939453,84.47434997558594,545.9859008789062
2023-10-20,349.8432922363281,41.36031723022461,171.0372772216797,321.2189636230469,125.16999816894531,211.99000549316406,134.5831298828125,306.5089416503906,135.72206115722656,83.09212493896484,533.7269287109375
2023-10-23,350.89892578125,42.947296142578125,171.156005859375,323.8247375488281,126.55999755859375,212.0800018310547,135.47637939453125,311.831787109375,136.87342834472656,83.92827606201172,533.109130859375
2023-10-24,354.3125305175781,43.63485336303711,171.59132385253906,325.01458740234375,128.55999755859375,216.52000427246094,137.76907348632812,310.3818664550781,139.07687377929688,85.76701354980469,532.6748657226562
2023-10-25,345.64044189453125,41.75206756591797,169.2762451171875,334.98541259765625,121.38999938964844,212.4199981689453,124.66803741455078,297.45220947265625,125.7270278930664,82.70277404785156,530.8890380859375
2023-10-26,339.0500183105469,40.30000305175781,165.11111450195312,322.41864013671875,119.56999969482422,205.75999450683594,121.36302185058594,286.3497619628906,122.52106475830078,80.47563171386719,528.5820922851562
2023-10-27,340.6778869628906,40.4738883972168,166.4269256591797,324.3066101074219,127.73999786376953,207.3000030517578,121.25383758544922,294.67156982421875,122.48136901855469,81.6057357788086,524.1708374023438
2023-10-30,344.5157165527344,41.134464263916016,168.47486877441406,331.6814270019531,132.7100067138672,197.36000061035156,123.52667236328125,300.56048583984375,124.81387329101562,81.88705444335938,535.6091918945312
2023-10-31,346.16326904296875,40.75370788574219,168.9497528076172,332.4681091308594,133.08999633789062,200.83999633789062,123.1495132446289,299.18011474609375,124.36723327636719,81.89872741699219,533.2540283203125
2023-11-01,352.171630859375,42.2977180480957,172.11566162109375,340.2952880859375,137.0,205.66000366210938,125.50174713134766,309.6867370605469,126.62032318115234,83.02497100830078,537.4625854492188
2023-11-02,358.564697265625,43.47795104980469,175.67727661132812,342.50775146484375,138.07000732421875,218.50999450683594,126.533935546875,308.71356201171875,127.62281799316406,84.8121109008789,537.646240234375
2023-11-03,362.77740478515625,44.975982666015625,174.76705932617188,346.9129943847656,138.60000610351562,219.9600067138672,128.1318817138672,312.4176940917969,129.3994903564453,85.91985321044922,542.4138793945312
2023-11-06,364.2572937011719,45.72150802612305,177.319580078125,350.5807189941406,139.74000549316406,219.27000427246094,129.27325439453125,313.60931396484375,130.47145080566406,85.7397689819336,551.0398559570312
2023-11-07,367.7004699707031,45.925376892089844,179.88197326660156,354.5140075683594,142.7100067138672,222.17999267578125,129.98785400390625,316.6083984375,131.4143524169922,87.39356231689453,552.4420166015625
2023-11-08,367.9372863769531,46.543983459472656,180.94058227539062,357.1394348144531,142.0800018310547,222.11000061035156,130.85133361816406,317.56170654296875,132.2679443359375,88.68916320800781,548.6802978515625
2023-11-09,365.1057434082031,46.91973114013672,180.46566772460938,354.6712951660156,140.60000610351562,209.97999572753906,129.2633056640625,318.32635498046875,130.70965576171875,88.7135009765625,544.7056274414062
2023-11-10,373.31414794921875,48.30384063720703,184.65609741210938,363.5014953613281,143.55999755859375,214.64999389648438,131.59568786621094,326.4893798828125,133.06199645996094,93.20474243164062,558.09912109375
2023-11-13,372.1499938964844,48.58864974975586,183.07110595703125,360.5613708496094,142.58999633789062,223.7100067138672,131.09942626953125,326.9064636230469,132.64511108398438,92.17391967773438,559.1726684570312
2023-11-14,380.1610412597656,49.62398910522461,185.68637084960938,364.0914306640625,145.8000030517578,237.41000366210938,132.6179656982422,333.97705078125,134.4218292236328,94.7076644897461,571.3284301757812
2023-11-15,380.4471740722656,48.856483459472656,186.2510528564453,364.2392883300781,143.1999969482422,242.83999633789062,133.6104736328125,330.4020690917969,135.36474609375,94.94518280029297,577.111328125
2023-11-16,380.77276611328125,49.44810104370117,187.93516540527344,370.643798828125,142.8300018310547,233.58999633789062,135.90313720703125,331.8717956542969,137.66746520996094,93.40235900878906,559.5111083984375
2023-11-17,380.8615417480469,49.26622009277344,187.9153289794922,364.4166259765625,145.17999267578125,234.3000030517578,134.29530334472656,332.71588134765625,135.9205780029297,95.17198181152344,558.1282348632812
2023-11-20,385.4985046386719,50.376502990722656,189.6588592529297,371.8951110839844,146.1300048828125,235.60000610351562,135.22825622558594,337.6116943359375,136.8932647705078,96.92214965820312,561.657958984375
2023-11-21,383.2589111328125,49.91179656982422,188.8564453125,367.58935546875,143.89999389648438,241.1999969482422,135.94285583496094,334.6424560546875,137.58804321289062,95.50975036621094,565.0425415039062
2023-11-22,384.8276062011719,48.684593200683594,189.5201873779297,372.2991027832031,146.7100067138672,234.2100067138672,137.45144653320312,339.12115478515625,138.97764587402344,94.6142349243164,569.6650390625
2023-11-24,384.2850036621094,47.74520492553711,188.19273376464844,371.88519287109375,146.74000549316406,235.4499969482422,135.66497802734375,335.8837585449219,137.19105529785156,95.282958984375,571.8699340820312
2023-11-27,383.9495544433594,48.21089553833008,188.014404296875,373.0479431152344,147.72999572753906,236.0800018310547,135.3870849609375,332.37823486328125,137.02230834960938,92.4961166381836,575.293212890625
2023-11-28,384.95587158203125,47.790164947509766,188.61871337890625,377.0778503417969,147.02999877929688,246.72000122070312,136.17112731933594,336.6385192871094,137.58804321289062,92.11747741699219,574.4229125976562
2023-11-29,384.5809326171875,48.10896682739258,187.5983428955078,373.284423828125,146.32000732421875,244.13999938964844,133.97769165039062,329.89556884765625,135.3845977783203,91.58015441894531,568.4852294921875
2023-11-30,383.6141052246094,46.739845275878906,188.1728973388672,373.343505859375,146.08999633789062,240.0800018310547,131.53614807128906,324.880615234375,132.9230499267578,90.11031341552734,573.2045288085938
2023-12-01,384.7092590332031,46.73485565185547,189.45083618164062,369.0081787109375,147.02999877929688,238.8300018310547,130.8711700439453,322.5667419433594,132.32752990722656,90.52595520019531,576.5986938476562
2023-12-04,381.1377868652344,45.48065948486328,187.65777587890625,363.717041015625,144.83999633789062,235.5800018310547,128.30059814453125,317.800048828125,129.6575469970703,89.93901824951172,579.3353881835938
2023-12-05,382.09478759765625,46.54008102416992,191.61045837402344,367.04736328125,146.8800048828125,238.72000122070312,130.00770568847656,316.08209228515625,131.40444946289062,88.88285827636719,585.3988647460938
2023-12-06,379.884765625,45.4776611328125,190.520751953125,363.38201904296875,144.52000427246094,239.3699951171875,129.04498291015625,315.2479248046875,130.45156860351562,87.9600830078125,587.4102172851562
2023-12-07,385.192626953125,46.57004928588867,192.4525146484375,365.5005187988281,146.8800048828125,242.63999938964844,135.90313720703125,324.32452392578125,137.41934204101562,89.77255249023438,590.814208984375
2023-12-08,386.9092712402344,47.47955322265625,193.87901306152344,368.7322692871094,147.4199981689453,243.83999633789062,133.97769165039062,330.4417724609375,135.62281799316406,91.91791534423828,590.6498413085938
2023-12-11,390.2143859863281,46.60103988647461,191.37269592285156,365.84527587890625,145.88999938964844,239.74000549316406,132.2904510498047,323.0235900878906,133.697265625,100.18595123291016,603.2987670898438
2023-12-12,393.3221130371094,47.63046646118164,192.8883819580078,368.88006591796875,147.47999572753906,237.00999450683594,131.52621459960938,331.90155029296875,132.64511108398438,104.37545776367188,608.7529296875
2023-12-13,398.3241271972656,48.06122589111328,196.10797119140625,368.8701477050781,148.83999633789062,239.2899932861328,131.57586669921875,332.41796875,132.97267150878906,106.07014465332031,620.8408813476562
2023-12-14,397.97882080078125,48.32307815551758,196.25656127929688,360.5541687011719,147.4199981689453,251.0500030517578,130.95057678222656,330.8587951660156,132.2084197998047,107.70545196533203,609.99072265625
2023-12-15,399.9026794433594,48.86277770996094,195.72161865234375,365.28369140625,149.97000122070312,253.5,131.60562133789062,332.5967712402344,132.84364318847656,109.9686050415039,637.1065063476562
2023-12-18,402.4214782714844,50.04911422729492,194.05731201171875,367.1754455566406,154.07000732421875,252.0800018310547,134.78164672851562,342.2294616699219,136.168701171875,111.648681640625,658.78759765625
2023-12-19,404.4776916503906,49.57637405395508,195.09750366210938,367.7765197753906,153.7899932861328,257.2200012207031,135.62525939941406,347.92962646484375,137.07196044921875,111.43648529052734,655.4028930664062
2023-12-20,398.46728515625,48.08421325683594,193.0072479248047,365.17523193359375,152.1199951171875,247.13999938964844,137.3025665283203,346.8570556640625,138.62033081054688,108.58110046386719,639.2146606445312
2023-12-21,403.10357666015625,48.96272659301758,192.85862731933594,368.0523986816406,153.83999633789062,254.5,139.3669891357422,351.6336975097656,140.74440002441406,110.23468017578125,643.2374877929688
2023-12-22,403.7066650390625,48.80281448364258,191.7887725830078,369.07708740234375,153.4199981689453,252.5399932861328,140.42897033691406,350.9385986328125,141.65753173828125,109.7154312133789,649.4652709960938
2023-12-26,406.17803955078125,49.251556396484375,191.24391174316406,369.1559753417969,153.41000366210938,256.6099853515625,140.458740234375,352.3686218261719,141.7567901611328,110.68450927734375,652.3858642578125
2023-12-27,407.0049133300781,49.38948440551758,191.34295654296875,368.57464599609375,153.33999633789062,261.44000244140625,139.31735229492188,355.3478088378906,140.38706970214844,110.12516021728516,659.487060546875
2023-12-28,406.8070373535156,49.49442672729492,191.7689208984375,369.7668151855469,153.3800048828125,253.17999267578125,139.1783905029297,355.8344421386719,140.228271484375,109.7574691772461,655.8275756835938
2023-12-29,405.0465087890625,49.49442672729492,190.72877502441406,370.51568603515625,151.94000244140625,248.47999572753906,138.6424560546875,351.5046081542969,139.88087463378906,109.15510559082031,652.8407592773438
2024-01-02,398.192138671875,48.141178131103516,183.90322875976562,365.4216003417969,149.92999267578125,248.4199981689453,137.1338348388672,343.8878479003906,138.5210723876953,106.13640594482422,643.5142822265625
2024-01-03,393.97869873046875,47.542510986328125,182.52622985839844,365.1555480957031,148.47000122070312,238.4499969482422,137.8782196044922,342.0804748535156,139.3151092529297,103.5157241821289,637.6195678710938
2024-01-04,391.9511413574219,47.97127914428711,180.2081298828125,362.53466796875,144.57000732421875,237.92999267578125,135.36721801757812,344.7120361328125,137.0123748779297,102.57988739013672,641.2394409179688
2024-01-05,392.416015625,49.06966018676758,179.48497009277344,362.3473815917969,145.24000549316406,237.49000549316406,134.71214294433594,349.50860595703125,136.3672332763672,102.60628509521484,648.8154296875
2024-01-08,400.52642822265625,52.22390365600586,183.82398986816406,369.1855163574219,149.10000610351562,240.4499969482422,137.798828125,356.17205810546875,139.4838409423828,105.10671997070312,654.43310546875
2024-01-09,401.3177185058594,53.11041259765625,183.40789794921875,370.26934814453125,151.3699951171875,234.9600067138672,139.8930206298828,354.9505615234375,141.49871826171875,105.85380554199219,659.8629150390625
2024-01-10,404.03765869140625,54.319732666015625,184.4480743408203,377.14678955078125,153.72999572753906,233.94000244140625,141.21302795410156,367.90008544921875,142.72952270507812,105.66606140136719,665.3817138671875
2024-01-11,404.8783874511719,54.79147720336914,183.85369873046875,378.9794921875,155.17999267578125,227.22000122070312,141.01454162597656,367.10565185546875,142.60047912597656,107.5641098022461,666.1926879882812
2024-01-12,405.0860900878906,54.679534912109375,184.18060302734375,382.7630310058594,154.6199951171875,218.88999938964844,141.5802459716797,371.8922119140625,143.16622924804688,108.31707763671875,675.7468872070312
2024-01-16,405.0465087890625,56.350608825683594,181.9120330810547,384.53656005859375,153.16000366210938,219.91000366210938,141.4214630126953,364.9109802246094,143.0074462890625,109.02897644042969,674.0159301757812
2024-01-17,402.7617492675781,56.02178955078125,180.97091674804688,383.7484130859375,151.7100067138672,215.5500030517578,140.40911865234375,365.814697265625,141.82627868652344,107.92493438720703,676.6864013671875
2024-01-18,408.47857666015625,57.0752067565918,186.86526489257812,388.0837097167969,153.5,211.8800048828125,142.40402221679688,373.5208435058594,143.91064453125,111.85990905761719,679.7720947265625
2024-01-19,416.5791320800781,59.457881927490234,189.76783752441406,392.8132019042969,155.33999633789062,212.19000244140625,145.28228759765625,380.7900390625,146.86843872070312,118.44001770019531,687.34814453125
2024-01-22,417.1231994628906,59.62078857421875,192.07603454589844,390.6849670410156,154.77999877929688,208.8000030517578,144.89520263671875,379.1316223144531,146.61041259765625,119.34944915771484,684.9151000976562
2024-01-23,418.8540344238281,59.83966827392578,193.35397338867188,393.0398254394531,156.02000427246094,209.13999938964844,145.9373321533203,382.5279541015625,147.57318115234375,119.91756439208984,680.049072265625
2024-01-24,421.1783142089844,61.32783508300781,192.68031311035156,396.6460876464844,156.8699951171875,207.8300018310547,147.5848846435547,387.9897766113281,149.2307586669922,122.61260986328125,678.9808959960938
2024-01-25,421.6926574707031,61.58269119262695,192.3534393310547,398.922119140625,157.75,182.6300048828125,150.73110961914062,390.4525451660156,152.49624633789062,120.27840423583984,672.4434204101562
2024-01-26,419.180419921875,60.99702072143555,190.6197967529297,397.9959716796875,159.1199951171875,183.25,151.04872131347656,391.40594482421875,152.6451416015625,117.82200622558594,679.3468017578125
2024-01-29,423.47296142578125,62.43021774291992,189.93624877929688,403.70086669921875,161.25999450683594,190.92999267578125,152.35879516601562,398.2381896972656,153.68731689453125,119.0824966430664,686.398681640625
2024-01-30,420.65411376953125,62.739044189453125,186.28076171875,402.58746337890625,159.0,191.58999633789062,150.32420349121094,397.28485107421875,151.91065979003906,118.14273834228516,693.0548706054688
2024-01-31,412.4151916503906,61.49274826049805,182.67481994628906,391.7392578125,155.1999969482422,187.2899932861328,139.0493927001953,387.43365478515625,140.74440002441406,115.38904571533203,687.2591552734375
2024-02-01,417.271484375,62.991905212402344,185.11183166503906,397.84814453125,159.27999877929688,188.86000061035156,140.10145568847656,392.0414733886719,141.64761352539062,117.34578704833984,697.778076171875
2024-02-02,424.3236389160156,66.12316131591797,184.1112518310547,405.1788635253906,171.80999755859375,187.91000366210938,141.3123016357422,471.695068359375,142.471435546875,119.72493743896484,702.7304077148438
2024-02-05,423.7697448730469,69.29339599609375,185.92413330078125,399.6907043457031,170.30999755859375,181.05999755859375,142.60252380371094,456.22314453125,143.85110473632812,121.55943298339844,704.39453125
2024-02-06,422.9190673828125,68.18501281738281,187.5290069580078,399.5329895019531,169.14999389648438,185.10000610351562,143.01939392089844,451.5657043457031,144.3275146484375,119.55967712402344,704.0280151367188
2024-02-07,427.27105712890625,70.05996704101562,187.63796997070312,407.9672546386719,170.52999877929688,187.5800018310547,144.44857788085938,466.3324890136719,145.58804321289062,122.92454528808594,712.9326171875
2024-02-08,428.06231689453125,69.60221862792969,186.5581512451172,408.0263671875,169.83999633789062,189.55999755859375,144.81582641601562,466.7397155761719,146.12403869628906,124.65538787841797,717.2708129882812
2024-02-09,432.2757568359375,72.09284973144531,187.32192993164062,414.3717346191406,174.4499969482422,193.57000732421875,147.8826446533203,464.8627624511719,149.10171508789062,125.50416564941406,716.5181884765625
2024-02-12,430.5844421386719,72.20777893066406,185.63568115234375,409.15948486328125,172.33999633789062,188.1300048828125,146.4236297607422,465.6473083496094,147.62281799316406,123.70098114013672,715.5374755859375
2024-02-13,423.8686218261719,72.08784484863281,183.54273986816406,400.350830078125,168.63999938964844,184.02000427246094,144.0515899658203,456.9281921386719,145.28036499023438,122.39551544189453,707.4551391601562
2024-02-14,428.48760986328125,73.8588638305664,182.65994262695312,404.2203674316406,170.97999572753906,188.7100067138672,144.84556579589844,469.99688720703125,146.0446319580078,123.42913055419922,715.3096923828125
2024-02-15,429.7635803222656,72.6175308227539,182.37229919433594,401.3280944824219,169.8000030517578,200.4499969482422,141.69937133789062,480.6723937988281,142.8684844970703,123.70781707763672,717.6175537109375
2024-02-16,425.8665771484375,72.57256317138672,180.83480834960938,398.86029052734375,169.50999450683594,199.9499969482422,139.4662322998047,470.0366516113281,140.7047119140625,121.79216003417969,717.1024169921875
2024-02-20,422.6520690917969,69.413330078125,180.09091186523438,397.60662841796875,167.0800018310547,193.75999450683594,140.0617218017578,468.4775390625,141.1414031982422,119.94105529785156,718.7862548828125
2024-02-21,420.9607238769531,67.43443298339844,180.84478759765625,397.0044250488281,168.58999633789062,194.77000427246094,141.48101806640625,465.2764892578125,142.76919555664062,120.02906036376953,716.1416625976562
2024-02-22,433.28466796875,78.49427795410156,182.87815856933594,406.3525695800781,174.5800018310547,197.41000366210938,143.00946044921875,483.27001953125,144.2382049560547,127.60269165039062,727.4134521484375
2024-02-23,432.0086975097656,78.77310943603516,181.04315185546875,405.0594787597656,174.99000549316406,191.97000122070312,142.8804168701172,481.182373046875,144.20840454101562,126.7685546875,730.909912109375
2024-02-26,431.7812194824219,79.04795837402344,179.69415283203125,402.2955017089844,174.72999572753906,199.39999389648438,136.53834533691406,478.90576171875,137.71710205078125,128.01634216308594,738.25927734375
2024-02-27,432.8197937011719,78.65717315673828,181.15225219726562,402.23626708984375,173.5399932861328,199.72999572753906,137.8385467529297,484.1845397949219,139.0570526123047,126.7548828125,737.6253662109375
2024-02-28,430.5152282714844,77.61975860595703,179.9520263671875,402.4731140136719,173.16000366210938,202.0399932861328,135.35728454589844,481.1723937988281,136.40692138671875,126.08892822265625,740.844482421875
2024-02-29,434.2044677734375,79.06795501708984,179.2874755859375,408.3169860839844,176.75999450683594,201.8800048828125,137.4216766357422,487.2464904785156,138.7394256591797,127.17144012451172,736.8131713867188
2024-03-01,440.7422790527344,82.23318481445312,178.20628356933594,410.15301513671875,178.22000122070312,202.63999938964844,136.111572265625,499.3448181152344,137.05209350585938,136.82107543945312,742.3103637695312
2024-03-04,439.1696472167969,85.18953704833984,173.6831817626953,409.5805358886719,177.5800018310547,188.13999938964844,132.35000610351562,495.259033203125,133.20095825195312,137.12326049804688,751.9577026367188
2024-03-05,431.28668212890625,85.920166015625,168.7434844970703,397.4683837890625,174.1199951171875,180.74000549316406,131.6750946044922,487.3359375,132.78407287597656,131.3039093017578,752.7203979492188
2024-03-06,433.9967956542969,88.6547622680664,167.75155639648438,396.9156494140625,173.50999450683594,176.5399932861328,130.4146270751953,493.17138671875,131.5731658935547,132.0128936767578,765.8839721679688
2024-03-07,440.5840148925781,92.62174224853516,167.63255310058594,403.87493896484375,176.82000732421875,178.64999389648438,133.37225341796875,509.17669677734375,134.2332305908203,137.5877685546875,778.1165771484375
2024-03-08,434.2242736816406,87.4833755493164,169.34854125976562,400.992431640625,175.35000610351562,175.33999633789062,134.39454650878906,502.97344970703125,135.275390625,127.97622680664062,718.6575317382812
2024-03-11,432.612060546875,85.73025512695312,171.35220336914062,399.3143005371094,171.9600067138672,177.77000427246094,136.63760375976562,480.7449645996094,137.90570068359375,126.45073699951172,707.2867431640625
2024-03-12,438.8135681152344,91.86614227294922,171.8282928466797,409.93585205078125,175.38999938964844,177.5399932861328,137.4613800048828,496.80987548828125,138.5806121826172,126.32949829101562,729.8698120117188
2024-03-13,435.4407958984375,90.8416519165039,169.7453155517578,409.7582092285156,176.55999755859375,169.47999572753906,138.74168395996094,492.6544494628906,139.72207641601562,123.00375366210938,727.2153930664062
2024-03-14,434.3429870605469,87.89915466308594,171.60018920898438,419.7479553222656,178.75,162.5,142.02688598632812,488.9364929199219,143.26548767089844,123.43402099609375,724.9867553710938
2024-03-15,429.17999267578125,87.79220581054688,171.22323608398438,411.06121826171875,174.4199981689453,163.57000732421875,140.1212615966797,481.251953125,141.11163330078125,120.8162612915039,718.7268676757812
2024-03-18,433.27325439453125,88.4098892211914,172.31434631347656,411.94964599609375,174.47999572753906,173.8000030517578,146.572509765625,494.0561828613281,147.37466430664062,120.98640441894531,724.5806274414062
2024-03-19,434.3527526855469,89.35242462158203,174.65525817871094,415.98699951171875,175.89999389648438,171.32000732421875,145.9274139404297,493.320556640625,146.81881713867188,121.06170654296875,725.20458984375
2024-03-20,439.502685546875,90.32592010498047,177.2242889404297,419.75787353515625,178.14999389648438,175.66000366210938,147.62460327148438,502.5458679199219,148.56573486328125,125.30802917480469,733.67333984375
2024-03-21,441.58251953125,91.38836669921875,169.98336791992188,423.8445739746094,178.14999389648438,172.82000732421875,146.49313354492188,504.7727355957031,147.63272094726562,132.37869262695312,735.4957885742188
2024-03-22,442.08770751953125,94.24092102050781,170.885986328125,423.2226257324219,178.8699951171875,170.8300018310547,149.6393585205078,506.58203125,150.6401824951172,132.91587829589844,727.8096313476562
2024-03-25,440.4832763671875,94.95355987548828,169.4675750732422,417.41827392578125,179.7100067138672,172.6300048828125,148.9446258544922,500.0606384277344,150.02481079101562,132.7302703857422,724.0062255859375
2024-03-26,439.05706787109375,92.5137939453125,168.3367919921875,416.223876953125,178.3000030517578,177.6699981689453,149.54013061523438,492.9726257324219,150.57069396972656,130.75735473632812,724.02587890625
2024-03-27,440.5525207519531,90.2039794921875,171.90765380859375,416.0067138671875,179.8300018310547,179.8300018310547,149.73861694335938,490.95452880859375,150.8089141845703,129.5042724609375,725.1156005859375
2024-03-28,439.74041748046875,90.30992889404297,170.09246826171875,415.30584716796875,180.3800048828125,175.7899932861328,149.7981414794922,482.7232360839844,151.1265106201172,130.1602783203125,725.6602783203125
2024-04-01,440.67144775390625,90.31692504882812,168.65419006347656,419.1063232421875,180.97000122070312,175.22000122070312,154.32395935058594,488.45928955078125,155.33497619628906,132.60064697265625,714.3786010742188
2024-04-02,436.8683166503906,89.40637969970703,167.47381591796875,416.0166015625,180.69000244140625,166.6300048828125,153.40093994140625,494.4438781738281,154.7096405029297,131.47129821777344,704.5332641601562
2024-04-03,437.84881591796875,88.91864776611328,168.27728271484375,415.0393371582031,182.41000366210938,168.3800048828125,153.7582550048828,503.7586975097656,155.20591735839844,133.87237548828125,698.9765625
2024-04-04,431.15380859375,85.86119079589844,167.45399475097656,412.5024108886719,180.0,171.11000061035156,149.40115356445312,507.9141845703125,150.8089141845703,129.38348388671875,698.1741943359375
2024-04-05,436.2344970703125,87.96311950683594,168.2078399658203,420.0440673828125,185.07000732421875,164.89999389648438,151.3563995361328,524.237548828125,152.79405212402344,131.53707885742188,706.9301147460938
2024-04-08,436.36328125,87.08856201171875,167.08697509765625,419.1260681152344,185.19000244140625,172.97999572753906,153.68878173828125,516.1951904296875,154.97764587402344,131.21009826660156,705.0383911132812
2024-04-09,437.9775085449219,85.31045532226562,168.29710388183594,420.7942810058594,185.6699981689453,176.8800048828125,155.42564392089844,513.8590698242188,156.96275329589844,131.01171875,711.7538452148438
2024-04-10,434.1546325683594,86.99461364746094,166.4224090576172,417.81317138671875,185.9499969482422,171.75999450683594,154.96910095214844,516.771728515625,156.48634338378906,129.86175537109375,715.7058715820312
2024-04-11,441.08734130859375,90.56979370117188,173.62364196777344,422.4230651855469,189.0500030517578,174.60000610351562,158.21458435058594,520.0820922851562,159.59300231933594,135.76280212402344,725.3829956054688
2024-04-12,434.0556640625,88.14102935791016,175.1214599609375,416.470703125,186.1300048828125,171.0500030517578,156.54718017578125,508.88836669921875,158.0049285888672,131.99276733398438,724.352783203125
2024-04-15,426.91497802734375,85.95714569091797,171.29266357421875,408.3169860839844,183.6199951171875,161.47999572753906,153.69869995117188,497.28704833984375,155.16624450683594,128.71473693847656,711.4468383789062
2024-04-16,426.9545593261719,87.37042236328125,168.0094451904297,409.2448425292969,183.32000732421875,157.11000061035156,153.24215698242188,496.81982421875,154.83868408203125,130.51873779296875,709.15869140625
2024-04-17,421.7451477050781,83.99214935302734,166.64060974121094,406.54010009765625,181.27999877929688,155.4499969482422,154.30413818359375,491.2627258300781,155.71214294433594,125.95912170410156,708.3861694335938
2024-04-18,419.3385009765625,84.62782287597656,165.68836975097656,399.06756591796875,179.22000122070312,149.92999267578125,154.84007263183594,498.8477478027344,156.28781127929688,123.63758087158203,704.4837646484375
2024-04-19,410.6627502441406,76.16114807128906,163.66490173339844,393.98382568359375,174.6300048828125,147.0500030517578,152.93446350097656,478.2397766113281,154.56077575683594,118.30708312988281,702.7603149414062
2024-04-22,414.7926940917969,79.47745513916016,164.4980926513672,395.8001403808594,177.22999572753906,142.0500030517578,155.10804748535156,478.8958740234375,156.774169921875,120.24659729003906,708.6536865234375
2024-04-23,420.9825744628906,82.38097381591797,165.5495147705078,402.3250732421875,179.5399932861328,144.67999267578125,157.0731658935547,493.18133544921875,158.72950744628906,122.67518615722656,715.804931640625
2024-04-24,422.4087219238281,79.63638305664062,167.65237426757812,403.7958679199219,176.58999633789062,162.1300048828125,157.9366912841797,490.5966491699219,159.90069580078125,123.42449188232422,717.0033569335938
2024-04-25,420.3684997558594,82.5898666381836,168.5153350830078,393.90484619140625,173.6699981689453,170.17999267578125,154.8301544189453,438.7832946777344,156.774169921875,127.11692810058594,716.1401977539062
2024-04-26,426.8555603027344,87.69026947021484,167.9300994873047,401.0911865234375,179.6199951171875,168.2899932861328,170.66053771972656,440.68206787109375,172.39697265625,131.99276733398438,723.40234375
2024-04-29,428.5887756347656,87.7122573852539,172.0961151123047,397.0735168457031,180.9600067138672,194.0500030517578,164.90402221679688,430.0747985839844,166.65008544921875,131.45755004882812,720.5748901367188
2024-04-30,420.5072021484375,86.35794067382812,168.9517822265625,384.31976318359375,175.0,183.27999877929688,161.55931091308594,427.6391906738281,163.4143829345703,127.6914291381836,717.1721801757812
2024-05-01,417.4667053222656,82.99864959716797,167.9300994873047,389.8576354980469,179.0,179.99000549316406,162.63121032714844,436.6061706542969,164.33746337890625,122.05355834960938,716.4974365234375
2024-05-02,422.79498291015625,85.77323913574219,171.6299285888672,392.72027587890625,184.72000122070312,180.00999450683594,165.37051391601562,439.08148193359375,167.20594787597656,121.63225555419922,726.636474609375
2024-05-03,431.29248046875,88.74372100830078,181.89617919921875,401.4267883300781,186.2100067138672,181.19000244140625,165.98585510253906,449.3009948730469,167.73199462890625,125.51522827148438,738.0057983398438
2024-05-06,436.0166015625,92.093017578125,180.23971557617188,408.2182922363281,188.6999969482422,184.75999450683594,166.83941650390625,462.9403076171875,168.5657196044922,128.67739868164062,750.4562377929688
2024-05-07,436.0859069824219,90.50782012939453,180.9241180419922,404.0722961425781,188.75999450683594,177.80999755859375,169.9657745361328,465.48529052734375,171.69227600097656,127.97034454345703,765.198486328125
2024-05-08,435.8283996582031,90.36589050292969,181.26136779785156,405.2568664550781,188.0,174.72000122070312,168.10980224609375,469.819580078125,169.88583374023438,130.15634155273438,757.3611450195312
2024-05-09,436.7792053222656,88.70175170898438,183.07655334472656,407.01397705078125,189.5,171.97000122070312,168.6854705810547,472.623046875,170.30271911621094,128.2217254638672,772.8672485351562
2024-05-10,437.8092041015625,89.83216094970703,181.81512451171875,409.4028625488281,187.47999572753906,168.47000122070312,167.38528442382812,473.3984069824219,169.02230834960938,130.885986328125,780.9526977539062
2024-05-13,438.8193664550781,90.35291290283203,185.02333068847656,408.39593505859375,186.57000732421875,171.88999938964844,167.87159729003906,465.256591796875,169.6277618408203,131.34854125976562,769.008056640625
2024-05-14,441.6419982910156,91.3094253540039,186.16555786132812,411.19940185546875,187.07000732421875,177.5500030517578,169.06260681152344,469.07403564453125,170.6501007080078,135.52415466308594,771.7363891601562
2024-05-15,448.5449523925781,94.58174896240234,188.44012451171875,418.3887939453125,185.99000549316406,173.99000549316406,171.21632385253906,478.70697021484375,172.5855712890625,141.03732299804688,780.8038940429688
2024-05-16,447.6338195800781,94.31089782714844,188.55929565429688,416.32196044921875,183.6300048828125,174.83999633789062,172.8738250732422,470.4458923339844,174.12403869628906,138.67649841308594,786.7860717773438
2024-05-17,447.4159240722656,92.43183898925781,188.58909606933594,415.5506286621094,184.6999969482422,177.4600067138672,174.7397003173828,469.1336669921875,175.97019958496094,137.0227508544922,789.5043334960938
2024-05-20,450.53564453125,94.73167419433594,189.75120544433594,420.62371826171875,183.5399932861328,174.9499969482422,175.59327697753906,466.0816650390625,177.1315155029297,138.8630828857422,786.7166748046875
2024-05-21,451.4170837402344,95.33735656738281,191.05238342285156,424.28271484375,183.14999389648438,186.60000610351562,176.5163116455078,461.896484375,178.20346069335938,137.40675354003906,794.5838012695312
2024-05-22,451.3279113769531,94.90158081054688,189.61216735839844,425.74627685546875,183.1300048828125,180.11000061035156,175.0573272705078,465.0279541015625,176.67489624023438,136.72325134277344,795.5064697265625
2024-05-23,449.29766845703125,103.74607849121094,185.61927795410156,422.265380859375,181.0500030517578,173.74000549316406,172.24855041503906,463.0397033691406,173.75680541992188,136.8263397216797,790.0302734375
2024-05-24,453.5464172363281,106.41470336914062,188.6983642578125,425.3902893066406,180.75,179.24000549316406,173.67776489257812,475.4065246582031,175.01736450195312,138.25521850585938,803.3140869140625
2024-05-28,455.259765625,113.84291076660156,188.70831298828125,425.54852294921875,182.14999389648438,176.75,175.07717895507812,477.0965576171875,176.6947479248047,138.7079315185547,806.726806640625
2024-05-29,452.0509338378906,114.76643371582031,189.00628662109375,424.4112854003906,182.02000427246094,176.19000244140625,174.58090209960938,471.5692443847656,176.07936096191406,136.56906127929688,800.1295776367188
2024-05-30,447.2079162597656,110.44364929199219,189.99952697753906,410.0720520019531,179.32000732421875,178.7899932861328,170.81935119628906,464.3022155761719,172.2679443359375,133.9578094482422,808.879638671875
2024-05-31,446.37603759765625,109.57710266113281,190.9530792236328,410.5269470214844,176.44000244140625,178.0800018310547,171.20640563964844,464.08355712890625,172.6649627685547,130.46864318847656,803.4728393554688
2024-06-03,448.7727355957031,114.94136047363281,192.72103881835938,408.9348449707031,178.33999633789062,176.2899932861328,171.87139892578125,474.6807861328125,173.12155151367188,129.81556701660156,808.9292602539062
2024-06-04,450.0008239746094,116.37763214111328,193.0388946533203,411.45654296875,179.33999633789062,174.77000427246094,172.48672485351562,474.1837463378906,173.8262939453125,130.69155883789062,820.834228515625
2024-06-05,459.07275390625,122.37755584716797,194.5486297607422,419.3085021972656,181.27999877929688,175.0,174.09458923339844,492.1474304199219,175.75184631347656,138.77078247070312,827.6893920898438
2024-06-06,458.91424560546875,120.9363021850586,193.1680145263672,419.81280517578125,185.0,177.94000244140625,175.40469360351562,490.8551330566406,177.0222930908203,137.61001586914062,835.9633178710938
2024-06-07,458.5082092285156,120.82635498046875,195.561767578125,419.1502685546875,184.3000030517578,177.47999572753906,173.1517333984375,490.059814453125,174.6401824951172,138.1373748779297,838.8799438476562
2024-06-10,460.3602600097656,121.72789764404297,191.8171844482422,423.12567138671875,187.05999755859375,173.7899932861328,173.8969268798828,499.64312744140625,175.51461791992188,141.4595947265625,841.6182250976562
2024-06-11,463.51953125,120.8582763671875,205.75253295898438,427.88232421875,187.22999572753906,170.66000366210938,175.49668884277344,504.4844665527344,177.0647735595703,143.4786834716797,842.5805053710938
2024-06-12,469.5906066894531,125.14643096923828,211.6326141357422,436.1694030761719,186.88999938964844,177.2899932861328,176.65924072265625,505.8463439941406,178.4261016845703,146.86473083496094,841.0923461914062
2024-06-13,472.1358642578125,129.55455017089844,212.7947235107422,436.6836242675781,183.8300018310547,182.47000122070312,174.04600524902344,501.13427734375,175.6239013671875,164.8831787109375,839.257080078125
2024-06-14,474.5821533203125,131.82359313964844,211.0565185546875,437.6626892089844,183.66000366210938,178.00999450683594,175.6656036376953,501.6915283203125,177.2436065673828,170.38748168945312,848.8900756835938
2024-06-17,480.39569091796875,130.92396545410156,215.20831298828125,443.3983154296875,184.05999755859375,187.44000244140625,176.11276245117188,504.14947509765625,177.65103149414062,179.60195922851562,861.0331420898438
2024-06-18,480.54425048828125,135.52198791503906,212.8443603515625,441.390869140625,182.80999755859375,184.86000061035156,173.97642517089844,497.04437255859375,175.33575439453125,177.01426696777344,863.8505859375
2024-06-20,476.84027099609375,130.72406005859375,208.2654571533203,440.7579650878906,186.10000610351562,181.57000732421875,175.17874145507812,499.2436218261719,176.58778381347656,170.34036254882812,855.6063842773438
2024-06-21,475.5626525878906,126.51585388183594,206.09027099609375,444.792724609375,189.0800018310547,183.00999450683594,178.48757934570312,492.35748291015625,179.12167358398438,162.8837432861328,841.5884399414062
2024-06-24,470.1485290527344,118.05946350097656,206.73587036132812,442.7061462402344,185.57000732421875,182.5800018310547,178.08013916015625,496.4672546386719,179.64834594726562,156.85752868652344,841.4395751953125
2024-06-25,475.52490234375,126.03604125976562,207.65960693359375,445.9497375488281,186.33999633789062,187.35000610351562,182.8595733642578,508.1000061035156,184.40811157226562,155.7324981689453,848.7313232421875
2024-06-26,476.5069580078125,126.34593200683594,211.8114013671875,447.1463623046875,193.61000061035156,196.3699951171875,182.7105255126953,510.6076354980469,184.1994171142578,156.83685302734375,850.0508422851562
2024-06-27,477.7370300292969,123.93695831298828,212.65567016601562,447.8287353515625,197.85000610351562,197.4199981689453,184.2307891845703,517.01611328125,185.68002319335938,156.310791015625,843.8800659179688
2024-06-28,475.2571105957031,123.48714447021484,209.19912719726562,441.9941101074219,193.25,197.8800048828125,180.99151611328125,501.7512512207031,182.26173400878906,158.1697540283203,843.255126953125
2024-07-01,478.0445251464844,124.246826171875,215.28778076171875,451.6656494140625,197.1999969482422,209.86000061035156,181.82618713378906,502.208984375,183.32496643066406,161.64439392089844,838.9692993164062
2024-07-02,483.0638732910156,122.61751556396484,218.78404235839844,454.1873779296875,200.0,231.25999450683594,184.06187438964844,507.00537109375,185.43157958984375,163.2876434326172,852.5508422851562
2024-07-03,487.0911865234375,128.22511291503906,220.05540466308594,455.6608581542969,197.58999633789062,246.38999938964844,184.63818359375,507.463134765625,186.20663452148438,170.3551483154297,855.82470703125
2024-07-05,492.1700134277344,125.77616119384766,224.81307983398438,462.3755798339844,200.0,251.52000427246094,189.38780212402344,537.2664184570312,190.74781799316406,167.8026123046875,878.65234375
2024-07-08,493.34051513671875,128.14512634277344,226.28309631347656,461.07025146484375,199.2899932861328,252.94000244140625,187.82777404785156,526.7283935546875,189.2771453857422,171.99444580078125,873.8606567382812
2024-07-09,493.7669982910156,131.3238067626953,227.13729858398438,454.44451904296875,199.33999633789062,262.3299865722656,187.77809143066406,527.4050903320312,189.23739624023438,170.75808715820312,879.8229370117188
2024-07-10,498.9153137207031,134.85227966308594,231.40829467773438,461.0801086425781,199.7899932861328,263.260009765625,189.96409606933594,532.0720825195312,191.44338989257812,171.87918090820312,877.3031616210938
2024-07-11,487.9739990234375,127.34550476074219,226.0347900390625,449.658203125,195.0500030517578,241.02999877929688,184.38978576660156,510.18975830078125,186.1172332763672,168.06271362304688,839.882080078125
2024-07-12,490.84075927734375,129.18470764160156,228.98475646972656,448.5209045410156,194.49000549316406,248.22999572753906,183.89295959472656,496.4274597167969,185.6005096435547,167.54254150390625,836.2212524414062
2024-07-15,492.1600341796875,128.3850555419922,232.8187255859375,448.9263610839844,192.72000122070312,252.63999938964844,185.3436737060547,493.7307434082031,187.00161743164062,168.87545776367188,842.0050659179688
2024-07-16,492.3485107421875,126.3059310913086,233.23587036132812,444.5356140136719,193.02000427246094,256.55999755859375,182.75027465820312,487.3919372558594,184.32859802246094,166.86572265625,844.0289306640625
2024-07-17,477.8957214355469,117.93951416015625,227.33595275878906,438.6021423339844,187.92999267578125,248.5,179.8687286376953,459.72802734375,181.46678161621094,153.66464233398438,839.5745239257812
2024-07-18,475.634033203125,121.03820037841797,222.66763305664062,435.487060546875,183.75,249.22999572753906,176.55990600585938,473.5201416015625,178.08824157714844,158.13726806640625,832.71923828125
2024-07-19,471.41827392578125,117.87954711914062,222.79678344726562,432.26324462890625,183.1300048828125,239.1999969482422,176.53009033203125,474.45556640625,178.25718688964844,155.01429748535156,831.4891357421875
2024-07-22,478.4413146972656,123.48714447021484,222.44915771484375,438.028564453125,182.5500030517578,251.50999450683594,180.5145721435547,485.0135803222656,182.19216918945312,158.66921997070312,840.7055053710938
2024-07-23,476.75494384765625,122.53755950927734,223.4920654296875,439.91741943359375,186.41000366210938,246.3800048828125,180.63380432128906,486.2972717285156,182.4405975341797,161.33901977539062,845.3582763671875
2024-07-24,459.6535949707031,114.20112609863281,217.06570434570312,424.144287109375,180.8300018310547,215.99000549316406,171.53207397460938,459.0115661621094,173.26885986328125,149.09352111816406,824.2369995117188
2024-07-25,454.5846862792969,112.2319564819336,216.0227813720703,413.7607116699219,179.85000610351562,220.25,166.21607971191406,451.1900329589844,168.091796875,147.04440307617188,809.4848022460938
2024-07-26,459.24688720703125,113.0116195678711,216.4896240234375,420.55450439453125,182.5,219.8000030517578,165.9378662109375,463.4198303222656,167.61480712890625,149.37924194335938,812.2764892578125
2024-07-29,460.16943359375,111.54225158691406,216.7677459716797,421.9983215332031,183.1999969482422,232.10000610351562,168.4517822265625,463.4297790527344,170.0493621826172,147.9901580810547,810.249755859375
2024-07-30,453.85064697265625,103.68561553955078,217.32394409179688,418.2305603027344,181.7100067138672,222.6199951171875,169.2069549560547,460.9220886230469,170.7747039794922,141.3896026611328,804.7557983398438
2024-07-31,467.28179931640625,116.96992492675781,220.58181762695312,413.71124267578125,186.97999572753906,232.07000732421875,170.44900512695312,472.505126953125,172.05657958984375,158.2948760986328,816.6478881835938
2024-08-01,455.9635009765625,109.16327667236328,216.8869171142578,412.4849548339844,184.07000732421875,216.86000061035156,169.67396545410156,495.302978515625,171.3610076904297,144.837646484375,811.571044921875
2024-08-02,445.1412658691406,107.2240982055664,218.37681579589844,403.9605712890625,167.89999389648438,207.6699981689453,165.60006713867188,485.74993896484375,167.33657836914062,141.6851806640625,816.7273559570312
2024-08-05,431.86883544921875,100.40702056884766,207.8582305908203,390.7684631347656,161.02000427246094,198.8800048828125,158.23719787597656,473.4007568359375,159.62557983398438,139.97096252441406,796.6092529296875
2024-08-06,435.9953918457031,104.20541381835938,205.8319854736328,395.1790466308594,161.92999267578125,200.63999938964844,157.2832794189453,491.67083740234375,159.5261993408203,141.78366088867188,811.561279296875
2024-08-07,431.273681640625,98.86768341064453,208.40452575683594,394.0121154785156,162.77000427246094,191.75999450683594,157.92913818359375,486.52618408203125,159.7349090576172,134.2472381591797,805.0239868164062
2024-08-08,444.4667663574219,104.92508697509766,211.8709716796875,398.2248840332031,165.8000030517578,198.83999633789062,160.99951171875,507.134765625,162.80535888671875,143.57664489746094,833.9642944335938
2024-08-09,446.78790283203125,104.70519256591797,214.78123474121094,401.5179443359375,166.94000244140625,200.0,162.62905883789062,515.2349853515625,164.34556579589844,146.05921936035156,849.3634033203125
2024-08-12,447.7501220703125,108.97335815429688,216.31260681152344,402.2992248535156,166.8000030517578,197.49000549316406,161.25782775878906,513.423828125,162.9146728515625,146.4138946533203,857.9471435546875
2024-08-13,458.8600158691406,116.0903091430664,220.0316925048828,409.4194030761719,170.22999572753906,207.8300018310547,163.11595153808594,525.9520874023438,164.8821563720703,153.84197998046875,859.1890869140625
2024-08-14,459.0088195800781,118.02948760986328,220.47914123535156,412.2377624511719,170.10000610351562,201.3800048828125,159.35003662109375,524.180908203125,161.00682067871094,155.34927368164062,857.0927734375
2024-08-15,470.6048583984375,122.80744171142578,223.4623565673828,417.1119689941406,177.58999633789062,214.13999938964844,160.27413940429688,534.69921875,162.1396026611328,163.6639862060547,871.6373901367188
2024-08-16,471.2099609375,124.52670288085938,224.78494262695312,414.5758056640625,177.05999755859375,216.1199951171875,161.92356872558594,524.8375854492188,163.69969177246094,163.2600555419922,864.9215087890625
2024-08-19,477.39971923828125,129.94439697265625,224.62582397460938,417.6073303222656,178.22000122070312,222.72000122070312,165.6099853515625,526.6885375976562,167.33657836914062,165.2205352783203,866.669921875
2024-08-20,476.3978576660156,127.195556640625,225.2423553466797,420.8468933105469,178.8800048828125,221.10000610351562,166.1167449951172,524.1509399414062,167.89303588867188,163.4866485595703,870.4949340820312
2024-08-21,478.6198425292969,128.4450225830078,225.13296508789062,420.1930236816406,180.11000061035156,223.27000427246094,164.79519653320312,532.5397338867188,166.5714569091797,163.31918334960938,875.680908203125
2024-08-22,471.0313720703125,123.68705749511719,223.2734375,411.68292236328125,176.1300048828125,210.66000366210938,162.7582244873047,529.3256225585938,164.44497680664062,159.93023681640625,871.8460693359375
2024-08-23,476.13995361328125,129.31463623046875,225.5705108642578,412.9114074707031,177.0399932861328,220.32000732421875,164.56663513183594,525.414794921875,166.37269592285156,163.8905792236328,873.4853515625
2024-08-26,471.5174255371094,126.40589141845703,225.90859985351562,409.64215087890625,175.5,213.2100067138672,165.1032257080078,518.5685424804688,166.86953735351562,157.25062561035156,886.69873046875
2024-08-27,472.9259948730469,128.2451171875,226.75384521484375,409.9888916015625,173.1199951171875,209.2100067138672,163.6326446533203,516.5582885742188,165.329345703125,158.9943389892578,902.9820556640625
2024-08-28,467.55950927734375,125.55626678466797,225.22247314453125,406.7790222167969,170.8000030517578,205.75,161.81430053710938,514.249755859375,163.46119689941406,155.83197021484375,882.267822265625
2024-08-29,466.8750915527344,117.53968811035156,228.50399780273438,409.2756042480469,172.1199951171875,206.27999877929688,160.75108337402344,515.6826782226562,162.36813354492188,154.6005401611328,880.8569946289062
2024-08-30,472.43994140625,119.31893157958984,227.7184295654297,413.2582092285156,178.5,214.11000061035156,162.34091186523438,518.757568359375,164.06735229492188,160.4031219482422,886.5696411132812
2024-09-03,458.09625244140625,107.95378875732422,221.52330017089844,405.62982177734375,176.25,210.60000610351562,156.35919189453125,509.2543640136719,157.6083984375,150.52198791503906,872.8494262695312
2024-09-04,456.9058837890625,106.16455841064453,219.61402893066406,405.0948791503906,173.3300018310547,219.41000366210938,155.45497131347656,510.2295227050781,156.81344604492188,151.83224487304688,884.2249145507812
2024-09-05,457.3324279785156,107.16413879394531,221.13548278808594,404.589599609375,177.88999938964844,230.1699981689453,156.23995971679688,514.329345703125,157.5984649658203,150.55154418945312,880.211181640625
2024-09-06,445.08172607421875,102.78600311279297,219.58419799804688,397.9618835449219,171.38999938964844,210.72999572753906,149.96014404296875,497.8205261230469,151.16932678222656,134.9663848876953,870.9718627929688
2024-09-09,450.80535888671875,106.42444610595703,219.6737060546875,401.9444580078125,175.39999389648438,216.27000427246094,147.96029663085938,502.3184509277344,148.79129028320312,138.7296905517578,890.65283203125
2024-09-10,454.9715881347656,108.05374145507812,218.87815856933594,410.3455810546875,179.5500030517578,226.1699981689453,147.91053771972656,502.3184509277344,149.25892639160156,146.010009765625,888.4671020507812
2024-09-11,464.8514404296875,116.85997772216797,221.41390991210938,419.103271484375,184.52000427246094,228.1300048828125,150.39794921875,509.3240051269531,151.38819885253906,155.920654296875,894.537353515625
2024-09-12,469.41448974609375,119.09921264648438,221.52330017089844,423.0264587402344,187.0,229.80999755859375,153.91015625,523.0264892578125,154.76123046875,162.11729431152344,909.0721435546875
2024-09-13,471.5174255371094,119.05921936035156,221.2548065185547,426.5830078125,186.49000549316406,230.2899932861328,156.66616821289062,522.0513916015625,157.57708740234375,165.20082092285156,910.0357055664062
2024-09-16,469.4342956542969,116.7400131225586,215.10939025878906,427.3260192871094,184.88999938964844,226.77999877929688,157.26315307617188,531.1752319335938,158.19398498535156,161.58531188964844,901.958740234375
2024-09-17,469.68231201171875,115.55043029785156,215.5767364501953,431.1005554199219,186.8800048828125,227.8699951171875,158.51681518554688,534.2031860351562,159.47752380371094,160.05831909179688,891.4277954101562
2024-09-18,467.6488037109375,113.33119201660156,219.4549102783203,426.8009948730469,186.42999267578125,227.1999969482422,159.00433349609375,535.8268432617188,160.00486755371094,159.27017211914062,886.708740234375
2024-09-19,479.47296142578125,117.82965087890625,227.5891571044922,434.6076354980469,189.8699951171875,243.9199981689453,161.3225860595703,556.8932495117188,162.42269897460938,165.477294921875,894.8751220703125
2024-09-20,478.5603332519531,115.96029663085938,226.92288208007812,431.21942138671875,191.60000610351562,238.25,162.76527404785156,559.1343994140625,163.815673828125,169.1146240234375,901.0745239257812
2024-09-23,479.8288269042969,116.22020721435547,225.20257568359375,429.4758605957031,193.8800048828125,250.0,161.03404235839844,562.1823120117188,162.25355529785156,170.93325805664062,911.1087646484375
2024-09-24,482.1433410644531,120.82862091064453,226.0975341796875,425.1762390136719,193.9600067138672,254.27000427246094,161.47181701660156,561.1066284179688,162.8206787109375,172.81121826171875,895.669921875
2024-09-25,482.59033203125,123.46772003173828,225.10313415527344,428.0888366699219,192.52999877929688,257.0199890136719,160.6758575439453,566.0670166015625,162.17396545410156,173.4833221435547,902.5051879882812
2024-09-26,486.2160949707031,123.9975357055664,226.24668884277344,427.2962951660156,191.16000366210938,254.22000122070312,161.9095916748047,565.598876953125,163.00975036621094,176.0235137939453,895.5706176757812
2024-09-27,483.51416015625,121.35844421386719,226.51516723632812,424.0368957519531,187.97000122070312,260.4599914550781,163.12344360351562,565.1207275390625,164.4624481201172,170.6861572265625,879.8535766601562
2024-09-30,484.8254089355469,121.39842224121094,231.69601440429688,426.2956848144531,186.3300018310547,261.6300048828125,165.0138702392578,570.1806640625,166.35293579101562,170.4983673095703,880.7477416992188
2024-10-01,478.0705871582031,116.9599380493164,224.94403076171875,416.775146484375,185.1300048828125,258.0199890136719,166.1481170654297,574.1947021484375,167.57675170898438,165.52674865722656,871.667236328125
2024-10-02,478.74609375,118.80931854248047,225.5108184814453,413.248291015625,184.75999450683594,249.02000427246094,165.02381896972656,570.5491333007812,166.47232055664062,168.67970275878906,872.8097534179688
2024-10-03,478.3884582519531,122.80794525146484,224.40704345703125,412.6637878417969,181.9600067138672,240.66000366210938,165.02381896972656,580.4699096679688,166.37281799316406,169.89544677734375,869.9683837890625
2024-10-04,484.0804138183594,124.87723541259766,225.53074645996094,412.188232421875,186.50999450683594,250.0800018310547,166.21775817871094,593.587890625,167.716064453125,174.59033203125,877.3599853515625
2024-10-07,478.8951110839844,127.67628479003906,220.4493408203125,405.7289123535156,180.8000030517578,240.8300018310547,162.15835571289062,582.4719848632812,163.5669403076172,173.04843139648438,867.9019775390625
2024-10-08,486.0472412109375,132.84449768066406,224.50650024414062,410.85076904296875,182.72000122070312,244.5,163.55128479003906,590.5499267578125,164.87037658691406,178.63284301757812,884.622314453125
2024-10-09,489.87164306640625,132.60459899902344,228.25538635253906,413.5751953125,185.1699981689453,241.0500030517578,161.0439910888672,588.1793823242188,162.24359130859375,183.7922821044922,903.1807250976562
2024-10-10,489.3153381347656,134.76385498046875,227.7581787109375,411.9702453613281,186.64999389648438,238.77000427246094,161.2628936767578,581.5256958007812,162.3629913330078,183.53530883789062,887.8114013671875
2024-10-11,490.0802307128906,134.7538604736328,226.27655029296875,412.44580078125,188.82000732421875,217.8000030517578,162.41702270507812,587.62158203125,163.69627380371094,179.3741455078125,883.2413940429688
2024-10-14,494.1927185058594,138.0227508544922,230.00555419921875,415.23956298828125,187.5399932861328,219.16000366210938,164.12835693359375,588.0897216796875,165.51712036132812,180.1945343017578,883.9666137695312
2024-10-15,487.5869140625,131.55496215820312,232.54127502441406,414.84326171875,187.69000244140625,219.57000732421875,164.6258544921875,583.9561157226562,166.06436157226562,173.93797302246094,888.7850952148438
2024-10-16,487.6465148925781,135.6735382080078,230.48284912109375,412.2476501464844,186.88999938964844,221.3300018310547,164.3273468017578,574.5134887695312,165.90518188476562,174.7682342529297,881.6021728515625
2024-10-17,487.9842529296875,136.8831329345703,230.8507843017578,412.8421325683594,187.52999877929688,220.88999938964844,162.1085968017578,574.6529541015625,163.68634033203125,179.42359924316406,879.525634765625
2024-10-18,491.1828308105469,137.9527587890625,233.68482971191406,414.2687072753906,188.99000549316406,220.6999969482422,162.59613037109375,574.1947021484375,164.22364807128906,177.8026123046875,883.7680053710938
2024-10-21,492.1265563964844,143.6608123779297,235.15655517578125,414.8829345703125,189.07000732421875,218.85000610351562,163.24285888671875,572.889892578125,164.9698944091797,177.9014434814453,880.9961547851562
2024-10-22,492.6629333496094,143.5408477783203,234.54005432128906,423.5317077636719,189.6999969482422,217.97000122070312,164.3074493408203,579.712890625,165.98477172851562,177.29852294921875,887.67236328125
2024-10-23,485.1134338378906,139.51222229003906,229.46856689453125,420.6487731933594,184.7100067138672,213.64999389648438,161.9593505859375,561.4652709960938,163.65647888183594,171.49664306640625,893.3153076171875
2024-10-24,489.04718017578125,140.3619384765625,229.27963256835938,420.7775573730469,186.3800048828125,260.4800109863281,161.89964294433594,565.5390625,163.70623779296875,169.36170959472656,887.602783203125
2024-10-25,492.0272216796875,141.49154663085938,230.11492919921875,424.1656799316406,187.8300018310547,269.19000244140625,164.43679809570312,570.9874267578125,166.15390014648438,170.9925537109375,885.4171752929688
2024-10-28,492.106689453125,140.47190856933594,232.09378051757812,422.6202392578125,188.38999938964844,262.510009765625,165.87948608398438,575.8781127929688,167.49716186523438,170.02394104003906,885.1588134765625
2024-10-29,496.8350524902344,141.20164489746094,232.36228942871094,427.9303894042969,190.8300018310547,259.5199890136719,168.82455444335938,590.9384155273438,170.2831268310547,177.16017150878906,881.2147216796875
2024-10-30,493.0801696777344,139.29229736328125,228.81227111816406,428.5049743652344,192.72999572753906,257.54998779296875,173.58045959472656,589.4642333984375,175.2581024169922,174.59033203125,873.3661499023438
2024-10-31,480.63348388671875,132.7145538330078,224.64572143554688,402.568603515625,186.39999389648438,249.85000610351562,170.2473602294922,565.33984375,171.82537841796875,167.800048828125,868.4880981445312
2024-11-01,484.189697265625,135.35365295410156,221.66250610351562,406.5511779785156,197.92999267578125,248.97999572753906,170.42642211914062,564.9215087890625,171.7855682373047,166.9599151611328,872.7557983398438
2024-11-04,482.7790832519531,136.00343322753906,220.7675323486328,404.658935546875,195.77999877929688,242.83999633789062,168.3867950439453,558.467041015625,169.82542419433594,166.59420776367188,881.4703979492188
2024-11-05,488.9378967285156,139.8621063232422,222.199462890625,407.63104248046875,199.5,251.44000244140625,168.88426208496094,570.170654296875,170.55178833007812,171.88211059570312,885.549072265625
2024-11-06,502.2189636230469,145.56016540527344,221.4735565185547,416.2698669433594,207.08999633789062,288.5299987792969,175.62013244628906,569.7921752929688,177.43714904785156,177.466552734375,894.5819091796875
2024-11-07,510.1260681152344,148.8290557861328,226.20692443847656,421.4710388183594,210.0500030517578,296.9100036621094,179.83876037597656,589.3646850585938,181.36737060546875,181.6771240234375,909.185791015625
2024-11-08,510.7221374511719,147.57943725585938,225.93814086914062,418.6079406738281,208.17999267578125,321.2200012207031,177.4508514404297,587.013916015625,178.95947265625,181.50909423828125,938.9006958007812
2024-11-11,510.4241027832031,145.21026611328125,223.22042846679688,414.1201171875,206.83999633789062,350.0,179.44078063964844,580.8683471679688,181.0589141845703,176.833984375,928.0374145507812
2024-11-12,509.5002746582031,148.2392120361328,223.22042846679688,419.0933837890625,208.91000366210938,328.489990234375,180.70436096191406,582.5118408203125,182.40216064453125,174.17518615722656,927.5399169921875
2024-11-13,508.84466552734375,146.2199249267578,224.10643005371094,421.2431945800781,214.10000610351562,330.239990234375,177.9781951904297,577.7108154296875,179.5863494873047,171.5658416748047,928.8829345703125
2024-11-14,505.3083190917969,146.7097625732422,227.19247436523438,422.91748046875,211.47999572753906,311.17999267578125,174.69482421875,574.8819580078125,176.46205139160156,168.40296936035156,919.093994140625
2024-11-15,493.2689208984375,141.93138122558594,223.98695373535156,411.13812255859375,202.61000061035156,320.7200012207031,171.6204071044922,551.89306640625,173.01937866210938,162.92724609375,902.361328125
2024-11-18,496.69598388671875,140.1020050048828,226.99337768554688,411.8910217285156,201.6999969482422,338.739990234375,174.41622924804688,552.2118530273438,175.91481018066406,163.74761962890625,914.73681640625
2024-11-19,500.1131286621094,146.9596710205078,227.252197265625,413.9021301269531,204.61000061035156,346.0,177.22201538085938,558.8755493164062,178.68087768554688,163.43133544921875,925.3215942382812
2024-11-20,499.8250427246094,145.84005737304688,227.9689483642578,411.62353515625,202.8800048828125,342.0299987792969,175.09280395507812,563.2879638671875,176.442138671875,161.35569763183594,923.2623291015625
2024-11-21,501.623046875,146.6197967529297,227.49111938476562,409.8466491699219,198.3800048828125,339.6400146484375,166.78489685058594,560.8675537109375,168.39263916015625,162.03768920898438,950.6891479492188
2024-11-22,502.4276123046875,141.90139770507812,228.83502197265625,413.9463806152344,197.1199951171875,352.55999755859375,163.9293670654297,556.9332275390625,165.7360382080078,162.32432556152344,959.0057983398438
2024-11-25,503.2222900390625,135.9734344482422,231.82151794433594,415.7232971191406,201.4499969482422,338.5899963378906,166.80479431152344,562.8795776367188,168.58168029785156,162.90748596191406,955.9019775390625
2024-11-26,505.9241638183594,136.87313842773438,234.0016632080078,424.8559265136719,207.86000061035156,338.2300109863281,168.2673797607422,571.2763061523438,169.7657470703125,162.8284149169922,966.4568481445312
2024-11-27,501.9408264160156,135.2936553955078,233.87225341796875,419.8925476074219,205.74000549316406,332.8900146484375,168.37684631347656,566.9534301757812,169.96475219726562,157.81724548339844,956.5585327148438
2024-11-29,506.351318359375,138.2026824951172,236.26145935058594,420.3591003417969,207.88999938964844,345.1600036621094,168.09825134277344,572.05322265625,169.63638305664062,160.19927978515625,966.8349609375
2024-12-02,511.86444091796875,138.58255004882812,238.51126098632812,427.82403564453125,210.7100067138672,357.0899963378906,170.6254425048828,590.4901733398438,172.11392211914062,164.57786560058594,969.938720703125
2024-12-03,513.4338989257812,140.2119903564453,241.5574951171875,428.04241943359375,213.44000244140625,351.4200134277344,170.4761962890625,611.22802734375,172.15371704101562,166.19883728027344,977.0516357421875
2024-12-04,519.7814331054688,145.09033203125,241.91586303710938,434.2168884277344,218.16000366210938,357.92999267578125,173.49093627929688,611.3575439453125,175.20834350585938,168.58087158203125,985.7760009765625
2024-12-05,518.3411865234375,145.0203399658203,241.9457244873047,439.3787536621094,220.5500030517578,369.489990234375,171.7696533203125,606.526611328125,173.43727111816406,168.49191284179688,977.1610107421875
2024-12-06,522.97998046875,142.40106201171875,241.74664306640625,440.32183837890625,227.02999877929688,389.2200012207031,173.8292236328125,621.30810546875,175.6063690185547,177.44680786132812,987.457275390625
2024-12-09,518.9073486328125,138.77203369140625,245.6390380859375,442.7538757324219,226.08999633789062,389.7900085449219,174.68585205078125,611.1483764648438,176.41322326660156,176.86363220214844,982.7318725585938
2024-12-10,517.1390991210938,135.03306579589844,246.65444946289062,440.0835876464844,225.0399932861328,400.989990234375,184.44761657714844,616.8756713867188,185.806640625,169.81637573242188,988.2432250976562
2024-12-11,526.3971557617188,139.2718963623047,245.3802032470703,445.7021484375,230.25999450683594,424.7699890136719,194.63772583007812,630.1829223632812,195.94717407226562,181.07418823242188,989.5265502929688
2024-12-12,522.9999389648438,137.30242919921875,246.84359741210938,446.2679443359375,228.97000122070312,418.1000061035156,191.21115112304688,628.3003540039062,192.8791046142578,178.5636749267578,983.2592163085938
2024-12-13,527.003173828125,134.21328735351562,247.0128173828125,443.9947204589844,227.4600067138672,436.2300109863281,189.07948303222656,617.9014892578125,190.63783264160156,222.19149780273438,984.2142944335938
2024-12-16,534.59228515625,131.96388244628906,249.90969848632812,448.2831115722656,232.92999267578125,463.0199890136719,195.89280700683594,622.2776489257812,197.39154052734375,247.0990753173828,987.7160034179688
2024-12-17,532.2380981445312,130.35433959960938,252.33872985839844,451.132080078125,231.14999389648438,479.8599853515625,194.65762329101562,617.4928588867188,196.35556030273438,237.4424591064453,976.9819946289062
2024-12-18,513.03662109375,128.874755859375,246.9331817626953,434.1871032714844,220.52000427246094,440.1300048828125,187.66500854492188,595.3128051757812,189.41259765625,221.02520751953125,959.73193359375
2024-12-19,510.7518005371094,130.6442413330078,248.66534423828125,433.8297424316406,223.2899932861328,436.1700134277344,187.7745819091797,593.6978759765625,188.96434020996094,215.7866973876953,949.8435668945312
2024-12-20,515.2120361328125,134.6631622314453,253.34420776367188,433.40289306640625,224.9199981689453,421.05999755859375,190.66326904296875,583.4103393554688,192.2117156982422,218.22799682617188,949.1173706054688
2024-12-23,520.2315673828125,139.63180541992188,254.1206817626953,432.0627746582031,225.05999755859375,430.6000061035156,193.87074279785156,597.9644165039062,195.22996520996094,230.2692108154297,944.9789428710938
2024-12-24,527.285888671875,140.18165588378906,257.0374755859375,436.11285400390625,229.0500030517578,462.2799987792969,195.34494018554688,605.839599609375,196.8038330078125,237.53355407714844,953.8427734375
2024-12-26,526.9276123046875,139.89173889160156,257.853759765625,434.9018249511719,227.0500030517578,454.1300048828125,194.83694458007812,601.453369140625,196.3356475830078,243.16270446777344,951.1766357421875
2024-12-27,519.9231567382812,136.9725341796875,254.43923950195312,427.3773193359375,223.75,431.6600036621094,192.0080108642578,597.924560546875,193.2875213623047,239.58502197265625,934.822021484375
2024-12-30,513.0081787109375,137.452392578125,251.06451416015625,421.71905517578125,221.3000030517578,417.4100036621094,190.49395751953125,589.3814697265625,191.9427490234375,233.47027587890625,917.4227294921875
2024-12-31,508.6503601074219,134.25328063964844,249.29251098632812,418.4134521484375,219.38999938964844,403.8399963378906,188.5615234375,583.6694946289062,189.7014617919922,229.76376342773438,911.513671875
2025-01-02,507.6553955078125,138.2721710205078,242.75210571289062,415.51483154296875,220.22000122070312,379.2799987792969,188.69100952148438,597.3563232421875,189.89073181152344,229.9025115966797,905.0870971679688
2025-01-03,515.9632568359375,144.4304962158203,242.26429748535156,420.24993896484375,224.19000244140625,410.44000244140625,191.0417938232422,602.7293701171875,192.38104248046875,230.46742248535156,911.822021484375
2025-01-06,521.8931274414062,149.38912963867188,243.8969268798828,424.7169494628906,227.61000061035156,411.04998779296875,196.10198974609375,628.218994140625,197.19232177734375,234.29286193847656,917.9201049804688
2025-01-07,512.580322265625,140.10166931152344,241.11949157714844,419.2770690917969,222.11000061035156,394.3599853515625,194.7273712158203,615.9476928710938,195.94717407226562,226.59243774414062,916.5870971679688
2025-01-08,512.6699829101562,140.0717010498047,241.60726928710938,421.4510803222656,222.1300048828125,394.94000244140625,193.193359375,608.8002319335938,194.6322784423828,227.25643920898438,922.5559692382812
2025-01-10,504.6307373046875,135.8728485107422,235.7836151123047,415.8821105957031,218.94000244140625,394.739990234375,191.2908172607422,613.924072265625,192.42088317871094,222.30120849609375,932.0762939453125
2025-01-13,503.0089416503906,133.19357299804688,233.34461975097656,414.1350402832031,218.4600067138672,403.30999755859375,190.2648468017578,606.4177856445312,191.54429626464844,223.2724151611328,919.8998413085938
2025-01-14,502.5313415527344,131.72396850585938,232.2296600341797,412.6261901855469,217.75999450683594,396.3599853515625,188.9200897216797,592.3820190429688,190.30911254882812,222.68771362304688,912.4685668945312
2025-01-15,514.0927124023438,136.2027587890625,236.79901123046875,423.188232421875,223.35000610351562,428.2200012207031,194.78712463378906,615.1801147460938,196.2161102294922,225.95816040039062,918.7060546875
2025-01-16,510.49102783203125,133.53347778320312,227.23228454589844,421.47088623046875,220.66000366210938,413.82000732421875,192.1574249267578,609.3783569335938,193.65609741210938,227.35552978515625,914.9755859375
2025-01-17,519.1072387695312,137.67234802246094,228.9445343017578,425.8883361816406,225.94000244140625,426.5,195.2353515625,610.8438720703125,196.78392028808594,235.31361389160156,938.2938842773438
2025-01-21,522.15185546875,140.79148864746094,221.63758850097656,425.3621826171875,230.7100067138672,424.07000732421875,197.27737426757812,614.5221557617188,198.85585021972656,238.15792846679688,942.8102416992188
2025-01-22,528.8279418945312,147.02981567382812,222.8222198486328,442.9325866699219,235.00999450683594,415.1099853515625,197.59613037109375,621.5400390625,199.25428771972656,238.75254821777344,939.7960205078125
2025-01-23,529.9523315429688,147.17974853515625,222.6529998779297,443.4388122558594,235.4199981689453,412.3800048828125,197.2076416015625,634.4493408203125,198.80604553222656,238.128173828125,937.2692260742188
2025-01-24,526.95751953125,142.58099365234375,221.77696228027344,440.8082275390625,234.85000610351562,406.5799865722656,199.428955078125,645.4547119140625,201.11703491210938,242.5085906982422,934.8020629882812
2025-01-27,511.6153564453125,118.38761901855469,228.8250732421875,431.3778381347656,235.4199981689453,397.1499938964844,191.06170654296875,657.8057861328125,193.01856994628906,200.31983947753906,960.2393188476562
2025-01-28,519.177001953125,128.95472717285156,237.18727111816406,443.92529296875,238.14999389648438,398.0899963378906,194.53810119628906,672.2103271484375,196.30577087402344,205.5030059814453,953.6934814453125
2025-01-29,518.201904296875,123.66617584228516,238.28231811523438,439.0909118652344,237.07000732421875,389.1000061035156,194.64767456054688,674.3634643554688,196.41534423828125,204.50204467773438,959.0157470703125
2025-01-30,520.4105834960938,124.61592102050781,236.520263671875,411.9510803222656,234.63999938964844,400.2799987792969,200.0863800048828,684.8403930664062,201.84420776367188,213.7286834716797,973.9279174804688
2025-01-31,519.6544799804688,120.03717041015625,234.93743896484375,412.0206298828125,237.67999267578125,404.6000061035156,203.22410583496094,687.0136108398438,204.8026885986328,219.28843688964844,974.7933959960938
2025-02-03,515.49560546875,116.62810516357422,226.98341369628906,407.9109191894531,237.4199981689453,383.67999267578125,200.44496154785156,695.267578125,201.85415649414062,215.78013610839844,1000.6087036132812
2025-02-04,521.8235473632812,118.6175537109375,231.75184631347656,409.3503112792969,242.05999755859375,392.2099914550781,205.57489013671875,701.9764404296875,206.90451049804688,220.4380340576172,1016.5554809570312
2025-02-05,524.1914672851562,124.79586029052734,231.42333984375,410.2635803222656,236.1699981689453,378.1700134277344,190.58358764648438,702.654296875,192.55038452148438,229.9223175048828,1037.46630859375
2025-02-06,526.9276123046875,128.64480590820312,232.1699676513672,412.77508544921875,238.8300018310547,374.32000732421875,190.8525390625,709.7518920898438,192.5603485107422,229.28807067871094,1045.5343017578125
2025-02-07,520.2813720703125,129.80447387695312,226.60511779785156,406.7494812011719,229.14999389648438,361.6199951171875,184.61695861816406,712.2739868164062,186.41427612304688,222.85618591308594,1039.538818359375
2025-02-10,526.5794067382812,133.53347778320312,226.8741912841797,409.2014465332031,233.13999938964844,350.7300109863281,185.74256896972656,715.14501953125,187.47015380859375,232.9351043701172,1057.57470703125
2025-02-11,525.3257446289062,132.76370239257812,231.82725524902344,408.4271240234375,232.75999450683594,328.5,184.5970458984375,717.537353515625,186.34454345703125,232.9351043701172,1054.00927734375
2025-02-12,525.6341552734375,131.10414123535156,236.06277465820312,406.0447082519531,228.92999267578125,336.510009765625,182.8937225341797,723.099853515625,184.7108917236328,234.23338317871094,1060.7615966796875
2025-02-13,533.1958618164062,135.25299072265625,240.70689392089844,407.5337219238281,230.3699951171875,355.94000244140625,185.41384887695312,726.2698364257812,187.1514129638672,233.6883087158203,1072.45361328125
2025-02-14,535.4345703125,138.81202697753906,243.76644897460938,405.43914794921875,228.67999267578125,355.8399963378906,184.50738525390625,734.3543090820312,186.14532470703125,230.95303344726562,1067.464111328125
2025-02-18,536.6483154296875,139.36187744140625,243.6368865966797,406.64031982421875,226.64999389648438,354.1099853515625,183.05307006835938,714.1181640625,185.07945251464844,226.48341369628906,1051.7088623046875
2025-02-19,536.7976684570312,139.1919403076172,244.03550720214844,411.73272705078125,226.6300048828125,360.55999755859375,184.54722595214844,701.5578002929688,186.40431213378906,226.68162536621094,1058.1922607421875
2025-02-20,534.5191040039062,140.0717010498047,244.9922332763672,413.91107177734375,222.8800048828125,354.3999938964844,183.83999633789062,692.6558837890625,185.91619873046875,224.70945739746094,1030.5955810546875
2025-02-21,523.4254150390625,134.3932342529297,244.71319580078125,406.03326416015625,216.5800018310547,337.79998779296875,178.95912170410156,681.4013061523438,180.87582397460938,216.70181274414062,1030.7947998046875
2025-02-24,517.2467041015625,130.244384765625,246.25791931152344,401.8457336425781,212.7100067138672,330.5299987792969,178.55072021484375,666.02978515625,180.4873504638672,206.06788635253906,1031.3624267578125
2025-02-25,510.7298278808594,126.59537506103516,246.1981201171875,395.77825927734375,212.8000030517578,302.79998779296875,174.73565673828125,655.4331665039062,176.68215942382812,200.72616577148438,1051.34033203125
2025-02-26,511.9635314941406,131.24411010742188,239.5408935546875,397.5985412597656,214.35000610351562,290.79998779296875,172.05615234375,671.582275390625,174.02252197265625,211.0330352783203,1027.747314453125
2025-02-27,497.74560546875,120.11714935302734,236.49131774902344,390.4368591308594,208.74000549316406,281.95001220703125,167.84266662597656,656.1708374023438,169.54994201660156,196.0286102294922,1017.529296875
2025-02-28,505.60577392578125,124.8858413696289,241.01583862304688,394.87310791015625,212.27999877929688,292.9800109863281,169.61570739746094,666.0995483398438,171.55213928222656,197.6439971923828,1044.3192138671875
2025-03-03,494.5418701171875,114.02880859375,237.2188262939453,386.4184265136719,205.02000427246094,284.6499938964844,166.35845947265625,652.9909057617188,168.00595092773438,185.69203186035156,1042.56640625
2025-03-04,493.0494384765625,115.95829010009766,235.1259765625,386.53778076171875,203.8000030517578,272.0400085449219,170.25320434570312,637.9881591796875,171.94061279296875,185.80104064941406,1032.627197265625
2025-03-05,499.47686767578125,117.26792907714844,234.93663024902344,398.8816223144531,208.36000061035156,279.1000061035156,172.3450164794922,654.4063720703125,174.3114013671875,189.86431884765625,1043.4627685546875
2025-03-06,485.73651123046875,110.53976440429688,234.5280303955078,394.7736511230469,200.6999969482422,263.45001220703125,171.67762756347656,625.9561767578125,173.534423828125,177.84295654296875,1022.4192504882812
2025-03-07,489.3084411621094,112.65919494628906,238.2552947998047,391.2127685546875,199.25,262.6700134277344,173.18174743652344,623.6932373046875,175.06845092773438,193.21405029296875,960.3641357421875
2025-03-10,470.3446044921875,106.95074462890625,226.70477294921875,378.13287353515625,194.5399932861328,222.14999389648438,165.41319274902344,596.1102905273438,167.34967041015625,182.79815673828125,930.5864868164062
2025-03-11,469.2203063964844,108.73026275634766,220.08740234375,378.42132568359375,196.58999633789062,230.5800018310547,163.58824157714844,603.8060302734375,165.52468872070312,188.38766479492188,926.6825561523438
2025-03-12,474.5134582519531,115.71900177001953,216.24057006835938,381.2262878417969,198.88999938964844,248.08999633789062,166.6497802734375,617.6124267578125,168.53640747070312,192.49057006835938,923.2864990234375
2025-03-13,465.97674560546875,115.55902862548828,208.96543884277344,376.7502746582031,193.88999938964844,240.67999267578125,162.31175231933594,588.7833862304688,164.27810668945312,189.6462860107422,886.9757690429688
2025-03-14,477.2396545410156,121.64791870117188,212.762451171875,386.4880676269531,197.9499969482422,249.97999572753906,165.03424072265625,606.2289428710938,167.16018676757812,193.78884887695312,900.2213134765625
2025-03-17,480.33392333984375,119.50830841064453,213.27073669433594,386.6273498535156,195.74000549316406,238.00999450683594,163.83753967285156,603.5350952148438,166.1130828857422,192.75816345214844,912.8593139648438
2025-03-18,472.1454772949219,115.4090576171875,211.96519470214844,381.4749450683594,192.82000732421875,225.30999755859375,160.22752380371094,581.0458984375,162.22377014160156,186.98037719726562,894.375244140625
2025-03-19,478.46343994140625,117.49867248535156,214.50650024414062,385.75201416015625,195.5399932861328,235.86000061035156,163.4386444091797,582.7420654296875,165.82386779785156,193.81858825683594,900.3507690429688
2025-03-20,476.8416748046875,118.50848388671875,213.37037658691406,384.7772521972656,194.9499969482422,236.25999450683594,162.35165405273438,584.6776733398438,164.59725952148438,189.405029296875,891.7361450195312
2025-03-21,478.4136657714844,117.67863464355469,217.5261688232422,389.1736755371094,196.2100067138672,248.7100067138672,163.53839111328125,594.9044799804688,165.79396057128906,190.51837158203125,905.5394287109375
2025-03-24,488.91217041015625,121.38796997070312,219.97779846191406,390.9839782714844,203.25999450683594,278.3900146484375,167.2182159423828,617.4534912109375,169.4638671875,190.11080932617188,922.250732421875
2025-03-25,491.7021789550781,120.66809844970703,222.9875030517578,393.0528564453125,205.7100067138672,288.1400146484375,170.09027099609375,624.8966674804688,172.3159942626953,187.13861083984375,926.4534912109375
2025-03-26,482.654541015625,113.7393569946289,220.77505493164062,387.89056396484375,201.1300048828125,272.05999755859375,164.60543823242188,609.6012573242188,166.6815185546875,178.20216369628906,925.945556640625
2025-03-27,479.9043273925781,111.40977478027344,223.087158203125,388.4972839355469,201.36000061035156,273.1300048828125,161.793212890625,601.2202758789062,163.62989807128906,170.96554565429688,934.9087524414062
2025-03-28,467.26953125,109.65009307861328,217.15740966796875,376.78009033203125,192.72000122070312,263.54998779296875,153.9049835205078,575.4385986328125,155.63189697265625,168.1126251220703,925.8558959960938
2025-03-31,467.24957275390625,108.3603286743164,221.37301635742188,373.3883361816406,190.25999450683594,259.1600036621094,154.21412658691406,575.0594482421875,155.8014373779297,166.43267822265625,941.9100341796875
2025-04-01,471.01611328125,110.13001251220703,222.4293975830078,380.1520080566406,192.1699981689453,268.4599914550781,156.637451171875,584.6776733398438,158.4441680908203,167.51620483398438,950.4947509765625
2025-04-02,474.453857421875,110.39995574951172,223.12701416015625,380.102294921875,196.00999450683594,282.760009765625,156.6074981689453,582.6123046875,158.42422485351562,171.06492614746094,961.1310424804688
2025-04-03,449.0545959472656,101.78153228759766,202.49755859375,371.12042236328125,178.41000366210938,267.2799987792969,150.30491638183594,530.4203491210938,152.21131896972656,153.09262084960938,963.1228637695312
2025-04-04,421.16436767578125,94.29288482666016,187.738037109375,357.9211730957031,171.0,239.42999267578125,145.19903564453125,503.591064453125,147.33474731445312,145.41860961914062,912.7298583984375
2025-04-07,422.1806945800781,97.62227630615234,180.84161376953125,355.9517517089844,175.25999450683594,233.2899932861328,146.34585571289062,515.0850830078125,148.83062744140625,153.22186279296875,904.4140014648438
2025-04-08,414.577880859375,96.28252410888672,171.83242797851562,352.66937255859375,170.66000366210938,221.86000061035156,144.30149841308594,509.2981262207031,146.17791748046875,155.10060119628906,905.031494140625
2025-04-09,464.3399963378906,114.30925750732422,198.17234802246094,388.40777587890625,191.10000610351562,272.20001220703125,158.27293395996094,584.4481811523438,160.61819458007812,184.04713439941406,961.2406005859375
2025-04-10,444.590576171875,107.55047607421875,189.77105712890625,379.3165283203125,181.22000122070312,252.39999389648438,152.39913940429688,545.0572509765625,154.9438018798828,171.273681640625,960.3641357421875
2025-04-11,452.78131103515625,110.90986633300781,197.4747314453125,386.378662109375,184.8699951171875,252.30999755859375,156.70724487304688,542.3433837890625,158.96273803710938,180.85626220703125,959.4678344726562
2025-04-14,455.850341796875,110.68990325927734,201.829833984375,385.7420654296875,182.1199951171875,252.35000610351562,158.63192749023438,530.2807006835938,161.02708435058594,177.29759216308594,975.3128051757812
2025-04-15,456.3585205078125,112.17963409423828,201.45114135742188,383.67315673828125,179.58999633789062,254.11000061035156,155.87953186035156,520.3431396484375,158.24472045898438,177.88406372070312,972.9225463867188
2025-04-16,442.59771728515625,104.47103881835938,193.6079559326172,369.62841796875,174.3300018310547,241.5500030517578,152.90773010253906,501.176513671875,155.07342529296875,173.56991577148438,963.7901000976562
2025-04-17,442.51800537109375,101.47157287597656,196.3087158203125,365.81884765625,172.61000061035156,241.3699951171875,150.7436981201172,500.3484191894531,152.93931579589844,169.9714813232422,990.4306640625
2025-04-21,431.5671081542969,96.89241790771484,192.50172424316406,357.205078125,167.32000732421875,227.5,147.26332092285156,483.56634521484375,149.44891357421875,165.219970703125,953.8508911132812
2025-04-22,442.89666748046875,98.8720474243164,199.059326171875,364.864013671875,173.17999267578125,237.97000122070312,151.0528564453125,499.1510925292969,153.4778289794922,168.56988525390625,975.2230834960938
2025-04-23,452.94073486328125,102.69136047363281,203.9027557373047,372.3936462402344,180.60000610351562,250.74000549316406,154.92218017578125,519.0960083007812,157.28736877441406,175.85621643066406,971.8469848632812
2025-04-24,465.6851806640625,106.41067504882812,207.65989685058594,385.2347412109375,186.5399932861328,259.510009765625,158.84133911132812,531.9469604492188,161.02708435058594,187.02926635742188,971.4884643554688
2025-04-25,470.8766174316406,110.98986053466797,208.56678771972656,389.7605285644531,188.99000549316406,284.95001220703125,161.51397705078125,546.0350341796875,163.40054321289062,191.16448974609375,973.16162109375
2025-04-28,470.7271423339844,108.71026611328125,209.42388916015625,389.0741882324219,187.6999969482422,285.8800048828125,160.1676788330078,548.4994506835938,161.97445678710938,191.3235321044922,974.535888671875
2025-04-29,473.8360290527344,109.00021362304688,210.490234375,391.9388427734375,187.38999938964844,292.0299987792969,159.71893310546875,553.1888427734375,161.6154327392578,190.03128051757812,987.64208984375
2025-04-30,473.7762451171875,108.90023040771484,211.7758331298828,393.15234375,184.4199981689453,282.1600036621094,158.3626708984375,547.7611694335938,160.4486541748047,191.3235321044922,990.4306640625
2025-05-01,479.964111328125,111.5897445678711,212.59304809570312,423.1316223144531,190.1999969482422,280.5199890136719,160.8557891845703,570.9188232421875,162.34344482421875,196.15460205078125,994.9520263671875
2025-05-02,487.0886535644531,114.4792251586914,204.65020751953125,432.95892333984375,189.97999572753906,287.2099914550781,163.57826232910156,595.6728515625,165.3551483154297,202.427001953125,1005.4825439453125
2025-05-05,484.198974609375,113.79934692382812,198.21221923828125,433.8442077636719,186.35000610351562,280.260009765625,163.75778198242188,597.917724609375,165.59449768066406,199.52439880371094,1012.0540771484375
2025-05-06,479.6950988769531,113.51940155029297,197.83351135253906,430.9994201660156,185.00999450683594,275.3500061035156,162.78045654296875,585.9846801757812,164.746826171875,198.8981475830078,1007.6763916015625
2025-05-07,481.5783386230469,117.03875732421875,195.58120727539062,431.03924560546875,188.7100067138672,276.2200012207031,150.96311950683594,595.4632568359375,152.380859375,203.5900421142578,1004.3357543945312
2025-05-08,486.5505676269531,117.34870910644531,196.81698608398438,435.83355712890625,192.0800018310547,284.82000732421875,153.85511779785156,596.6605834960938,155.32276916503906,206.53240966796875,1004.8941650390625
2025-05-09,486.2317199707031,116.62882995605469,197.8534393310547,436.3905334472656,193.05999755859375,298.260009765625,152.32931518554688,591.1530151367188,153.95651245117188,206.9598388671875,1005.273193359375
2025-05-12,506.0408935546875,122.9776840209961,210.3471221923828,446.8644104003906,208.63999938964844,318.3800048828125,158.02362060546875,637.9871215820312,159.14224243164062,220.2601318359375,1013.3106079101562
2025-05-13,513.7533569335938,129.9064178466797,212.48263549804688,446.74505615234375,211.3699951171875,334.07000732421875,159.09066772460938,654.5496826171875,160.4486541748047,231.0355682373047,996.2384643554688
2025-05-14,516.832275390625,135.3154296875,211.8839111328125,450.5247802734375,210.25,347.67999267578125,164.91458129882812,657.8721313476562,166.3524169921875,230.73736572265625,988.7693481445312
2025-05-15,517.4003295898438,134.80552673339844,211.00575256347656,451.5412292480469,205.1699981689453,342.82000732421875,163.5084686279297,642.427001953125,164.94627380371094,231.2542724609375,1007.646484375
2025-05-16,519.6522827148438,135.37542724609375,210.81614685058594,452.67718505859375,205.58999633789062,349.9800109863281,165.73231506347656,638.8950805664062,166.97071838378906,227.24826049804688,1022.9635009765625
2025-05-19,520.1504516601562,135.54539489746094,208.3413543701172,457.26104736328125,206.16000366210938,342.0899963378906,166.08132934570312,638.98486328125,167.4095001220703,229.25624084472656,1031.44970703125
2025-05-20,518.4166870117188,134.35562133789062,206.42539978027344,456.56353759765625,204.07000732421875,343.82000732421875,163.5283966064453,635.662353515625,164.86651611328125,230.2999725341797,1033.9227294921875
2025-05-21,511.21240234375,131.7760772705078,201.66542053222656,450.9831848144531,201.1199951171875,334.6199951171875,168.09579467773438,634.0659790039062,169.593505859375,228.36158752441406,1022.4351196289062
2025-05-22,512.1690063476562,132.80589294433594,200.93695068359375,453.26513671875,203.10000610351562,341.0400085449219,170.39942932128906,635.133544921875,171.50823974609375,229.15682983398438,1015.2850341796875
2025-05-23,507.4259338378906,131.26617431640625,194.8597412109375,448.6015319824219,200.99000549316406,339.3399963378906,168.00604248046875,625.64501953125,169.12478637695312,227.35760498046875,1005.6819458007812
2025-05-27,519.3632202148438,135.47540283203125,199.78936767578125,459.07470703125,206.02000427246094,362.8900146484375,172.423828125,640.87060546875,173.50274658203125,234.246337890625,1014.9459838867188
2025-05-28,517.0614624023438,134.78553771972656,199.99893188476562,455.75634765625,204.72000122070312,356.8999938964844,171.8853302001953,642.1277465820312,172.90440368652344,238.00379943847656,1010.3090209960938
2025-05-29,518.077880859375,139.1647491455078,199.5299072265625,457.0717468261719,205.6999969482422,358.42999267578125,171.38671875,643.594482421875,172.48556518554688,240.52870178222656,1005.9213256835938
2025-05-30,517.2607421875,135.10548400878906,200.4280242919922,458.7458190917969,205.00999450683594,346.4599914550781,171.2670440673828,646.0289306640625,172.3758544921875,240.62808227539062,1037.2734375
2025-06-02,521.3462524414062,137.35507202148438,201.27622985839844,460.3502197265625,206.64999389648438,342.69000244140625,168.5644989013672,669.3860473632812,169.90264892578125,247.22854614257812,1053.8968505859375
2025-06-03,525.4215698242188,141.19436645507812,202.8429412841797,461.3466796875,205.7100067138672,344.2699890136719,165.7223358154297,665.34521484375,167.2499542236328,255.32005310058594,1052.6402587890625
2025-06-04,526.8863525390625,141.8942413330078,202.3938751220703,462.2435302734375,207.22999572753906,332.04998779296875,167.5872039794922,686.3976440429688,168.9253387451172,259.5248107910156,1048.751220703125
2025-06-05,522.9205322265625,139.964599609375,200.20848083496094,466.0401611328125,207.91000366210938,284.70001220703125,167.74676513671875,683.0751342773438,169.3441925048828,258.3817138671875,1007.9855346679688
2025-06-06,528.0322265625,141.69427490234375,203.49156188964844,468.7307434082031,213.57000732421875,295.1400146484375,173.2017059326172,696.1355590820312,174.44017028808594,245.45913696289062,1012.1039428710938
2025-06-09,528.8095703125,142.6041259765625,201.02674865722656,471.0924072265625,216.97999572753906,308.5799865722656,175.817626953125,692.4937744140625,177.3556671142578,242.82493591308594,1003.3684692382812
2025-06-10,532.3070068359375,143.9338836669922,202.24420166015625,469.26885986328125,217.61000061035156,326.0899963378906,178.3237762451172,700.8150024414062,179.7319793701172,243.1728515625,1004.4553833007812
2025-06-11,530.5133666992188,142.81399536132812,198.36236572265625,470.9628601074219,213.1999969482422,326.42999267578125,177.07569885253906,692.5736083984375,178.51385498046875,251.4035186767578,993.9947509765625
2025-06-12,531.7589111328125,144.98374938964844,198.78147888183594,477.1909484863281,213.24000549316406,319.1099853515625,175.42823791503906,691.79541015625,176.69668579101562,254.54470825195312,999.908203125
2025-06-13,525.0828857421875,141.95408630371094,196.03726196289062,473.2946472167969,212.10000610351562,325.30999755859375,174.39984130859375,681.3291015625,175.60838317871094,247.21859741210938,987.443115234375
2025-06-16,532.38671875,144.6737823486328,198.0031280517578,477.46002197265625,216.10000610351562,329.1300048828125,176.49659729003906,701.0746459960938,177.66519165039062,250.59835815429688,981.6094360351562
2025-06-17,527.1952514648438,144.1038360595703,195.2289581298828,476.3638610839844,214.82000732421875,316.3500061035156,175.6778564453125,696.19189453125,176.95628356933594,247.8845977783203,974.9879760742188
2025-06-18,527.1055908203125,145.46368408203125,196.1669921875,478.5561218261719,212.52000427246094,322.04998779296875,173.05194091796875,694.7340698242188,173.7113037109375,249.7633514404297,972.1759033203125
2025-06-20,524.9533081054688,143.83387756347656,200.5777130126953,475.7261047363281,209.69000244140625,322.1600036621094,166.38226318359375,681.3341064453125,167.470947265625,249.08583068847656,977.55078125
2025-06-23,530.3511352539062,144.15383911132812,201.07664489746094,484.29595947265625,208.47000122070312,348.67999267578125,164.9344940185547,697.4900512695312,165.75360107421875,252.85214233398438,1001.6731567382812
2025-06-24,538.4612426757812,147.88340759277344,199.87918090820312,488.3915100097656,212.77000427246094,340.4700012207031,166.51206970214844,711.1396484375,167.48094177246094,262.81597900390625,999.1203002929688
2025-06-25,539.8377685546875,154.29270935058594,201.1365203857422,490.5439758300781,211.99000549316406,327.54998779296875,170.41600036621094,707.6248779296875,171.2251434326172,263.6927795410156,983.7833251953125
2025-06-26,544.885498046875,155.00262451171875,200.5777130126953,495.705810546875,217.1199951171875,325.7799987792969,173.27159118652344,725.009033203125,174.1605987548828,269.1928405761719,980.1634521484375
2025-06-27,546.7509155273438,157.73231506347656,200.6575469970703,494.20111083984375,223.3000030517578,323.6300048828125,178.25387573242188,732.5377197265625,177.9946746826172,268.37579345703125,982.3872680664062
2025-06-30,550.292236328125,157.97230529785156,204.7389373779297,495.66595458984375,219.38999938964844,317.6600036621094,175.95741271972656,736.9910888671875,177.11602783203125,274.65301513671875,987.173828125
2025-07-01,545.653564453125,153.2828369140625,207.3833770751953,490.32470703125,220.4600067138672,300.7099914550781,175.56802368164062,718.149169921875,176.63677978515625,263.7824401855469,983.2049560546875
2025-07-02,549.4542846679688,157.2323760986328,211.99366760253906,489.36810302734375,219.9199981689453,315.6499938964844,178.3636932373047,712.5076293945312,179.4823760986328,268.9237976074219,979.614990234375
2025-07-03,554.8610229492188,159.3221435546875,213.10133361816406,497.0909423828125,223.41000366210938,315.3500061035156,179.2523193359375,717.9395141601562,180.27114868164062,274.1846923828125,984.2620239257812
2025-07-07,550.6813354492188,158.22227478027344,209.50889587402344,495.974853515625,223.47000122070312,293.94000244140625,176.5165557861328,717.2804565429688,177.2857666015625,273.1883239746094,989.4075317382812
2025-07-08,550.9906005859375,159.98207092285156,209.5687713623047,494.8786926269531,219.36000061035156,297.80999755859375,174.09031677246094,719.5970458984375,174.8894805908203,270.81689453125,983.0853271484375
2025-07-09,554.8909912109375,162.86175537109375,210.69639587402344,501.74456787109375,222.5399932861328,295.8800048828125,176.34681701660156,731.6890258789062,177.38563537597656,276.8948669433594,979.3458251953125
2025-07-10,554.0929565429688,164.0816192626953,211.9637451171875,499.7216796875,222.25999450683594,309.8699951171875,177.34527587890625,726.1572265625,178.42401123046875,274.4039001464844,967.4590454101562
2025-07-11,552.845947265625,164.90151977539062,210.7163543701172,501.5552062988281,225.02000427246094,313.510009765625,179.91131591796875,716.4417114257812,181.0299835205078,273.3876037597656,967.61865234375
2025-07-14,554.85107421875,164.05162048339844,208.1816864013672,501.2562561035156,225.69000244140625,316.8999938964844,181.2791748046875,719.8466796875,182.52764892578125,274.6031799316406,978.1690673828125
2025-07-15,555.3598022460938,170.6808624267578,208.67066955566406,504.04644775390625,226.35000610351562,310.7799987792969,181.718505859375,709.3323364257812,182.8172149658203,279.9238586425781,964.97607421875
2025-07-16,555.9284057617188,171.35079956054688,209.7184600830078,503.84716796875,223.19000244140625,321.6700134277344,182.68701171875,701.8634643554688,183.48617553710938,279.7943115234375,948.7116088867188
2025-07-17,560.4273681640625,172.98062133789062,209.57875061035156,509.9058532714844,223.8800048828125,319.4100036621094,183.29605102539062,700.3656616210938,184.4147491455078,285.4139404296875,951.2445068359375
2025-07-18,559.8887329101562,172.39068603515625,210.73631286621094,508.2615966796875,226.1300048828125,329.6499938964844,184.77377319335938,703.2314453125,185.65283203125,282.315185546875,948.2927856445312
2025-07-21,562.7916259765625,171.36080932617188,212.03358459472656,508.2716064453125,229.3000030517578,328.489990234375,189.8059844970703,711.9085083007812,190.8547821044922,287.1675720214844,944.9122924804688
2025-07-22,559.8787841796875,167.01129150390625,213.9495391845703,503.4983825683594,227.47000122070312,332.1099853515625,191.04405212402344,703.7606811523438,191.81329345703125,277.5823669433594,938.9788818359375
2025-07-23,562.4324951171875,170.7608642578125,213.7000732421875,504.09625244140625,228.2899932861328,332.55999755859375,189.93577575683594,712.5176391601562,191.21421813964844,282.6639404296875,938.56005859375
2025-07-24,563.6295776367188,173.7205352783203,213.31089782714844,509.0887451171875,232.22999572753906,305.29998779296875,191.8727569580078,713.7357177734375,192.901611328125,287.665771484375,931.1907348632812
2025-07-25,564.9862670898438,173.48056030273438,213.43064880371094,511.9088439941406,231.44000244140625,316.05999755859375,192.88119506835938,711.6189575195312,193.78025817871094,289.13043212890625,932.865966796875
2025-07-28,566.7518920898438,176.73019409179688,213.6002960205078,510.7030334472656,232.7899932861328,325.5899963378906,192.28213500976562,716.5615844726562,193.12127685546875,293.23553466796875,931.380126953125
2025-07-29,565.8740844726562,175.49032592773438,210.8261260986328,510.7727966308594,231.00999450683594,321.20001220703125,195.44723510742188,698.9578247070312,196.12661743164062,296.34429931640625,931.9585571289062
2025-07-30,566.6322631835938,179.2499237060547,208.6107940673828,511.4404296875,230.19000244140625,319.0400085449219,196.2260284423828,694.1749877929688,197.13507080078125,301.52545166015625,924.9182739257812
2025-07-31,563.6295776367188,177.85006713867188,207.1339111328125,531.62939453125,234.11000061035156,308.2699890136719,191.60317993164062,772.2884521484375,192.56214904785156,292.6377258300781,937.014404296875
2025-08-01,552.5267333984375,173.70053100585938,201.95480346679688,522.2722778320312,214.75,302.6300048828125,188.8374786376953,748.8933715820312,189.65663146972656,287.5960388183594,951.1743774414062
2025-08-04,562.7218017578125,179.97982788085938,202.9227752685547,533.7619018554688,211.64999389648438,309.260009765625,194.7383270263672,775.2140502929688,195.44769287109375,296.6431884765625,954.0203247070312
2025-08-05,558.901123046875,178.24002075195312,202.49366760253906,525.8995361328125,213.75,308.7200012207031,194.368896484375,762.3233642578125,195.0183563232422,291.8704833984375,942.296875
2025-08-06,565.9339599609375,179.39988708496094,212.8019561767578,523.0994262695312,222.30999755859375,319.9100036621094,195.78671264648438,770.8406372070312,196.61587524414062,300.5788879394531,967.191650390625
2025-08-07,567.8491821289062,180.749755859375,219.56771850585938,519.0137939453125,223.1300048828125,322.2699890136719,196.21604919433594,760.6957397460938,196.97531127929688,302.6613464355469,976.069091796875
2025-08-08,573.146240234375,182.6795196533203,228.86813354492188,520.2095947265625,222.69000244140625,329.6499938964844,201.10845947265625,768.1546630859375,201.77789306640625,303.866943359375,979.5941162109375
2025-08-11,571.4503784179688,182.0395965576172,226.95997619628906,519.9405517578125,221.3000030517578,339.0299987792969,200.68911743164062,764.7296752929688,201.318603515625,302.8008117675781,987.3431396484375
2025-08-12,578.6328125,183.1394805908203,229.42758178710938,527.3843383789062,221.47000122070312,340.8399963378906,203.02549743652344,788.8237915039062,203.84469604492188,311.6985168457031,989.849609375
2025-08-13,578.922119140625,181.5696563720703,233.10403442382812,518.7546997070312,224.55999755859375,339.3800048828125,201.6476287841797,778.9186401367188,202.7164306640625,307.9720458984375,977.4671020507812
2025-08-14,578.4732666015625,181.99960327148438,232.5545654296875,520.6480102539062,230.97999572753906,335.5799865722656,202.62611389160156,780.9655151367188,203.50523376464844,310.1043395996094,974.0120239257812
2025-08-15,575.929443359375,180.42977905273438,231.36570739746094,518.3461303710938,231.02999877929688,330.55999755859375,203.58462524414062,784.0609130859375,204.59353637695312,305.2320251464844,970.666748046875
2025-08-18,575.699951171875,181.98959350585938,230.66639709472656,515.286865234375,231.49000549316406,335.1600036621094,203.18524169921875,766.2274780273438,203.9744873046875,304.65411376953125,977.9663696289062
2025-08-19,567.88916015625,175.6203155517578,230.3367156982422,507.98260498046875,228.00999450683594,329.30999755859375,201.25823974609375,750.3611450195312,202.17727661132812,293.8433532714844,979.4642944335938
2025-08-20,564.5174560546875,175.38034057617188,225.79110717773438,503.9468078613281,223.80999755859375,323.8999938964844,199.01171875,746.6067504882812,199.88082885742188,290.11688232421875,993.1649169921875
2025-08-21,561.90380859375,174.96038818359375,224.68218994140625,503.2980041503906,221.9499969482422,320.1099853515625,199.44105529785156,737.9995727539062,200.31015014648438,288.55255126953125,968.31005859375
2025-08-22,570.5725708007812,177.97006225585938,227.53941345214844,506.2824401855469,228.83999633789062,340.010009765625,205.771240234375,753.6661987304688,206.40074157714844,292.9366149902344,957.185791015625
2025-08-25,568.9265747070312,179.78985595703125,226.94000244140625,503.3179931640625,227.94000244140625,346.6000061035156,208.1675262451172,752.1784057617188,208.8369598388672,293.1658020019531,940.2498168945312
2025-08-26,571.2109985351562,181.7496337890625,229.08792114257812,501.1021423339844,228.7100067138672,351.6700134277344,206.81961059570312,752.9772338867188,207.6288299560547,296.93212890625,940.0101318359375
2025-08-27,572.0888671875,181.57965087890625,230.26678466796875,505.7933349609375,229.1199951171875,349.6000061035156,207.15908813476562,746.2672729492188,207.88844299316406,299.1640319824219,948.1785888671875
2025-08-28,575.6701049804688,180.14981079101562,232.33477783203125,508.68792724609375,231.60000610351562,345.9800109863281,211.31265258789062,749.99169921875,212.0419921875,307.53363037109375,943.625
2025-08-29,569.0064086914062,174.1604766845703,231.91517639160156,505.7434387207031,229.0,333.8699951171875,212.58070373535156,737.6001586914062,213.20022583007812,296.31439208984375,941.9873046875
2025-09-02,564.2380981445312,170.7608642578125,229.49752807617188,504.1763610839844,225.33999633789062,329.3599853515625,211.0231170654297,734.0155029296875,211.66261291503906,297.16131591796875,937.4937133789062
2025-09-03,568.67724609375,170.60089111328125,238.2390594482422,504.40594482421875,225.99000549316406,334.0899963378906,230.30325317382812,735.95263671875,230.7430877685547,301.2962951660156,948.438232421875
2025-09-04,573.8245849609375,171.64077758789062,239.5477752685547,507.02105712890625,235.67999267578125,338.5299987792969,231.94070434570312,747.535400390625,232.30067443847656,304.9928894042969,954.549560546875
2025-09-05,574.6525268554688,167.0012969970703,239.45787048339844,494.0752868652344,232.3300018310547,350.8399963378906,234.63653564453125,751.3297729492188,234.80679321289062,333.6787414550781,962.1188354492188
2025-09-08,577.4556884765625,168.2911376953125,237.64962768554688,497.2693176269531,235.83999633789062,346.3999938964844,233.8870086669922,751.179931640625,234.00732421875,344.3998107910156,970.4769897460938
2025-09-09,579.0917358398438,170.74085998535156,234.123046875,497.4789123535156,238.24000549316406,346.9700012207031,239.47335815429688,764.5599975585938,239.78355407714844,335.45233154296875,977.8665771484375
2025-09-10,579.28125,177.3101348876953,226.5703582763672,499.43524169921875,230.3300018310547,347.7900085449219,239.01365661621094,750.8604125976562,239.40379333496094,368.23333740234375,954.93896484375
2025-09-11,582.6529541015625,177.16014099121094,229.80722045898438,500.0740661621094,229.9499969482422,368.80999755859375,240.21287536621094,749.7820434570312,240.6230010986328,358.32928466796875,962.9576416015625
2025-09-12,585.2266235351562,177.8101043701172,233.84332275390625,508.94744873046875,228.14999389648438,395.94000244140625,240.64259338378906,754.465087890625,241.22262573242188,358.5683898925781,966.5326538085938
2025-09-15,590.234375,177.74009704589844,236.47076416015625,514.397216796875,231.42999267578125,410.0400085449219,251.44552612304688,763.5614624023438,251.59584045410156,362.77313232421875,958.7435913085938
2025-09-16,589.7356567382812,174.87026977539062,237.9193572998047,508.08905029296875,234.0500030517578,421.6199951171875,250.99581909179688,777.8401489257812,251.25607299804688,358.6979064941406,950.7249755859375
2025-09-17,588.5585327148438,170.280517578125,238.75856018066406,509.06719970703125,231.6199951171875,425.8599853515625,249.36688232421875,774.5650634765625,249.68710327148438,344.9179382324219,961.6694946289062
2025-09-18,593.865478515625,176.23019409179688,237.64962768554688,507.5001525878906,231.22999572753906,416.8500061035156,251.86524963378906,779.0883178710938,252.1654815673828,344.1009216308594,951.0145263671875
2025-09-19,597.8856201171875,176.66015625,245.26223754882812,516.96240234375,231.47999572753906,426.07000732421875,254.55349731445312,777.2210693359375,255.07357788085938,343.6923828125,949.8162231445312
2025-09-22,601.4251098632812,183.5997772216797,255.8319854736328,513.4889526367188,227.6300048828125,434.2099914550781,252.36492919921875,764.5364379882812,252.71511840820312,338.14300537109375,941.9274291992188
2025-09-23,597.4302978515625,178.42005920410156,254.18359375,508.2787170410156,220.7100067138672,425.8500061035156,251.49549865722656,754.784423828125,252.1754608154297,338.292724609375,942.2669067382812
2025-09-24,595.3329467773438,176.96014404296875,252.06564331054688,509.19696044921875,220.2100067138672,442.7900085449219,246.97845458984375,760.0401000976562,247.6684112548828,338.6620178222656,943.9345703125
2025-09-25,592.7662963867188,177.68011474609375,256.6212158203125,506.0827941894531,218.14999389648438,423.3900146484375,245.6293182373047,748.2996826171875,246.40924072265625,335.4581298828125,941.9773559570312
2025-09-26,595.203125,178.18008422851562,255.2126007080078,510.5045166015625,219.77999877929688,440.3999938964844,246.3788299560547,743.1439208984375,247.01882934570312,333.8911437988281,914.656005859375
2025-09-29,597.9595947265625,181.8398895263672,254.18359375,513.6386108398438,222.1699981689453,443.2099914550781,243.89047241210938,742.794189453125,244.20066833496094,327.2738037109375,915.57470703125
2025-09-30,599.5974731445312,186.56961059570312,254.38340759277344,516.982421875,219.57000732421875,444.7200012207031,242.94110107421875,733.7815551757812,243.39120483398438,329.27996826171875,924.3223266601562
2025-10-01,602.4737548828125,187.22958374023438,255.20260620117188,518.7391357421875,220.6300048828125,459.4599914550781,244.7399139404297,716.7554321289062,245.37989807128906,332.7533264160156,916.0440673828125
2025-10-02,604.9505615234375,188.87948608398438,256.8809814453125,514.7765502929688,222.41000366210938,436.0,245.52940368652344,726.45751953125,246.26931762695312,337.5341491699219,915.474853515625
2025-10-03,602.4038696289062,187.6095428466797,257.7701110839844,516.3834838867188,219.50999450683594,429.8299865722656,245.1896209716797,709.98095703125,246.289306640625,337.7237854003906,914.0867919921875
2025-10-06,606.9280395507812,185.5296630859375,256.44140625,527.5825805664062,220.89999389648438,453.25,250.26629638671875,715.0767822265625,251.34600830078125,334.84930419921875,909.653076171875
2025-10-07,603.732177734375,185.02969360351562,256.23162841796875,523.0010986328125,221.77999877929688,433.0899963378906,245.59934997558594,712.4989013671875,246.9688720703125,335.7675476074219,913.5076293945312
2025-10-08,610.6532592773438,189.09947204589844,257.8100891113281,523.8695068359375,225.22000122070312,438.69000244140625,244.46009826660156,717.2550659179688,245.29995727539062,344.8401794433594,913.5076293945312
2025-10-09,609.9141845703125,192.5592803955078,253.79396057128906,521.4241333007812,227.74000549316406,435.5400085449219,241.3721160888672,732.9122314453125,242.0520782470703,344.361083984375,941.5579223632812
2025-10-10,588.741455078125,183.14981079101562,245.032470703125,510.0054626464844,216.3699951171875,413.489990234375,236.4153594970703,704.7252197265625,237.3351593017578,324.0100402832031,928.6961669921875
2025-10-13,601.2353515625,188.3095245361328,247.42015075683594,513.0896606445312,220.07000732421875,435.8999938964844,243.9904022216797,715.1167602539062,244.48048400878906,356.018798828125,934.23828125
2025-10-14,597.2305297851562,180.0199737548828,247.53004455566406,512.610595703125,216.38999938964844,429.239990234375,245.28955078125,708.072509765625,246.02947998046875,343.4728088378906,945.1728515625
2025-10-15,601.445068359375,179.8199920654297,249.09852600097656,512.4708251953125,215.57000732421875,435.1499938964844,250.86590576171875,716.9652709960938,251.54588317871094,350.6590270996094,953.6408081054688
2025-10-16,599.2179565429688,181.7998809814453,247.21035766601562,510.65423583984375,214.47000122070312,428.75,251.29562377929688,711.48974609375,251.7157745361328,353.4736633300781,924.3123168945312
2025-10-17,603.1528930664062,183.20980834960938,252.045654296875,512.62060546875,213.0399932861328,439.30999755859375,253.13442993164062,716.3357543945312,253.62451171875,348.6628723144531,935.0072021484375
2025-10-20,610.7530517578125,182.6298370361328,261.98602294921875,515.8245239257812,216.47999572753906,447.42999267578125,256.3822937011719,731.5733032226562,256.8524169921875,348.5730285644531,934.7874755859375
2025-10-21,610.5933227539062,181.14991760253906,262.5155029296875,516.6929321289062,222.02999877929688,442.6000061035156,250.29627990722656,732.6724853515625,251.17611694335938,342.005615234375,936.175537109375
2025-10-22,604.7108764648438,180.26995849609375,258.19970703125,519.5675659179688,217.9499969482422,438.9700012207031,251.52548217773438,732.8123168945312,252.36534118652344,339.6501159667969,943.3453979492188
2025-10-23,609.7943725585938,182.1498565673828,259.3285827636719,519.5875244140625,221.08999633789062,448.9800109863281,252.91456604003906,733.40185546875,253.56455993652344,343.63250732421875,940.7191162109375
2025-10-24,616.305908203125,186.24961853027344,262.56549072265625,522.6318359375,224.2100067138672,433.7200012207031,259.7501220703125,737.75830078125,260.34014892578125,353.4537048339844,930.8231201171875
2025-10-27,627.2818603515625,191.47933959960938,268.5496520996094,530.527099609375,226.97000122070312,452.4200134277344,269.0939636230469,750.2081298828125,269.7539978027344,361.35858154296875,928.5363159179688
2025-10-28,632.1055908203125,201.01881408691406,268.7394714355469,541.057373046875,229.25,460.54998779296875,267.295166015625,750.82763671875,268.2549743652344,372.2577209472656,922.8543701171875
2025-10-29,634.9519653320312,207.02847290039062,269.4388122558594,540.538330078125,230.3000030517578,461.510009765625,274.3905334472656,751.0574340820312,274.9906005859375,385.2428894042969,911.1309814453125
2025-10-30,625.2444458007812,202.8787078857422,271.13714599609375,524.77783203125,222.86000061035156,440.1000061035156,281.2960205078125,665.9268798828125,281.7161865234375,375.75103759765625,918.8800048828125
2025-10-31,628.2605590820312,202.47872924804688,270.108154296875,516.8426513671875,244.22000122070312,456.55999755859375,281.0061950683594,647.8216552734375,281.6362609863281,368.9241027832031,911.4500122070312
2025-11-03,631.2666625976562,206.8684844970703,268.7894287109375,516.0641479492188,254.0,468.3699951171875,283.5345458984375,637.1903686523438,283.93475341796875,361.85760498046875,928.0399780273438
2025-11-04,618.4531860351562,198.67893981933594,269.7784729003906,513.3692016601562,249.32000732421875,444.260009765625,277.35858154296875,626.8087768554688,277.8786926269531,351.26788330078125,940.739990234375
2025-11-05,622.47802734375,195.1991424560547,269.8783874511719,506.2125549316406,250.1999969482422,462.07000732421875,284.1241455078125,635.4317626953125,284.5643310546875,358.2944641113281,935.030029296875
2025-11-06,610.8829345703125,188.0695343017578,269.50872802734375,496.1713562011719,243.0399932861328,445.9100036621094,284.5638732910156,618.4356079101562,285.1539611816406,354.9109191894531,923.5800170898438
2025-11-07,608.9553833007812,188.1395263671875,268.2099914550781,495.8918762207031,244.41000366210938,429.5199890136719,278.647705078125,621.203369140625,279.51763916015625,348.7626647949219,922.739990234375
2025-11-10,622.4280395507812,199.03892517089844,269.42999267578125,505.0547180175781,248.39999389648438,445.2300109863281,289.9103698730469,631.2451782226562,290.4005126953125,357.7055969238281,915.5599975585938
2025-11-11,620.7702026367188,193.1492462158203,275.25,507.7297058105469,249.10000610351562,439.6199951171875,291.11956787109375,626.5690307617188,291.5497741699219,351.287841796875,913.8599853515625
2025-11-12,620.2808227539062,193.78921508789062,273.4700012207031,510.1851501464844,244.1999969482422,430.6000061035156,286.5225830078125,608.5137329101562,287.2425842285156,354.5416259765625,914.0
2025-11-13,607.6171875,186.84959411621094,272.95001220703125,502.34979248046875,237.5800018310547,401.989990234375,278.3879089355469,609.3930053710938,278.9380187988281,339.33074951171875,925.0800170898438
2025-11-14,608.0765380859375,190.15940856933594,272.4100036621094,509.2268981933594,234.69000244140625,404.3500061035156,276.22930908203125,608.96337890625,276.7994079589844,341.80596923828125,922.97998046875
2025-11-17,602.8832397460938,186.58961486816406,267.4599914550781,506.54193115234375,232.8699951171875,408.9200134277344,284.83367919921875,601.5194091796875,285.4137878417969,341.9956359863281,912.5900268554688
2025-11-18,595.542724609375,181.3498992919922,267.44000244140625,492.8675537109375,222.5500030517578,401.25,284.09417724609375,597.2029418945312,284.7742004394531,339.8497314453125,895.0800170898438
2025-11-19,599.09814453125,186.50961303710938,268.55999755859375,486.2099914550781,222.69000244140625,403.989990234375,292.61859130859375,589.8389282226562,292.7989501953125,353.7431640625,890.5999755859375
2025-11-20,584.9163818359375,180.62994384765625,266.25,478.42999267578125,217.13999938964844,395.2300109863281,289.26080322265625,588.669921875,289.79095458984375,346.1576843261719,893.2899780273438
2025-11-21,589.3107299804688,178.8700408935547,271.489990234375,472.1199951171875,220.69000244140625,391.0899963378906,299.464111328125,593.7657470703125,299.4546203613281,339.5503234863281,899.010009765625
2025-11-24,604.3812866210938,182.5398406982422,275.9200134277344,474.0,226.27999877929688,417.7799987792969,318.3717346191406,612.5504150390625,318.2623596191406,377.2381896972656,886.1199951171875
2025-11-25,608.1065063476562,177.8101043701172,276.9700012207031,476.989990234375,229.6699981689453,419.3999938964844,323.22857666015625,635.7014770507812,323.4289855957031,384.2947082519531,894.3300170898438
2025-11-26,613.4796142578125,180.2499542236328,277.54998779296875,485.5,229.16000366210938,426.5799865722656,319.7408752441406,633.0936279296875,320.0711669921875,396.8107604980469,908.260009765625
2025-11-28,618.4531860351562,176.99014282226562,278.8500061035156,492.010009765625,233.22000122070312,430.1700134277344,319.970703125,647.4219970703125,319.9112854003906,402.1904602050781,913.5900268554688
2025-12-01,616.3758544921875,179.9099884033203,283.1000061035156,486.739990234375,233.8800048828125,430.1400146484375,314.6841735839844,640.3477172851562,314.9145202636719,385.3426818847656,911.9600219726562
2025-12-02,621.1996459960938,181.4499053955078,286.19000244140625,490.0,234.4199981689453,429.239990234375,315.6035461425781,646.5726318359375,315.8139343261719,380.84130859375,922.030029296875
2025-12-03,622.7177124023438,179.5800018310547,284.1499938964844,477.7300109863281,232.3800048828125,446.739990234375,319.42108154296875,639.0787353515625,320.41094970703125,379.88311767578125,922.260009765625
2025-12-04,622.138427734375,183.3800048828125,280.70001220703125,480.8399963378906,229.11000061035156,454.5299987792969,317.4123840332031,660.990966796875,318.18243408203125,380.3023376464844,895.8599853515625
2025-12-05,624.6751708984375,182.41000366210938,278.7799987792969,483.1600036621094,229.52999877929688,455.0,321.0599670410156,672.8712158203125,321.8799743652344,389.4947509765625,894.6799926757812
2025-12-08,623.4767456054688,185.5500030517578,277.8900146484375,491.0199890136719,226.88999938964844,439.5799865722656,313.7200012207031,666.256591796875,314.45001220703125,400.3340148925781,887.52001953125
2025-12-09,624.2457275390625,184.97000122070312,277.17999267578125,492.0199890136719,227.9199981689453,445.1700134277344,317.0799865722656,656.4246826171875,317.75,405.51409912109375,888.4400024414062
2025-12-10,626.8024291992188,183.77999877929688,278.7799987792969,478.55999755859375,231.77999877929688,451.45001220703125,320.2099914550781,649.6002197265625,321.0,412.18133544921875,874.4099731445312
2025-12-11,624.7750854492188,180.92999267578125,278.0299987792969,483.4700012207031,230.27999877929688,446.8900146484375,312.42999267578125,652.1781005859375,313.70001220703125,405.59393310546875,884.47998046875
2025-12-12,612.8304443359375,175.02000427246094,278.2799987792969,478.5299987792969,226.19000244140625,458.9599914550781,309.2900085449219,643.7050170898438,310.5199890136719,359.24261474609375,884.469970703125
2025-12-15,609.75439453125,176.2899932861328,274.1099853515625,474.82000732421875,222.5399932861328,475.30999755859375,308.2200012207031,647.510009765625,309.32000732421875,339.1610412597656,860.5599975585938
2025-12-16,610.9628295898438,177.72000122070312,274.6099853515625,476.3900146484375,222.55999755859375,489.8800048828125,306.57000732421875,657.1500244140625,307.7300109863281,340.648193359375,860.3900146484375
2025-12-17,599.6373901367188,170.94000244140625,271.8399963378906,476.1199951171875,221.27000427246094,467.260009765625,296.7200012207031,649.5,298.05999755859375,325.3973693847656,862.6500244140625
2025-12-18,608.3262329101562,174.13999938964844,272.19000244140625,483.9800109863281,226.75999450683594,483.3699951171875,302.4599914550781,664.4500122070312,303.75,329.2500305175781,857.5900268554688
2025-12-19,616.2559814453125,180.99000549316406,273.6700134277344,485.9200134277344,227.35000610351562,481.20001220703125,307.1600036621094,658.77001953125,308.6099853515625,339.7099914550781,855.6199951171875
2025-12-22,619.2100219726562,183.69000244140625,270.9700012207031,484.9200134277344,228.42999267578125,488.7300109863281,309.7799987792969,661.5,311.3299865722656,341.45001220703125,850.0
2025-12-23,622.1099853515625,189.2100067138672,272.3599853515625,486.8500061035156,232.13999938964844,485.55999755859375,314.3500061035156,664.9400024414062,315.67999267578125,349.32000732421875,854.7899780273438
2025-12-24,623.9299926757812,188.61000061035156,273.80999755859375,488.0199890136719,232.3800048828125,485.3999938964844,314.0899963378906,667.5499877929688,315.6700134277344,350.2200012207031,871.8599853515625
2025-12-26,623.8900146484375,190.52999877929688,273.3999938964844,487.7099914550781,232.52000427246094,475.19000244140625,313.510009765625,663.2899780273438,314.9599914550781,352.1300048828125,873.3499755859375
2025-12-29,620.8699951171875,188.22000122070312,273.760009765625,487.1000061035156,232.07000732421875,459.6400146484375,313.55999755859375,658.6900024414062,314.3900146484375,349.3900146484375,867.8400268554688
2025-12-30,619.4299926757812,187.5399932861328,273.0799865722656,487.4800109863281,232.52999877929688,454.42999267578125,313.8500061035156,665.9500122070312,314.54998779296875,349.8500061035156,865.6500244140625
2025-12-31,614.3099975585938,186.5,271.8599853515625,483.6199951171875,230.82000732421875,449.7200012207031,313.0,660.0900268554688,313.79998779296875,346.1000061035156,862.3400268554688
2026-01-02,613.1199951171875,188.85000610351562,271.010009765625,472.94000244140625,226.5,438.07000732421875,315.1499938964844,650.4099731445312,315.32000732421875,347.6199951171875,854.5
2026-01-05,617.989990234375,188.1199951171875,267.260009765625,472.8500061035156,233.05999755859375,451.6700134277344,316.5400085449219,658.7899780273438,317.32000732421875,343.4200134277344,875.739990234375
2026-01-06,623.4199829101562,187.24000549316406,262.3599853515625,478.510009765625,240.92999267578125,432.9599914550781,314.3399963378906,660.6199951171875,314.54998779296875,343.7699890136719,889.0999755859375
2026-01-07,624.02001953125,189.11000061035156,260.3299865722656,483.4700012207031,241.55999755859375,431.4100036621094,321.9800109863281,648.6900024414062,322.42999267578125,343.5,882.5800170898438
2026-01-08,620.469970703125,185.0399932861328,259.0400085449219,478.1099853515625,246.2899932861328,435.79998779296875,325.44000244140625,646.0599975585938,326.010009765625,332.4800109863281,915.3099975585938
2026-01-09,626.6500244140625,184.86000061035156,259.3699951171875,479.2799987792969,247.3800048828125,445.010009765625,328.57000732421875,653.0599975585938,329.1400146484375,344.9700012207031,924.8800048828125
2026-01-12,627.1699829101562,184.94000244140625,260.25,477.17999267578125,246.47000122070312,448.9599914550781,331.8599853515625,641.969970703125,332.7300109863281,352.2099914550781,943.0800170898438
2026-01-13,626.239990234375,185.80999755859375,261.04998779296875,470.6700134277344,242.60000610351562,447.20001220703125,335.9700012207031,631.0900268554688,336.42999267578125,354.6099853515625,941.9299926757812
2026-01-14,619.5499877929688,183.13999938964844,259.9599914550781,459.3800048828125,236.64999389648438,439.20001220703125,335.8399963378906,615.52001953125,336.30999755859375,339.8900146484375,950.97998046875
2026-01-15,621.780029296875,187.0500030517578,258.2099914550781,456.6600036621094,238.17999267578125,438.57000732421875,332.7799987792969,620.7999877929688,333.1600036621094,343.0199890136719,956.75
2026-01-16,621.260009765625,186.22999572753906,255.52999877929688,459.8599853515625,239.1199951171875,437.5,330.0,620.25,330.3399963378906,351.7099914550781,963.6099853515625
